suite,problem,size,ams,nvar,ncon,nnzj,nnzh,tobj,tcon,tgrad,tjac,thess,thprod,tjprod,tjtprod,tcreate,device,hostname
LV,rosenrock,20,JuMP,20,18,54,129,3.69e-7,3.44e-7,1.055e-6,2.715e-6,3.1978e-5,2.6379e-5,2.735e-6,2.753e-6,0.004660666,CPU-reference,shin-compute-000
LV,rosenrock,2000,JuMP,2000,1998,5994,13989,1.841e-6,2.1279e-5,6.8681e-5,0.000439662,0.003895202,0.003066758,0.000436764,0.000439595,0.518367466,CPU-reference,shin-compute-000
LV,rosenrock,200000,JuMP,200000,199998,599994,1399989,0.000151506,0.006633764,0.010217893,0.116828331,0.651719478,0.451730769,0.117317669,0.118819447,69.428151264,CPU-reference,shin-compute-000
LV,wood,20,JuMP,20,13,39,78,3.6e-7,3.31e-7,1.64e-6,1.609e-6,2.4965e-5,2.2564e-5,1.625e-6,1.617e-6,0.00174944,CPU-reference,shin-compute-000
LV,wood,2000,JuMP,2000,1993,5979,9978,1.857e-6,1.1851e-5,0.000137066,0.000349204,0.003339389,0.002877481,0.000346316,0.0003528,0.230954725,CPU-reference,shin-compute-000
LV,wood,200000,JuMP,200000,199993,599979,999978,0.000146094,0.006339921,0.020302615,0.089911905,0.500756622,0.398637063,0.092160772,0.086711747,38.280660755,CPU-reference,shin-compute-000
LV,chained_powell,20,JuMP,20,2,4,54,3.6e-7,2.99e-7,1.141e-6,5.07e-7,1.2233e-5,1.124e-5,5.12e-7,5.1e-7,0.000758367,CPU-reference,shin-compute-000
LV,chained_powell,2000,JuMP,2000,2,4,5004,1.84e-6,1.784e-6,8.1256e-5,2.015e-6,0.001101698,0.001100244,2.013e-6,2.527e-6,0.048048617,CPU-reference,shin-compute-000
LV,chained_powell,200000,JuMP,200000,2,4,500004,0.000145513,0.000145462,0.011446803,0.000146053,0.136205042,0.131536804,0.000146021,0.000209906,7.791527704,CPU-reference,shin-compute-000
LV,cragg_levy,20,JuMP,20,18,54,111,3.58e-7,3.41e-7,1.009e-6,2.285e-6,2.8845e-5,2.3342e-5,2.311e-6,2.309e-6,0.00239628,CPU-reference,shin-compute-000
LV,cragg_levy,2000,JuMP,2000,1998,5994,11991,1.84e-6,1.8044e-5,6.7097e-5,0.000374778,0.003488671,0.002691802,0.000374531,0.00037699,0.257461915,CPU-reference,shin-compute-000
LV,cragg_levy,200000,JuMP,200000,199998,599994,1199991,0.000146173,0.006852841,0.009480649,0.105236569,0.560085831,0.365522144,0.10660486,0.104757022,41.584453227,CPU-reference,shin-compute-000
LV,broyden_tridiagonal,20,JuMP,20,16,80,137,3.48e-7,3.3e-7,1.139e-6,2.503e-6,3.3879e-5,2.8485e-5,2.547e-6,2.533e-6,0.003185578,CPU-reference,shin-compute-000
LV,broyden_tridiagonal,2000,JuMP,2000,1996,9980,15977,1.849e-6,2.2473e-5,7.4541e-5,0.00043736,0.004269792,0.0033616,0.000438736,0.000439581,0.373620486,CPU-reference,shin-compute-000
LV,broyden_tridiagonal,200000,JuMP,200000,199996,999980,1599977,0.00014553,0.007459254,0.011352135,0.114588796,0.702479425,0.486085699,0.118305747,0.113819681,57.49123828,CPU-reference,shin-compute-000
LV,trigo_tridiagonal,20,JuMP,20,4,14,35,3.61e-7,4.06e-7,7.96e-7,1.388e-6,9.564e-6,8.945e-6,7.63e-7,3.985e-6,0.001191078,CPU-reference,shin-compute-000
LV,trigo_tridiagonal,2000,JuMP,2000,4,14,2015,1.83e-6,1.905e-6,4.5141e-5,2.927e-6,0.000644079,0.000703714,2.302e-6,1.1422e-5,0.086950013,CPU-reference,shin-compute-000
LV,trigo_tridiagonal,200000,JuMP,200000,4,14,200015,0.000152173,0.000152484,0.006402986,0.000153919,0.071911665,0.080462853,0.000153061,0.000794259,12.376234483,CPU-reference,shin-compute-000
LV,augmented_lagrangian,20,JuMP,20,18,54,78,3.51e-7,3.39e-7,8.26e-7,1.941e-6,1.8719e-5,1.4849e-5,1.973e-6,1.977e-6,0.002879624,CPU-reference,shin-compute-000
LV,augmented_lagrangian,2000,JuMP,2000,1998,5994,7998,1.837e-6,1.3701e-5,4.2873e-5,0.000319386,0.002139191,0.00161838,0.000332218,0.000314776,0.302224086,CPU-reference,shin-compute-000
LV,augmented_lagrangian,200000,JuMP,200000,199998,599994,799998,0.000145517,0.006615139,0.005997677,0.088199778,0.346653483,0.236828329,0.091201479,0.087202907,40.374199518,CPU-reference,shin-compute-000
LV,modified_brown,20,JuMP,20,6,30,61,3.62e-7,4.16e-7,7.72e-7,2.031e-6,1.1268e-5,9.193e-6,1.163e-6,4.407e-6,0.001172576,CPU-reference,shin-compute-000
LV,modified_brown,2000,JuMP,2000,6,30,3031,1.846e-6,1.917e-6,3.656e-5,3.562e-6,0.000471241,0.000436672,2.685e-6,1.4689e-5,0.021842694,CPU-reference,shin-compute-000
LV,modified_brown,200000,JuMP,200000,6,30,300031,0.000145558,0.000145833,0.005152013,0.000148307,0.055143443,0.051155632,0.000147187,0.001079612,3.843714835,CPU-reference,shin-compute-000
LV,generalized_brown,20,JuMP,20,18,54,48,3.63e-7,1.772e-6,7.37e-7,1.6338e-5,4.91e-6,4.258e-6,1.768e-6,5.8393e-5,0.000518612,CPU-reference,shin-compute-000
LV,generalized_brown,2000,JuMP,2000,1998,5994,4998,1.838e-6,0.000202257,3.372e-5,0.001965952,0.000483185,0.000382023,0.000203884,0.022245527,0.049305155,CPU-reference,shin-compute-000
LV,generalized_brown,200000,JuMP,200000,199998,599994,499998,0.000150002,0.059739612,0.004644228,0.252092311,0.071514298,0.045719146,0.064726313,158.520343209,8.866611757,CPU-reference,shin-compute-000
LV,chained_hs46,20,JuMP,20,11,33,69,3.64e-7,3.24e-7,7.38e-7,1.233e-6,1.3473e-5,9.888e-6,1.255e-6,1.257e-6,0.001368641,CPU-reference,shin-compute-000
LV,chained_hs46,2000,JuMP,2000,1331,3993,7989,1.838e-6,8.044e-6,3.652e-5,0.000220585,0.001759862,0.001170535,0.00021933,0.00022136,0.15347158,CPU-reference,shin-compute-000
LV,chained_hs46,200000,JuMP,200000,133331,399993,799989,0.000145429,0.003751594,0.004933482,0.062482354,0.283100781,0.164195824,0.062379805,0.060972937,20.212924816,CPU-reference,shin-compute-000
LV,chained_hs47,20,JuMP,20,11,30,48,3.28e-7,1.134e-6,1.869e-6,4.937e-6,2.14e-7,2.14e-7,1.127e-6,3.5493e-5,0.000194292,CPU-reference,shin-compute-000
LV,chained_hs47,2000,JuMP,2000,1496,3990,5988,1.1733e-5,0.000155122,1.0143e-5,0.000684419,2.0343e-5,6.473e-6,0.000157519,0.011547316,0.019803329,CPU-reference,shin-compute-000
LV,chained_hs47,200000,JuMP,200000,149996,399990,599988,0.001152548,0.033133282,0.000839359,0.095815454,0.013003755,0.000684497,0.035673531,68.117162667,3.098054773,CPU-reference,shin-compute-000
LV,chained_hs48,20,JuMP,20,12,48,44,3.16e-7,1.223e-6,1.945e-6,1.0941e-5,2.23e-7,2.09e-7,1.207e-6,3.8934e-5,0.000226185,CPU-reference,shin-compute-000
LV,chained_hs48,2000,JuMP,2000,1332,5328,4664,1.0793e-5,0.000139707,0.000117475,0.001309784,1.7685e-5,5.232e-6,0.000146088,0.014404198,0.021372956,CPU-reference,shin-compute-000
LV,chained_hs48,200000,JuMP,200000,133332,533328,466664,0.001066704,0.026142264,0.01322066,0.152306871,0.009706715,0.000561742,0.027222787,102.41943237,3.060264682,CPU-reference,shin-compute-000
LV,chained_hs49,20,JuMP,20,12,36,38,3.7e-7,1.231e-6,7.46e-7,8.026e-6,6.047e-6,5.286e-6,1.203e-6,3.8752e-5,0.000383772,CPU-reference,shin-compute-000
LV,chained_hs49,2000,JuMP,2000,1332,3996,3998,1.856e-6,0.000136722,3.6547e-5,0.000951522,0.00061512,0.000535754,0.000139116,0.013329452,0.035073194,CPU-reference,shin-compute-000
LV,chained_hs49,200000,JuMP,200000,133332,399996,399998,0.000150106,0.036731705,0.004886279,0.130536754,0.080764495,0.062056458,0.037095258,91.537803983,6.707812425,CPU-reference,shin-compute-000
LV,chained_hs50,20,JuMP,20,11,33,48,3.27e-7,1.117e-6,1.853e-6,6.39e-6,2.13e-7,2.14e-7,1.124e-6,3.5592e-5,0.000215047,CPU-reference,shin-compute-000
LV,chained_hs50,2000,JuMP,2000,1496,4488,5988,1.1734e-5,0.000161984,1.0175e-5,0.000935831,2.0624e-5,6.466e-6,0.000162381,0.014058139,0.022476667,CPU-reference,shin-compute-000
LV,chained_hs50,200000,JuMP,200000,149996,449988,599988,0.001151885,0.034179762,0.00084311,0.1290384,0.01365433,0.000683478,0.032566678,93.287145861,3.911506338,CPU-reference,shin-compute-000
LV,chained_hs51,20,JuMP,20,11,26,36,3.56e-7,1.102e-6,7.21e-7,5.546e-6,4.908e-6,4.251e-6,1.109e-6,3.5549e-5,0.000313473,CPU-reference,shin-compute-000
LV,chained_hs51,2000,JuMP,2000,1496,3491,4491,1.85e-6,0.000160728,4.0082e-5,0.000787812,0.00056435,0.000471845,0.00016914,0.013662538,0.030397095,CPU-reference,shin-compute-000
LV,chained_hs51,200000,JuMP,200000,149996,349991,449991,0.000162388,0.024546767,0.005714996,0.098215416,0.073171319,0.056088877,0.025360606,89.335912933,5.842997036,CPU-reference,shin-compute-000
LV,chained_hs52,20,JuMP,20,11,26,36,3.62e-7,1.148e-6,6.81e-7,5.604e-6,4.495e-6,3.817e-6,1.103e-6,3.5485e-5,0.000297991,CPU-reference,shin-compute-000
LV,chained_hs52,2000,JuMP,2000,1496,3491,4491,1.852e-6,0.000148767,3.4363e-5,0.000778858,0.000514294,0.000416351,0.000149417,0.013628715,0.029113881,CPU-reference,shin-compute-000
LV,chained_hs52,200000,JuMP,200000,149996,349991,449991,0.000153052,0.024491437,0.004869288,0.096195819,0.066674258,0.049409266,0.025185306,89.3011934,5.682351202,CPU-reference,shin-compute-000
LV,chained_hs53,20,JuMP,20,11,26,36,3.59e-7,1.125e-6,7.2e-7,5.633e-6,5.005e-6,4.293e-6,1.102e-6,3.5569e-5,0.000303792,CPU-reference,shin-compute-000
LV,chained_hs53,2000,JuMP,2000,1496,3491,4491,1.855e-6,0.000150713,4.008e-5,0.000784997,0.000578554,0.000480724,0.000151072,0.01364463,0.029820658,CPU-reference,shin-compute-000
LV,chained_hs53,200000,JuMP,200000,149996,349991,449991,0.000151804,0.02330443,0.005698889,0.093070705,0.073359725,0.056990976,0.024003078,89.253084874,5.79994051,CPU-reference,shin-compute-000
LV,rosenrock,20,AMPL,20,18,54,39,2.502e-6,8.832e-6,1.818e-6,1.1591e-5,3.0624e-5,9.877e-6,1.0685e-5,1.3758e-5,0.000413011,CPU-reference,shin-compute-000
LV,rosenrock,2000,AMPL,2000,1998,5994,3999,0.000280598,0.001272745,0.000338528,0.001651735,0.003951749,0.001243898,0.001789479,0.001788671,0.051649767,CPU-reference,shin-compute-000
LV,rosenrock,200000,AMPL,200000,199998,599994,399999,0.038917627,0.213618384,0.093167134,0.286637473,0.593240103,0.212355936,0.315172965,0.3014535,52.283434611,CPU-reference,shin-compute-000
LV,wood,20,AMPL,20,18,54,39,2.503e-6,8.784e-6,1.828e-6,1.1539e-5,3.0644e-5,9.885e-6,1.3648e-5,1.3657e-5,0.000414461,CPU-reference,shin-compute-000
LV,wood,2000,AMPL,2000,1998,5994,3999,0.000280967,0.001275955,0.000341836,0.001662568,0.003959648,0.00125388,0.00175598,0.001795865,0.051719562,CPU-reference,shin-compute-000
LV,chained_powell,20,AMPL,20,18,54,39,2.519e-6,8.806e-6,1.814e-6,1.1566e-5,3.0601e-5,9.863e-6,1.3657e-5,1.3669e-5,0.000414187,CPU-reference,shin-compute-000
LV,chained_powell,2000,AMPL,2000,1998,5994,3999,0.000281332,0.00127238,0.000341494,0.001653209,0.003949736,0.001244573,0.001788114,0.001786495,0.051700741,CPU-reference,shin-compute-000
LV,chained_powell,200000,AMPL,200000,199998,599994,399999,0.039408682,0.213361671,0.090952041,0.287293656,0.596567085,0.209467393,0.316651667,0.301635741,52.243088082,CPU-reference,shin-compute-000
LV,cragg_levy,20,AMPL,20,18,54,39,2.5e-6,8.799e-6,1.813e-6,1.1578e-5,3.0609e-5,9.872e-6,1.3763e-5,1.3767e-5,0.000414193,CPU-reference,shin-compute-000
LV,cragg_levy,2000,AMPL,2000,1998,5994,3999,0.000281303,0.00127791,0.000339739,0.001654852,0.003953356,0.001247853,0.001791371,0.001788724,0.051599225,CPU-reference,shin-compute-000
LV,cragg_levy,200000,AMPL,200000,199998,599994,399999,0.039248099,0.213686433,0.092338407,0.28694219,0.594308168,0.211470957,0.32107453,0.301618651,52.276358231,CPU-reference,shin-compute-000
LV,broyden_tridiagonal,20,AMPL,20,18,54,39,2.508e-6,8.799e-6,1.846e-6,1.1649e-5,3.0584e-5,9.846e-6,1.3776e-5,1.3765e-5,0.000412578,CPU-reference,shin-compute-000
LV,broyden_tridiagonal,2000,AMPL,2000,1998,5994,3999,0.000281025,0.001275429,0.000341349,0.001654635,0.003955718,0.001247912,0.001792468,0.001790356,0.051682411,CPU-reference,shin-compute-000
LV,broyden_tridiagonal,200000,AMPL,200000,199998,599994,399999,0.039239364,0.214051939,0.093037805,0.286377409,0.595997908,0.211136571,0.316736948,0.302358283,52.285137545,CPU-reference,shin-compute-000
LV,broyden_banded,20,AMPL,20,18,54,39,2.501e-6,8.785e-6,1.821e-6,1.1553e-5,3.0613e-5,9.777e-6,1.3703e-5,1.3724e-5,0.000414498,CPU-reference,shin-compute-000
LV,broyden_banded,2000,AMPL,2000,1998,5994,3999,0.000281421,0.001285307,0.00034109,0.001668801,0.003967329,0.001251778,0.00180236,0.001800378,0.051598519,CPU-reference,shin-compute-000
LV,broyden_banded,200000,AMPL,200000,199998,599994,399999,0.039233737,0.213333256,0.090903607,0.286269026,0.594526322,0.211586841,0.316999302,0.301764572,52.262213836,CPU-reference,shin-compute-000
LV,trigo_tridiagonal,20,AMPL,20,18,54,39,2.508e-6,8.783e-6,1.813e-6,1.1587e-5,3.0648e-5,9.854e-6,1.3693e-5,1.3706e-5,0.000413762,CPU-reference,shin-compute-000
LV,trigo_tridiagonal,2000,AMPL,2000,1998,5994,3999,0.000280887,0.0012849,0.00034192,0.001667095,0.00397146,0.001251124,0.001806958,0.001802423,0.051667442,CPU-reference,shin-compute-000
LV,trigo_tridiagonal,200000,AMPL,200000,199998,599994,399999,0.039287927,0.213002575,0.091319662,0.287748872,0.596331193,0.21263015,0.316482665,0.301822004,52.295524225,CPU-reference,shin-compute-000
LV,augmented_lagrangian,20,AMPL,20,18,54,39,2.516e-6,8.842e-6,1.817e-6,1.1642e-5,3.0592e-5,9.832e-6,1.3786e-5,1.3787e-5,0.000414126,CPU-reference,shin-compute-000
LV,augmented_lagrangian,2000,AMPL,2000,1998,5994,3999,0.000281051,0.001277956,0.000340552,0.001663859,0.003961314,0.001249816,0.00179273,0.001792503,0.05184536,CPU-reference,shin-compute-000
LV,augmented_lagrangian,200000,AMPL,200000,199998,599994,399999,0.039603215,0.21607119,0.091810807,0.289766932,0.59819192,0.216265914,0.317825774,0.30293676,52.386646115,CPU-reference,shin-compute-000
LV,modified_brown,20,AMPL,20,18,54,39,2.52e-6,8.834e-6,1.856e-6,1.1659e-5,3.0616e-5,9.855e-6,1.376e-5,1.3774e-5,0.000411677,CPU-reference,shin-compute-000
LV,modified_brown,2000,AMPL,2000,1998,5994,3999,0.000280027,0.001267393,0.000342945,0.001653452,0.003951815,0.001247153,0.001785455,0.001783022,0.051909904,CPU-reference,shin-compute-000
LV,modified_brown,200000,AMPL,200000,199998,599994,399999,0.03949691,0.216783327,0.091256124,0.289429303,0.597726576,0.214313225,0.321249105,0.303346531,52.292484579,CPU-reference,shin-compute-000
LV,generalized_brown,20,AMPL,20,18,54,39,2.518e-6,8.821e-6,1.816e-6,1.1592e-5,3.0692e-5,9.817e-6,1.3746e-5,1.3727e-5,0.000414077,CPU-reference,shin-compute-000
LV,generalized_brown,2000,AMPL,2000,1998,5994,3999,0.000279404,0.001276094,0.00034133,0.00166076,0.003962625,0.001251342,0.0017964,0.001792076,0.051778295,CPU-reference,shin-compute-000
LV,generalized_brown,200000,AMPL,200000,199998,599994,399999,0.039411625,0.216083423,0.09169427,0.287529362,0.598622123,0.215006066,0.320793099,0.302398968,52.288253686,CPU-reference,shin-compute-000
LV,chained_hs46,20,AMPL,20,18,54,39,2.503e-6,8.812e-6,1.822e-6,1.1613e-5,3.063e-5,9.888e-6,1.3781e-5,1.3771e-5,0.000414585,CPU-reference,shin-compute-000
LV,chained_hs46,2000,AMPL,2000,1998,5994,3999,0.000280872,0.001277086,0.000344099,0.001657678,0.003955686,0.001246296,0.001789766,0.001787534,0.051662403,CPU-reference,shin-compute-000
LV,chained_hs46,200000,AMPL,200000,199998,599994,399999,0.039489849,0.215516825,0.091299643,0.288698076,0.598135279,0.216610171,0.320601285,0.302033006,52.276892884,CPU-reference,shin-compute-000
LV,chained_hs47,20,AMPL,20,18,54,39,2.51e-6,8.806e-6,1.824e-6,1.1627e-5,3.0587e-5,9.837e-6,1.3721e-5,1.3716e-5,0.000409298,CPU-reference,shin-compute-000
LV,chained_hs47,2000,AMPL,2000,1998,5994,3999,0.000280724,0.001284673,0.000345039,0.001669182,0.003969874,0.001253956,0.00180277,0.001801568,0.051868844,CPU-reference,shin-compute-000
LV,chained_hs47,200000,AMPL,200000,199998,599994,399999,0.040172754,0.22046748,0.093741226,0.294507912,0.609259195,0.218810285,0.329470347,0.310540219,52.463902997,CPU-reference,shin-compute-000
LV,chained_hs48,20,AMPL,20,18,54,39,2.508e-6,8.791e-6,1.831e-6,1.1595e-5,3.0652e-5,9.833e-6,1.3717e-5,1.3694e-5,0.000412805,CPU-reference,shin-compute-000
LV,chained_hs48,2000,AMPL,2000,1998,5994,3999,0.000117893,0.001326608,0.000359956,0.001736348,0.004049626,0.001278814,0.001858484,0.001858005,0.052727359,CPU-reference,shin-compute-000
LV,chained_hs48,200000,AMPL,200000,199998,599994,399999,0.039957671,0.217507639,0.094380907,0.291402999,0.603476545,0.216540996,0.321198899,0.306774616,52.404549132,CPU-reference,shin-compute-000
LV,chained_hs49,20,AMPL,20,18,54,39,2.508e-6,8.826e-6,1.833e-6,1.1607e-5,3.0531e-5,9.867e-6,1.3729e-5,1.3713e-5,0.00041281,CPU-reference,shin-compute-000
LV,chained_hs49,2000,AMPL,2000,1998,5994,3999,0.00028556,0.001326849,0.000360963,0.001737966,0.004058867,0.001280349,0.001873832,0.00187,0.051901441,CPU-reference,shin-compute-000
LV,chained_hs49,200000,AMPL,200000,199998,599994,399999,0.040323557,0.217414254,0.095211667,0.291992686,0.602562751,0.213792227,0.32121922,0.305657398,52.395285162,CPU-reference,shin-compute-000
LV,chained_hs50,20,AMPL,20,18,54,39,2.513e-6,8.844e-6,1.828e-6,1.1591e-5,3.0627e-5,9.859e-6,1.3703e-5,1.3694e-5,0.000410611,CPU-reference,shin-compute-000
LV,chained_hs50,2000,AMPL,2000,1998,5994,3999,0.00028604,0.001310673,0.000362243,0.00171782,0.004041826,0.001279067,0.001852046,0.001850462,0.051748089,CPU-reference,shin-compute-000
LV,chained_hs50,200000,AMPL,200000,199998,599994,399999,0.040609231,0.21894685,0.097012258,0.294287976,0.606460084,0.221662988,0.3264615,0.307788604,52.393240688,CPU-reference,shin-compute-000
LV,chained_hs51,20,AMPL,20,18,54,39,2.525e-6,8.802e-6,1.832e-6,1.1569e-5,3.0598e-5,9.88e-6,1.3762e-5,1.3737e-5,0.00041136,CPU-reference,shin-compute-000
LV,chained_hs51,2000,AMPL,2000,1998,5994,3999,0.000284109,0.001315728,0.000358825,0.001723235,0.004047661,0.001279938,0.001852691,0.001851047,0.052791679,CPU-reference,shin-compute-000
LV,chained_hs51,200000,AMPL,200000,199998,599994,399999,0.040590393,0.218469859,0.096560694,0.295041651,0.606575688,0.220956761,0.323027964,0.308439269,52.416077965,CPU-reference,shin-compute-000
LV,chained_hs52,20,AMPL,20,18,54,39,2.505e-6,8.767e-6,1.829e-6,1.1599e-5,3.0628e-5,9.865e-6,1.3747e-5,1.3751e-5,0.000414797,CPU-reference,shin-compute-000
LV,chained_hs52,2000,AMPL,2000,1998,5994,3999,0.000284231,0.001323113,0.0003577,0.001736574,0.004057725,0.00128571,0.00187238,0.001872586,0.052522985,CPU-reference,shin-compute-000
LV,chained_hs52,200000,AMPL,200000,199998,599994,399999,0.040428931,0.219046165,0.096362736,0.294734208,0.607077974,0.221926734,0.325589035,0.308146765,52.359810767,CPU-reference,shin-compute-000
LV,chained_hs53,20,AMPL,20,18,54,39,2.507e-6,8.796e-6,1.821e-6,1.1577e-5,3.0619e-5,9.815e-6,1.3709e-5,1.3686e-5,0.00041296,CPU-reference,shin-compute-000
LV,chained_hs53,2000,AMPL,2000,1998,5994,3999,0.00026592,0.001311429,0.000357953,0.001718799,0.004042143,0.001276993,0.001856415,0.001849574,0.052373657,CPU-reference,shin-compute-000
LV,chained_hs53,200000,AMPL,200000,199998,599994,399999,0.040436527,0.218575903,0.093757226,0.29382952,0.602547249,0.217876599,0.321481382,0.306636085,52.477858974,CPU-reference,shin-compute-000
COPS,bearing,"(5, 5)",JuMP,49,28,28,133,6.45e-7,1.31e-7,2.367e-6,1.02e-7,1.34e-7,3.67e-7,1.28e-7,1.28e-7,0.000786529,CPU-reference,shin-compute-000
COPS,bearing,"(35, 35)",JuMP,1369,148,148,4033,1.377e-5,2.68e-7,8.2683e-5,1.06e-7,1.041e-6,6.963e-6,3.15e-7,3.22e-7,0.022919825,CPU-reference,shin-compute-000
COPS,bearing,"(320, 320)",JuMP,103684,1288,1288,310408,0.001049919,1.897e-6,0.007985671,2.08e-7,0.000203152,0.000772832,2.454e-6,2.1796e-5,2.887239692,CPU-reference,shin-compute-000
COPS,camshape,20,JuMP,20,43,100,57,2.36e-7,2.245e-6,1.854e-6,5.612e-6,3.44e-7,1.41e-7,2.247e-6,6.7102e-5,0.00036088,CPU-reference,shin-compute-000
COPS,camshape,2000,JuMP,2000,4003,10000,5997,3.125e-6,0.00021039,0.000114219,0.000477451,3.7203e-5,2.32e-7,0.000221824,0.00940275,0.02878028,CPU-reference,shin-compute-000
COPS,camshape,170000,JuMP,170000,340003,850000,509997,0.000244003,0.02973359,0.011735216,0.05534322,0.014616979,4.9164e-5,0.031306715,21.887016906,3.366134619,CPU-reference,shin-compute-000
COPS,catmix,3,JuMP,71,62,266,36,2.45e-7,2.124e-6,2.021e-6,1.0152e-5,2.95e-7,1.71e-7,2.141e-6,6.1601e-5,0.000600865,CPU-reference,shin-compute-000
COPS,catmix,200,JuMP,4602,4002,17602,2400,2.43e-7,0.000140281,1.8363e-5,0.000739598,1.3485e-5,1.333e-6,0.000144424,0.022061354,0.036033842,CPU-reference,shin-compute-000
COPS,catmix,20000,JuMP,460002,400002,1760002,240000,2.43e-7,0.030936216,0.001655152,0.097981049,0.009626049,0.000139822,0.032212784,180.736961034,5.805193316,CPU-reference,shin-compute-000
COPS,chain,50,JuMP,48,38,159,88,2.3e-7,4.61e-7,1.863e-6,2.71e-6,1.9313e-5,1.38e-7,2.873e-6,2.835e-6,0.002952359,CPU-reference,shin-compute-000
COPS,chain,5000,JuMP,5000,3752,17491,9992,2.3e-7,3.8133e-5,1.7093e-5,0.000492272,0.002493392,1.461e-6,0.000494129,0.000496655,0.326590092,CPU-reference,shin-compute-000
COPS,chain,500000,JuMP,500000,375002,1749991,999992,2.31e-7,0.011088819,0.00153854,0.132324599,0.425141784,0.000153038,0.127821329,0.130288281,43.2247672,CPU-reference,shin-compute-000
COPS,channel,5,JuMP,200,200,1377,40,2.27e-7,4.031e-6,1.931e-6,2.4237e-5,3.27e-7,1.51e-7,4.071e-6,8.2462e-5,0.001738564,CPU-reference,shin-compute-000
COPS,channel,400,JuMP,16000,16000,111187,3200,2.26e-7,0.000339515,1.9079e-5,0.002223139,1.7779e-5,4.714e-6,0.00035275,0.118128101,0.138035641,CPU-reference,shin-compute-000
COPS,channel,42000,JuMP,1680000,1680000,11675987,336000,2.28e-7,0.081724226,0.00182149,0.295196075,0.014068866,0.000550988,0.086031818,1243.571873141,23.205702593,CPU-reference,shin-compute-000
COPS,dirichlet,5,JuMP,3718,1483,10504,19753,2.28e-7,3.3394e-5,1.2466e-5,0.000857162,0.021708766,3.2e-7,0.000712312,0.000747258,1.886652968,CPU-reference,shin-compute-000
COPS,dirichlet,20,JuMP,11683,2743,35644,74233,2.28e-7,0.00011323,3.5334e-5,0.004409127,0.089795163,3.47e-6,0.003775633,0.004028577,8.974616322,CPU-reference,shin-compute-000
COPS,dirichlet,100,JuMP,54163,9463,169724,364793,2.27e-7,0.000552285,0.000157001,0.025113729,0.451119487,1.5731e-5,0.022148866,0.026425977,47.097944838,CPU-reference,shin-compute-000
COPS,elec,5,JuMP,15,5,15,135,3.55e-7,5.62e-7,1.076e-6,1.033e-6,3.4368e-5,9.068e-6,5.54e-7,1.5903e-5,0.000620663,CPU-reference,shin-compute-000
COPS,elec,50,JuMP,150,50,150,11475,4.65e-7,4.991e-6,8.185e-5,1.0052e-5,0.030511422,0.00108472,4.883e-6,0.000163656,0.071144823,CPU-reference,shin-compute-000
COPS,elec,200,JuMP,600,200,600,180900,7.83e-7,2.0739e-5,0.001344566,4.0184e-5,2.406191161,0.023449194,2.0239e-5,0.000720229,2.184852569,CPU-reference,shin-compute-000
COPS,gasoil,2,JuMP,55,52,262,148,4.08e-7,6.68e-7,2.261e-6,1.743e-6,1.0492e-5,2.53e-7,2.084e-6,2.032e-6,0.002020858,CPU-reference,shin-compute-000
COPS,gasoil,200,JuMP,5203,5200,27190,9402,2.25e-6,4.9189e-5,8.6005e-5,0.000282226,0.001258973,2.3e-6,0.000302325,0.000299166,0.123299078,CPU-reference,shin-compute-000
COPS,gasoil,18000,JuMP,468003,468000,2447990,792602,2.301e-6,0.009697654,0.005609905,0.068427232,0.20616353,0.000139768,0.074324952,0.070895541,16.808823435,CPU-reference,shin-compute-000
COPS,glider,2,JuMP,16,15,63,124,2.28e-7,7.35e-7,1.77e-6,6.223e-6,3.7061e-5,1.4e-7,3.84e-6,1.6426e-5,0.005468914,CPU-reference,shin-compute-000
COPS,glider,80,JuMP,406,327,2247,4960,2.29e-7,1.7123e-5,3.13e-6,0.000247581,0.001564246,1.65e-7,0.00015218,0.000846812,0.208406972,CPU-reference,shin-compute-000
COPS,glider,8000,JuMP,40006,32007,224007,496000,2.2e-7,0.002263099,0.000139397,0.038874718,0.212769881,1.1561e-5,0.026967459,2.035034446,26.52194297,CPU-reference,shin-compute-000
COPS,marine,2,JuMP,79,56,194,92,3.91e-7,1.827e-6,2.502e-6,7.523e-6,2.78e-7,2.3e-7,1.914e-6,5.4599e-5,0.001196378,CPU-reference,shin-compute-000
COPS,marine,150,JuMP,4815,4792,16326,3644,1.578e-6,0.000137829,9.8501e-5,0.000595937,1.5326e-5,1.657e-6,0.000147388,0.019916676,0.032056202,CPU-reference,shin-compute-000
COPS,marine,14000,JuMP,448015,447992,1525976,308184,1.038e-6,0.0221464,0.005304721,0.067873159,0.007821696,0.000132676,0.023970864,140.512108493,3.941795077,CPU-reference,shin-compute-000
COPS,methanol,2,JuMP,65,60,312,378,4.11e-7,6.36e-7,2.363e-6,2.647e-6,2.1342e-5,2.59e-7,2.981e-6,2.917e-6,0.003134787,CPU-reference,shin-compute-000
COPS,methanol,50,JuMP,1505,1500,8088,8403,1.772e-6,9.393e-6,2.5688e-5,7.1812e-5,0.000750148,9.55e-7,8.2204e-5,8.0805e-5,0.060106774,CPU-reference,shin-compute-000
COPS,methanol,4000,JuMP,120005,120000,647988,636483,1.948e-6,0.001459848,0.001449454,0.018849081,0.112045814,3.1679e-5,0.01935669,0.019339654,6.593672401,CPU-reference,shin-compute-000
COPS,minsurf,"(5, 5)",JuMP,49,102,102,169,3.86e-7,2.09e-7,4.207e-6,9.3e-8,6.8736e-5,6.8912e-5,2.65e-7,2.09e-7,0.002709938,CPU-reference,shin-compute-000
COPS,minsurf,"(30, 30)",JuMP,1024,1476,1476,3969,1.1e-6,1.859e-6,0.000101071,2.23e-7,0.001914585,0.001841366,2.502e-6,1.816e-6,0.064097256,CPU-reference,shin-compute-000
COPS,minsurf,"(280, 280)",JuMP,79524,100816,100816,316969,5.9253e-5,0.000190759,0.012370114,5.7644e-5,0.178398932,0.178913446,0.000261183,0.000183851,8.540923271,CPU-reference,shin-compute-000
COPS,pinene,2,JuMP,105,100,438,160,5.49e-7,3.583e-6,2.843e-6,1.3535e-5,3.99e-7,3.2e-7,3.668e-6,0.000104283,0.001240309,CPU-reference,shin-compute-000
COPS,pinene,100,JuMP,5005,5000,22880,3400,1.614e-6,0.000178155,7.3905e-5,0.000737162,1.8835e-5,1.968e-6,0.00019009,0.025713529,0.036473659,CPU-reference,shin-compute-000
COPS,pinene,10000,JuMP,500005,500000,2289980,300400,1.644e-6,0.03776033,0.005882768,0.097380625,0.012625889,0.000149171,0.040066271,211.499492299,5.384786472,CPU-reference,shin-compute-000
COPS,polygon,10,JuMP,10,16,50,131,3.57e-7,3.53e-7,4.87e-7,1.328e-6,1.2372e-5,7.49e-6,1.362e-6,1.344e-6,0.00130561,CPU-reference,shin-compute-000
COPS,polygon,100,JuMP,100,1276,5000,12596,4.31e-7,1.0434e-5,1.555e-6,0.000220184,0.001622857,0.000805436,0.000223408,0.000222163,0.129040686,CPU-reference,shin-compute-000
COPS,polygon,800,JuMP,800,80201,320000,800796,9.34e-7,0.001780797,9.741e-6,0.036913486,0.204534949,0.080672524,0.043284787,0.036722658,10.909196842,CPU-reference,shin-compute-000
COPS,robot,2,JuMP,28,24,84,76,2.3e-7,1.157e-6,1.807e-6,6.493e-6,7.329e-6,1.41e-7,1.803e-6,2.7215e-5,0.00152557,CPU-reference,shin-compute-000
COPS,robot,150,JuMP,1360,912,5412,5700,2.28e-7,6.0218e-5,5.657e-6,0.000498606,0.000608494,2.04e-7,0.000131339,0.004500235,0.096587603,CPU-reference,shin-compute-000
COPS,robot,15000,JuMP,135010,90012,540012,570000,2.27e-7,0.009313534,0.00038908,0.074046029,0.122965547,3.2409e-5,0.030404702,24.93503546,11.967770628,CPU-reference,shin-compute-000
COPS,rocket,2,JuMP,13,10,42,58,2.28e-7,7.25e-7,1.745e-6,3.486e-6,4.577e-6,1.4e-7,1.14e-6,1.3631e-5,0.001049925,CPU-reference,shin-compute-000
COPS,rocket,200,JuMP,805,604,3804,5800,2.28e-7,4.0686e-5,4.489e-6,0.000336134,0.000511081,1.71e-7,8.7874e-5,0.002341205,0.085222358,CPU-reference,shin-compute-000
COPS,rocket,17000,JuMP,68005,51004,323004,493000,2.28e-7,0.009942792,0.000233176,0.0509825,0.086029877,1.8958e-5,0.023582288,7.398021171,8.751649304,CPU-reference,shin-compute-000
COPS,steering,5,JuMP,31,28,108,70,2.28e-7,1.362e-6,1.821e-6,8.385e-6,8.169e-6,1.41e-7,2.348e-6,3.4196e-5,0.001625361,CPU-reference,shin-compute-000
COPS,steering,400,JuMP,2006,1608,8008,5600,2.22e-7,9.4364e-5,7.518e-6,0.000750268,0.000745059,2.23e-7,0.000238784,0.007797674,0.118506514,CPU-reference,shin-compute-000
COPS,steering,42000,JuMP,210006,168008,840008,588000,2.3e-7,0.021189818,0.000604401,0.122217917,0.182945166,5.9534e-5,0.066325864,55.999648008,16.409940127,CPU-reference,shin-compute-000
COPS,torsion,"(5, 5)",JuMP,49,49,49,133,6.57e-7,1.63e-7,2.389e-6,9.8e-8,1.34e-7,3.7e-7,1.68e-7,1.51e-7,0.000858098,CPU-reference,shin-compute-000
COPS,torsion,"(35, 35)",JuMP,1369,1369,1369,4033,1.3811e-5,1.748e-6,8.2208e-5,2.14e-7,1.141e-6,6.974e-6,2.324e-6,1.731e-6,0.025146996,CPU-reference,shin-compute-000
COPS,torsion,"(320, 320)",JuMP,103684,103684,103684,310408,0.001048783,0.000193157,0.007980448,6.3231e-5,0.000202541,0.000872384,0.000263357,0.000194059,3.304561153,CPU-reference,shin-compute-000
COPS,bearing,"(5, 5)",AMPL,49,28,28,133,1.1235e-5,3.34e-7,4.566e-6,7.95e-7,4.3571e-5,3.3538e-5,2.549e-6,2.576e-6,0.000466995,CPU-reference,shin-compute-000
COPS,bearing,"(35, 35)",AMPL,1369,148,148,4033,0.000349659,1.389e-6,0.000133393,3.441e-6,0.00144368,0.001050923,1.4957e-5,1.7547e-5,0.01278771,CPU-reference,shin-compute-000
COPS,bearing,"(320, 320)",AMPL,103684,1288,1288,310408,0.030585076,7.3433e-5,0.013799373,0.000151172,0.168917164,0.101745873,0.000662568,0.000847342,1.265272865,CPU-reference,shin-compute-000
COPS,camshape,20,AMPL,20,43,100,38,2.12e-7,4.319e-6,2.5e-7,7.287e-6,1.8351e-5,5.589e-6,1.0434e-5,1.0411e-5,0.000270795,CPU-reference,shin-compute-000
COPS,camshape,2000,AMPL,2000,4003,10000,3998,7.077e-6,0.000542439,9.091e-6,0.000829031,0.002136235,0.000575224,0.001047056,0.001043912,0.026321057,CPU-reference,shin-compute-000
COPS,camshape,170000,AMPL,170000,340003,850000,339998,0.000659101,0.052491834,0.00084361,0.090661251,0.201636831,0.053400697,0.11008647,0.10796969,2.816910958,CPU-reference,shin-compute-000
COPS,catmix,3,AMPL,71,62,266,18,1.8e-7,3.284e-6,2.48e-7,5.91e-6,1.1071e-5,2.931e-6,1.3303e-5,1.3453e-5,0.000310259,CPU-reference,shin-compute-000
COPS,catmix,200,AMPL,4602,4002,17602,1200,8.39e-7,0.000243065,4.196e-6,0.000400713,0.000813448,0.00017445,0.000772234,0.000769543,0.019873116,CPU-reference,shin-compute-000
COPS,catmix,20000,AMPL,460002,400002,1760002,120000,0.000190721,0.035289872,0.000529572,0.063691705,0.118522987,0.022226887,0.112086265,0.109975983,2.437712341,CPU-reference,shin-compute-000
COPS,chain,50,AMPL,48,38,159,24,1.8e-7,7.217e-6,2.32e-7,1.0157e-5,2.0152e-5,3.367e-6,1.4159e-5,1.4249e-5,0.000353175,CPU-reference,shin-compute-000
COPS,chain,5000,AMPL,5000,3752,17491,2500,1.267e-6,0.000943562,5.039e-6,0.001305797,0.002564204,0.000329664,0.001650368,0.001644812,0.039879829,CPU-reference,shin-compute-000
COPS,chain,500000,AMPL,500000,375002,1749991,250000,0.000317781,0.152926043,0.000687154,0.22991684,0.399785055,0.050775966,0.27281506,0.268002959,5.15952259,CPU-reference,shin-compute-000
COPS,channel,5,AMPL,200,200,1377,40,1.85e-7,7.424e-6,3.47e-7,1.3901e-5,1.9311e-5,5.876e-6,4.5229e-5,4.5114e-5,0.001255661,CPU-reference,shin-compute-000
COPS,channel,400,AMPL,16000,16000,111187,3200,2.525e-6,0.000624124,1.4173e-5,0.001186317,0.001707358,0.000473119,0.005412409,0.005191337,0.108938638,CPU-reference,shin-compute-000
COPS,channel,42000,AMPL,1680000,1680000,11675987,336000,0.000537277,0.097779201,0.001963027,0.306497037,0.270316375,0.069026616,2.46308318,2.393320731,13.724541851,CPU-reference,shin-compute-000
COPS,dirichlet,5,AMPL,200,200,1377,40,1.86e-7,7.44e-6,4.29e-7,1.3871e-5,1.9281e-5,5.859e-6,4.4905e-5,4.4546e-5,0.001257327,CPU-reference,shin-compute-000
COPS,dirichlet,20,AMPL,20,43,100,38,2.23e-7,4.346e-6,2.51e-7,7.389e-6,1.8318e-5,5.632e-6,1.047e-5,1.045e-5,0.000270657,CPU-reference,shin-compute-000
COPS,dirichlet,100,AMPL,54163,9463,169724,258593,1.7364e-5,0.406968438,7.0648e-5,0.500911081,0.933332276,0.068170394,0.522735646,0.508520042,4.714062191,CPU-reference,shin-compute-000
COPS,elec,5,AMPL,200,200,1377,40,1.81e-7,7.393e-6,3.51e-7,1.389e-5,1.9238e-5,5.892e-6,4.4732e-5,4.4792e-5,0.001250995,CPU-reference,shin-compute-000
COPS,elec,50,AMPL,48,38,159,24,1.79e-7,7.187e-6,2.31e-7,1.016e-5,2.0064e-5,3.359e-6,1.4163e-5,1.4218e-5,0.000353071,CPU-reference,shin-compute-000
COPS,elec,200,AMPL,4602,4002,17602,1200,8.35e-7,0.000243212,4.221e-6,0.000400484,0.000804746,0.000175922,0.000770713,0.000765291,0.019846047,CPU-reference,shin-compute-000
COPS,gasoil,2,AMPL,55,52,262,92,4.558e-6,3.333e-6,2.163e-6,5.596e-6,3.1813e-5,1.8661e-5,1.2775e-5,1.2791e-5,0.00047203,CPU-reference,shin-compute-000
COPS,gasoil,200,AMPL,4602,4002,17602,1200,8.44e-7,0.000243112,4.209e-6,0.000400039,0.000806192,0.000175737,0.000772003,0.000773053,0.019736333,CPU-reference,shin-compute-000
COPS,gasoil,18000,AMPL,468003,468000,2447990,288602,0.00022819,0.058710416,0.000550527,0.096078749,0.1859146,0.03364991,0.166511032,0.171650821,3.735617332,CPU-reference,shin-compute-000
COPS,glider,2,AMPL,55,52,262,92,4.558e-6,3.316e-6,2.176e-6,5.743e-6,3.1886e-5,1.8737e-5,1.277e-5,1.2829e-5,0.000469431,CPU-reference,shin-compute-000
COPS,glider,80,AMPL,406,327,2247,1134,2.14e-7,0.001290832,6.62e-7,0.00155206,0.009893318,7.0886e-5,0.00161205,0.001609356,0.030991492,CPU-reference,shin-compute-000
COPS,glider,8000,AMPL,40006,32007,224007,112014,8.922e-6,0.209144827,4.2245e-5,0.27742588,1.179260581,0.012233456,0.284587135,0.279691892,3.422075288,CPU-reference,shin-compute-000
COPS,marine,2,AMPL,55,52,262,92,4.563e-6,3.357e-6,2.189e-6,5.573e-6,3.1849e-5,1.8715e-5,1.2834e-5,1.2742e-5,0.000472564,CPU-reference,shin-compute-000
COPS,marine,150,AMPL,4815,4792,16326,2594,2.3769e-5,0.000170881,1.6285e-5,0.000464697,0.00123223,0.000398735,0.000828422,0.000828412,0.020778325,CPU-reference,shin-compute-000
COPS,marine,14000,AMPL,448015,447992,1525976,210184,0.000146695,0.033641113,0.000477246,0.058897776,0.150806735,0.036801344,0.097808825,0.097515507,2.556054483,CPU-reference,shin-compute-000
COPS,methanol,2,AMPL,55,52,262,92,4.535e-6,3.346e-6,2.185e-6,5.593e-6,3.1798e-5,1.8676e-5,1.2847e-5,1.2738e-5,0.00047366,CPU-reference,shin-compute-000
COPS,methanol,50,AMPL,48,38,159,24,1.8e-7,7.143e-6,2.31e-7,1.004e-5,2.0079e-5,3.384e-6,1.431e-5,1.4203e-5,0.000354171,CPU-reference,shin-compute-000
COPS,methanol,4000,AMPL,120005,120000,647988,132488,5.7217e-5,0.040712208,0.000138333,0.062374597,0.223503144,0.013905371,0.079094401,0.077222329,1.178766298,CPU-reference,shin-compute-000
COPS,minsurf,"(5, 5)",AMPL,49,28,28,133,1.1235e-5,3.32e-7,4.685e-6,7.99e-7,4.367e-5,3.3673e-5,2.527e-6,2.573e-6,0.000466897,CPU-reference,shin-compute-000
COPS,minsurf,"(30, 30)",AMPL,1024,1476,1476,3969,0.001309262,1.0292e-5,0.000410876,2.7388e-5,0.003126618,0.001859541,7.3366e-5,7.3504e-5,0.027664165,CPU-reference,shin-compute-000
COPS,minsurf,"(280, 280)",AMPL,79524,100816,100816,316969,0.1333868,0.001432341,0.061600848,0.003928661,0.423933943,0.252428151,0.007946784,0.0073861,2.78899702,CPU-reference,shin-compute-000
COPS,pinene,2,AMPL,55,52,262,92,4.558e-6,3.322e-6,2.167e-6,5.553e-6,3.1808e-5,1.8675e-5,1.2838e-5,1.29e-5,0.000472009,CPU-reference,shin-compute-000
COPS,pinene,100,AMPL,54163,9463,169724,258593,1.2818e-5,0.404317526,6.9094e-5,0.49676404,0.951276968,0.064259844,0.514204293,0.504927782,4.661231756,CPU-reference,shin-compute-000
COPS,pinene,10000,AMPL,500005,500000,2289980,150400,0.000182488,0.038582923,0.000533586,0.067690092,0.152247081,0.027375248,0.130248807,0.133518368,2.633622505,CPU-reference,shin-compute-000
COPS,polygon,10,AMPL,10,16,50,55,9.3e-7,3.153e-6,3.91e-7,4.704e-6,1.4614e-5,4.268e-6,6.84e-6,6.863e-6,0.000172264,CPU-reference,shin-compute-000
COPS,polygon,100,AMPL,54163,9463,169724,258593,1.6585e-5,0.404509998,6.9447e-5,0.499214454,0.94716625,0.063804672,0.514084317,0.504935024,4.628841015,CPU-reference,shin-compute-000
COPS,polygon,800,AMPL,800,80201,320000,320400,8.7087e-5,0.056666743,0.002709184,0.07978792,0.253353389,0.02417018,0.092991862,0.094689798,1.100980659,CPU-reference,shin-compute-000
COPS,robot,2,AMPL,55,52,262,92,4.563e-6,3.346e-6,2.16e-6,5.581e-6,3.191e-5,1.8671e-5,1.281e-5,1.2633e-5,0.000472878,CPU-reference,shin-compute-000
COPS,robot,150,AMPL,4815,4792,16326,2594,2.3626e-5,0.000269152,1.6187e-5,0.000462461,0.001223688,0.000397411,0.000829812,0.000820245,0.02082907,CPU-reference,shin-compute-000
COPS,robot,15000,AMPL,135010,90012,540012,210014,8.3238e-5,0.068167378,0.000183202,0.093263154,0.25490614,0.02502252,0.105995296,0.104407462,1.380542361,CPU-reference,shin-compute-000
COPS,rocket,2,AMPL,55,52,262,92,4.536e-6,3.379e-6,2.18e-6,5.646e-6,3.1816e-5,1.8666e-5,1.2834e-5,1.2738e-5,0.000473626,CPU-reference,shin-compute-000
COPS,rocket,200,AMPL,4602,4002,17602,1200,8.41e-7,0.000243435,4.345e-6,0.000400109,0.000810957,0.000176282,0.000772692,0.000772642,0.019741145,CPU-reference,shin-compute-000
COPS,rocket,17000,AMPL,68005,51004,323004,187011,2.3334e-5,0.043181715,8.8612e-5,0.059638575,0.236464471,0.016267684,0.067013291,0.068108158,0.922362326,CPU-reference,shin-compute-000
COPS,steering,5,AMPL,200,200,1377,40,1.85e-7,7.436e-6,3.51e-7,1.3974e-5,1.9207e-5,5.93e-6,4.4346e-5,4.4612e-5,0.001252819,CPU-reference,shin-compute-000
COPS,steering,400,AMPL,16000,16000,111187,3200,1.918e-6,0.000626927,1.3699e-5,0.001183654,0.001704718,0.000478368,0.005262074,0.005315836,0.109462945,CPU-reference,shin-compute-000
COPS,steering,42000,AMPL,1680000,1680000,11675987,336000,0.000530572,0.097890385,0.002076547,0.282334398,0.273017113,0.068592516,2.400782873,1.678753886,15.744963646,CPU-reference,shin-compute-000
COPS,torsion,"(5, 5)",AMPL,49,28,28,133,1.1232e-5,3.32e-7,4.623e-6,7.95e-7,4.3735e-5,3.3701e-5,2.55e-6,2.59e-6,0.000466949,CPU-reference,shin-compute-000
COPS,torsion,"(35, 35)",AMPL,1369,148,148,4033,0.000350562,1.379e-6,0.000134371,3.48e-6,0.001438976,0.001049932,1.4866e-5,1.751e-5,0.012839075,CPU-reference,shin-compute-000
COPS,torsion,"(320, 320)",AMPL,103684,1288,1288,310408,0.030549233,7.3169e-5,0.013270314,0.000153036,0.168358532,0.101017181,0.000649697,0.000858254,1.162871331,CPU-reference,shin-compute-000
LV,rosenrock,20,ExaModels,20,18,54,165,3.396e-5,2.0188e-5,3.5205e-5,2.143e-5,3.1269e-5,0.000229218,3.5923e-5,3.7287e-5,0.001635056,CUDA-Quadro GV100,shin-compute-001
LV,rosenrock,2000,ExaModels,2000,1998,5994,17985,5.0543e-5,1.4179e-5,3.7102e-5,2.6774e-5,4.2952e-5,6.4951e-5,4.0417e-5,4.04e-5,0.00316128,CUDA-Quadro GV100,shin-compute-001
LV,rosenrock,200000,ExaModels,200000,199998,599994,1799985,5.1455e-5,1.9367e-5,6.6561e-5,5.5754e-5,0.000161493,0.001010649,0.000187906,0.000190135,0.061899794,CUDA-Quadro GV100,shin-compute-001
LV,wood,20,ExaModels,20,13,39,102,3.4277e-5,2.8948e-5,3.5544e-5,2.8818e-5,3.896e-5,4.7212e-5,4.5489e-5,4.5395e-5,0.001708529,CUDA-Quadro GV100,shin-compute-001
LV,wood,2000,ExaModels,2000,1993,5979,12972,5.2227e-5,2.9303e-5,3.8349e-5,3.0718e-5,4.2931e-5,5.7752e-5,4.8134e-5,4.8073e-5,0.003317892,CUDA-Quadro GV100,shin-compute-001
LV,wood,200000,ExaModels,200000,199993,599979,1299972,5.1009e-5,4.382e-5,8.5795e-5,4.0647e-5,0.000118964,0.000718706,0.000169472,0.000168767,0.053041991,CUDA-Quadro GV100,shin-compute-001
LV,chained_powell,20,ExaModels,20,2,4,79,3.4036e-5,2.0028e-5,3.5436e-5,2.8196e-5,3.8268e-5,4.5935e-5,4.415e-5,4.4541e-5,0.001645274,CUDA-Quadro GV100,shin-compute-001
LV,chained_powell,2000,ExaModels,2000,2,4,7999,5.3537e-5,2.0665e-5,3.8878e-5,2.8632e-5,3.9885e-5,5.2203e-5,4.4278e-5,4.4664e-5,0.002421741,CUDA-Quadro GV100,shin-compute-001
LV,chained_powell,200000,ExaModels,200000,2,4,799999,5.2021e-5,2.0165e-5,8.0056e-5,2.82e-5,7.6873e-5,0.000468305,3.4383e-5,3.4474e-5,0.01479283,CUDA-Quadro GV100,shin-compute-001
LV,cragg_levy,20,ExaModels,20,18,54,135,3.4295e-5,1.2282e-5,3.5646e-5,1.9977e-5,2.9456e-5,4.7658e-5,3.6335e-5,3.6446e-5,0.0016434,CUDA-Quadro GV100,shin-compute-001
LV,cragg_levy,2000,ExaModels,2000,1998,5994,14985,5.3078e-5,1.288e-5,4.4448e-5,2.3104e-5,4.9815e-5,7.6507e-5,3.9241e-5,3.8879e-5,0.003129722,CUDA-Quadro GV100,shin-compute-001
LV,cragg_levy,200000,ExaModels,200000,199998,599994,1499985,5.2428e-5,1.4041e-5,9.5316e-5,4.2752e-5,0.000149489,0.000876695,0.000173906,0.000174304,0.057359577,CUDA-Quadro GV100,shin-compute-001
LV,broyden_tridiagonal,20,ExaModels,20,16,80,194,4.5144e-5,1.3516e-5,4.5873e-5,2.169e-5,3.9197e-5,5.845e-5,3.7125e-5,3.7239e-5,0.001777093,CUDA-Quadro GV100,shin-compute-001
LV,broyden_tridiagonal,2000,ExaModels,2000,1996,9980,21974,6.0104e-5,1.2929e-5,4.7187e-5,2.8463e-5,4.596e-5,8.106e-5,4.5437e-5,4.486e-5,0.003352069,CUDA-Quadro GV100,shin-compute-001
LV,broyden_tridiagonal,200000,ExaModels,200000,199996,999980,2199974,6.0378e-5,1.4981e-5,0.000131655,9.564e-5,0.000172313,0.001276921,0.000367494,0.000365495,0.079098608,CUDA-Quadro GV100,shin-compute-001
LV,broyden_banded,20,ExaModels,40,29,167,258,2.787e-5,5.5657e-5,2.6762e-5,6.4825e-5,8.3878e-5,3.92e-5,8.018e-5,8.2849e-5,0.001908008,CUDA-Quadro GV100,shin-compute-001
LV,broyden_banded,2000,ExaModels,4000,2999,18977,27978,4.1287e-5,5.7914e-5,2.9073e-5,0.00016461,0.000105406,7.1611e-5,0.001068619,0.000105547,0.003388612,CUDA-Quadro GV100,shin-compute-001
LV,broyden_banded,200000,ExaModels,400000,299999,1899977,2799978,4.21e-5,5.9827e-5,7.652e-5,0.000459113,0.000483964,0.00146912,0.001074381,0.001054105,0.13189926,CUDA-Quadro GV100,shin-compute-001
LV,trigo_tridiagonal,20,ExaModels,20,4,14,69,3.5667e-5,3.7572e-5,3.6462e-5,4.582e-5,5.8382e-5,4.5734e-5,6.4127e-5,6.3584e-5,0.001922459,CUDA-Quadro GV100,shin-compute-001
LV,trigo_tridiagonal,2000,ExaModels,2000,4,14,6009,5.1357e-5,3.689e-5,3.8696e-5,4.5722e-5,5.9902e-5,4.8349e-5,6.4112e-5,6.344e-5,0.002686966,CUDA-Quadro GV100,shin-compute-001
LV,trigo_tridiagonal,200000,ExaModels,200000,4,14,600009,5.1423e-5,3.7009e-5,0.000122789,4.5902e-5,5.9735e-5,0.000223495,6.3804e-5,5.0201e-5,0.016489548,CUDA-Quadro GV100,shin-compute-001
LV,augmented_lagrangian,20,ExaModels,20,18,54,106,2.8685e-5,1.1954e-5,3.6288e-5,2.042e-5,2.9991e-5,4.968e-5,3.731e-5,3.753e-5,0.001391004,CUDA-Quadro GV100,shin-compute-001
LV,augmented_lagrangian,2000,ExaModels,2000,1998,5994,10798,3.6434e-5,1.3001e-5,3.7328e-5,2.2124e-5,4.4991e-5,7.0725e-5,3.9741e-5,3.983e-5,0.003195518,CUDA-Quadro GV100,shin-compute-001
LV,augmented_lagrangian,200000,ExaModels,200000,199998,599994,1079998,5.2706e-5,1.4139e-5,6.9302e-5,3.5634e-5,0.000152041,0.00072932,0.000166536,0.000168764,0.052002357,CUDA-Quadro GV100,shin-compute-001
LV,modified_brown,20,ExaModels,20,6,30,61,3.482e-5,6.3164e-5,3.4986e-5,7.1654e-5,9.7728e-5,4.7945e-5,9.0649e-5,8.9367e-5,0.002110492,CUDA-Quadro GV100,shin-compute-001
LV,modified_brown,2000,ExaModels,2000,6,30,3031,5.2761e-5,6.3017e-5,3.679e-5,7.2065e-5,8.3527e-5,5.5005e-5,7.2302e-5,7.296e-5,0.00289697,CUDA-Quadro GV100,shin-compute-001
LV,modified_brown,200000,ExaModels,200000,6,30,300031,4.2871e-5,5.1455e-5,4.7844e-5,5.7315e-5,8.334e-5,0.0001056,0.000102463,7.1559e-5,0.014989185,CUDA-Quadro GV100,shin-compute-001
LV,generalized_brown,20,ExaModels,20,18,54,58,2.7884e-5,1.0253e-5,2.7701e-5,1.5865e-5,2.6564e-5,3.5666e-5,2.8215e-5,2.8228e-5,0.001392065,CUDA-Quadro GV100,shin-compute-001
LV,generalized_brown,2000,ExaModels,2000,1998,5994,5998,4.3467e-5,1.075e-5,3.3132e-5,1.8038e-5,3.6808e-5,4.9714e-5,3.1376e-5,3.152e-5,0.002663737,CUDA-Quadro GV100,shin-compute-001
LV,generalized_brown,200000,ExaModels,200000,199998,599994,599998,4.3342e-5,1.2107e-5,6.2464e-5,3.1603e-5,8.7411e-5,0.00032672,0.000166773,0.000167546,0.036607532,CUDA-Quadro GV100,shin-compute-001
LV,chained_hs46,20,ExaModels,20,11,33,79,3.4507e-5,2.1661e-5,3.5597e-5,3.0819e-5,4.0394e-5,4.7663e-5,4.69e-5,4.7025e-5,0.001815053,CUDA-Quadro GV100,shin-compute-001
LV,chained_hs46,2000,ExaModels,2000,1331,3993,9319,3.6475e-5,2.2194e-5,3.807e-5,3.2227e-5,4.5867e-5,5.3214e-5,5.0635e-5,4.9878e-5,0.004545578,CUDA-Quadro GV100,shin-compute-001
LV,chained_hs46,200000,ExaModels,200000,133331,399993,933319,5.3177e-5,2.311e-5,7.0527e-5,3.68e-5,7.5623e-5,0.000487182,0.000131545,0.000115272,0.035614265,CUDA-Quadro GV100,shin-compute-001
LV,chained_hs47,20,ExaModels,20,11,30,57,3.5261e-5,3.0885e-5,3.6427e-5,3.9735e-5,5.1877e-5,4.6668e-5,5.7463e-5,5.9186e-5,0.001883545,CUDA-Quadro GV100,shin-compute-001
LV,chained_hs47,2000,ExaModels,2000,1496,3990,7482,3.752e-5,3.2723e-5,3.7922e-5,4.1074e-5,5.4107e-5,5.0218e-5,6.2351e-5,6.1753e-5,0.003421776,CUDA-Quadro GV100,shin-compute-001
LV,chained_hs47,200000,ExaModels,200000,149996,399990,749982,5.306e-5,3.3031e-5,6.5155e-5,4.2164e-5,7.5816e-5,0.000385497,0.000139146,0.000119085,0.036326551,CUDA-Quadro GV100,shin-compute-001
LV,chained_hs48,20,ExaModels,20,12,48,54,3.4709e-5,2.2541e-5,3.5786e-5,2.9768e-5,3.9398e-5,4.6042e-5,4.7419e-5,4.7256e-5,0.001830831,CUDA-Quadro GV100,shin-compute-001
LV,chained_hs48,2000,ExaModels,2000,1332,5328,5994,3.6172e-5,2.3596e-5,3.7556e-5,3.1764e-5,4.0943e-5,4.8518e-5,5.4325e-5,5.0786e-5,0.003386843,CUDA-Quadro GV100,shin-compute-001
LV,chained_hs48,200000,ExaModels,200000,133332,533328,599994,5.3221e-5,2.4324e-5,6.3822e-5,3.9902e-5,5.0578e-5,0.000269449,0.000178574,0.000144912,0.033669139,CUDA-Quadro GV100,shin-compute-001
LV,chained_hs49,20,ExaModels,20,12,36,48,3.6961e-5,2.2866e-5,3.7207e-5,3.0921e-5,4.2105e-5,4.7268e-5,4.6827e-5,4.7166e-5,0.0018251,CUDA-Quadro GV100,shin-compute-001
LV,chained_hs49,2000,ExaModels,2000,1332,3996,5328,0.000134995,2.2479e-5,3.8141e-5,3.0929e-5,4.2617e-5,4.9163e-5,5.0835e-5,4.9755e-5,0.003320221,CUDA-Quadro GV100,shin-compute-001
LV,chained_hs49,200000,ExaModels,200000,133332,399996,533328,5.3737e-5,2.2733e-5,7.1157e-5,3.2463e-5,5.2953e-5,0.000220309,0.000128295,9.6607e-5,0.026900818,CUDA-Quadro GV100,shin-compute-001
LV,chained_hs50,20,ExaModels,20,11,33,51,3.5622e-5,2.9377e-5,3.6354e-5,3.9482e-5,5.4062e-5,4.6187e-5,5.6698e-5,5.6778e-5,0.001958953,CUDA-Quadro GV100,shin-compute-001
LV,chained_hs50,2000,ExaModels,2000,1496,4488,6486,3.6675e-5,3.0906e-5,3.7967e-5,4.1209e-5,5.5664e-5,4.9015e-5,6.0775e-5,6.0498e-5,0.003515368,CUDA-Quadro GV100,shin-compute-001
LV,chained_hs50,200000,ExaModels,200000,149996,449988,649986,6.2673e-5,3.0979e-5,6.5814e-5,4.4956e-5,6.8123e-5,0.000319968,0.000157328,0.000126501,0.032259302,CUDA-Quadro GV100,shin-compute-001
LV,chained_hs51,20,ExaModels,20,11,26,39,3.8334e-5,3.2038e-5,3.5719e-5,4.0351e-5,6.4481e-5,4.708e-5,6.8383e-5,6.8676e-5,0.002001598,CUDA-Quadro GV100,shin-compute-001
LV,chained_hs51,2000,ExaModels,2000,1496,3491,4989,3.927e-5,3.3868e-5,3.7253e-5,4.2086e-5,6.6256e-5,5.0216e-5,7.1887e-5,7.1254e-5,0.003575883,CUDA-Quadro GV100,shin-compute-001
LV,chained_hs51,200000,ExaModels,200000,149996,349991,499989,5.6261e-5,3.436e-5,6.6802e-5,3.4982e-5,5.7614e-5,0.000222985,0.000118534,0.000107526,0.025940821,CUDA-Quadro GV100,shin-compute-001
LV,chained_hs52,20,ExaModels,20,11,26,39,2.9004e-5,3.2045e-5,3.5666e-5,3.7031e-5,6.2205e-5,3.8734e-5,0.000146636,5.8976e-5,0.005346415,CUDA-Quadro GV100,shin-compute-001
LV,chained_hs52,2000,ExaModels,2000,1496,3491,4989,2.9354e-5,3.3287e-5,0.000148969,3.7284e-5,6.2952e-5,3.983e-5,6.2481e-5,6.2658e-5,0.003089862,CUDA-Quadro GV100,shin-compute-001
LV,chained_hs52,200000,ExaModels,200000,149996,349991,499989,4.285e-5,3.4142e-5,6.3198e-5,3.8312e-5,6.8283e-5,0.000218524,0.00012034,0.000110086,0.025562501,CUDA-Quadro GV100,shin-compute-001
LV,chained_hs53,20,ExaModels,20,11,26,39,3.3682e-5,3.2075e-5,2.7767e-5,3.589e-5,6.2129e-5,3.8301e-5,6.0445e-5,5.9548e-5,0.001715662,CUDA-Quadro GV100,shin-compute-001
LV,chained_hs53,2000,ExaModels,2000,1496,3491,4989,3.3181e-5,3.3092e-5,2.9485e-5,3.7383e-5,6.3985e-5,3.9938e-5,6.2766e-5,6.254e-5,0.003147062,CUDA-Quadro GV100,shin-compute-001
LV,chained_hs53,200000,ExaModels,200000,149996,349991,499989,4.7936e-5,3.3491e-5,5.5218e-5,3.8581e-5,6.5803e-5,0.000220274,0.000121474,0.000111047,0.030021558,CUDA-Quadro GV100,shin-compute-001
COPS,bearing,"(5, 5)",ExaModels,49,28,28,360,8.4069e-5,3.7704e-5,9.9981e-5,7.2293e-5,0.000186102,9.9785e-5,8.7589e-5,8.797e-5,0.002199631,CUDA-Quadro GV100,shin-compute-001
COPS,bearing,"(35, 35)",ExaModels,1369,148,148,12960,0.000100196,3.7261e-5,0.000105094,7.3157e-5,0.000176889,0.000122819,8.8418e-5,8.8464e-5,0.003319908,CUDA-Quadro GV100,shin-compute-001
COPS,bearing,"(320, 320)",ExaModels,103684,1288,1288,1030410,0.000166763,3.7964e-5,0.000248871,8.3183e-5,0.000198041,0.000610772,0.000102831,0.000105156,0.026524117,CUDA-Quadro GV100,shin-compute-001
COPS,camshape,20,ExaModels,20,43,100,115,3.5581e-5,0.0001429,3.4485e-5,0.000177884,0.000247957,4.7857e-5,0.000202172,0.000204067,0.002410951,CUDA-Quadro GV100,shin-compute-001
COPS,camshape,2000,ExaModels,2000,4003,10000,11995,5.5052e-5,0.000147652,3.5803e-5,0.000177731,0.000250227,5.7561e-5,0.000205923,0.000212114,0.004262919,CUDA-Quadro GV100,shin-compute-001
COPS,camshape,170000,ExaModels,170000,340003,850000,1019995,5.9662e-5,0.000144101,4.2368e-5,0.000203022,0.000249642,0.000614793,0.000328867,0.000428244,0.06017088,CUDA-Quadro GV100,shin-compute-001
COPS,catmix,3,ExaModels,71,62,266,144,3.4427e-5,5.3937e-5,3.3389e-5,7.7969e-5,0.000100095,5.6658e-5,9.6028e-5,9.5823e-5,0.002042487,CUDA-Quadro GV100,shin-compute-001
COPS,catmix,200,ExaModels,4602,4002,17602,10191,0.000136126,7.0835e-5,4.4975e-5,8.7239e-5,0.00010535,6.4755e-5,0.000107637,0.00011491,0.004250645,CUDA-Quadro GV100,shin-compute-001
COPS,catmix,20000,ExaModels,460002,400002,1760002,1019991,6.3338e-5,0.000611888,5.0511e-5,0.00062246,0.000580766,0.000535623,0.001147283,0.001183999,0.09226933,CUDA-Quadro GV100,shin-compute-001
COPS,chain,50,ExaModels,48,38,159,88,2.7496e-5,5.3195e-5,2.6685e-5,6.2476e-5,7.3279e-5,3.532e-5,7.6186e-5,7.6051e-5,0.001862798,CUDA-Quadro GV100,shin-compute-001
COPS,chain,5000,ExaModels,5000,3752,17491,9992,2.8229e-5,5.3837e-5,2.6478e-5,6.7112e-5,7.7059e-5,4.3292e-5,8.6835e-5,8.7425e-5,0.00318161,CUDA-Quadro GV100,shin-compute-001
COPS,chain,500000,ExaModels,500000,375002,1749991,999992,2.9474e-5,5.7704e-5,2.6392e-5,0.000129505,0.000117421,0.000480334,0.000652212,0.000634176,0.080900015,CUDA-Quadro GV100,shin-compute-001
COPS,channel,5,ExaModels,200,200,1521,120,2.8621e-5,5.9534e-5,9.038e-6,7.0696e-5,8.2387e-5,3.4525e-5,8.4309e-5,9.2486e-5,0.002075548,CUDA-Quadro GV100,shin-compute-001
COPS,channel,400,ExaModels,16000,16000,123181,9600,2.8775e-5,6.0903e-5,8.78e-6,8.2908e-5,8.5695e-5,3.6416e-5,0.000109551,0.000201644,0.005643466,CUDA-Quadro GV100,shin-compute-001
COPS,channel,42000,ExaModels,1680000,1680000,12935981,1008000,2.8365e-5,0.000744298,2.8926e-5,0.002403393,0.000162184,0.000376729,0.006993724,0.010445641,0.664040981,CUDA-Quadro GV100,shin-compute-001
COPS,dirichlet,5,ExaModels,10564,8331,62619,71172,3.4837e-5,0.000315652,3.4845e-5,9.9836e-5,9.1354e-5,0.000112555,0.00039893,0.000128278,0.01383178,CUDA-Quadro GV100,shin-compute-001
COPS,dirichlet,20,ExaModels,33199,24261,197154,227097,2.7956e-5,0.000565971,2.65e-5,8.2472e-5,9.3045e-5,0.00014291,0.00078672,0.000137009,0.033679886,CUDA-Quadro GV100,shin-compute-001
COPS,dirichlet,100,ExaModels,153919,109221,914674,1058697,2.9516e-5,0.000743415,2.6475e-5,0.000157223,0.000192964,0.000490862,0.001133947,0.000408741,0.170914177,CUDA-Quadro GV100,shin-compute-001
COPS,elec,5,ExaModels,15,5,15,225,3.5139e-5,1.1935e-5,3.5588e-5,1.9642e-5,2.9376e-5,5.3056e-5,3.6118e-5,3.5544e-5,0.001754203,CUDA-Quadro GV100,shin-compute-001
COPS,elec,50,ExaModels,150,50,150,25875,5.3996e-5,1.3261e-5,5.2135e-5,1.9864e-5,4.0502e-5,0.000261458,3.6571e-5,3.5849e-5,0.002458546,CUDA-Quadro GV100,shin-compute-001
COPS,elec,200,ExaModels,600,200,600,418500,5.2939e-5,1.2158e-5,0.000181707,2.0148e-5,4.1205e-5,0.002583698,3.6908e-5,3.6365e-5,0.007792859,CUDA-Quadro GV100,shin-compute-001
COPS,gasoil,2,ExaModels,55,52,262,734,3.7607e-5,6.0132e-5,3.9228e-5,6.9809e-5,8.395e-5,7.836e-5,8.7098e-5,8.881e-5,0.00238961,CUDA-Quadro GV100,shin-compute-001
COPS,gasoil,200,ExaModels,5203,5200,27190,11822,3.7072e-5,6.2964e-5,3.6129e-5,7.5514e-5,8.9606e-5,0.001283344,0.000102224,0.000415144,0.004215286,CUDA-Quadro GV100,shin-compute-001
COPS,gasoil,18000,ExaModels,468003,468000,2447990,1008622,3.6141e-5,0.00081662,3.6585e-5,0.000887401,0.000791229,0.198564745,0.001662567,0.066549462,0.112932673,CUDA-Quadro GV100,shin-compute-001
COPS,glider,2,ExaModels,16,15,63,252,3.4145e-5,0.000123504,3.6441e-5,0.000137025,0.000242969,6.0897e-5,0.000161923,0.00015743,0.003451346,CUDA-Quadro GV100,shin-compute-001
COPS,glider,80,ExaModels,406,327,2247,10080,3.5473e-5,0.000123293,3.6804e-5,0.000136694,0.000274388,0.000466346,0.000129376,0.000170973,0.004469813,CUDA-Quadro GV100,shin-compute-001
COPS,glider,8000,ExaModels,40006,32007,224007,1008000,2.817e-5,0.000103609,2.8266e-5,0.000115863,0.000858284,0.070142815,0.000192506,0.009874526,0.028995206,CUDA-Quadro GV100,shin-compute-001
COPS,marine,2,ExaModels,79,56,194,644,3.5187e-5,5.805e-5,3.8187e-5,6.9375e-5,8.1913e-5,5.2611e-5,8.7168e-5,8.6701e-5,0.002406247,CUDA-Quadro GV100,shin-compute-001
COPS,marine,150,ExaModels,4815,4792,16326,11596,3.6808e-5,6.2101e-5,3.6186e-5,7.5413e-5,9.2426e-5,0.000368972,9.5765e-5,0.000167408,0.003996667,CUDA-Quadro GV100,shin-compute-001
COPS,marine,14000,ExaModels,448015,447992,1525976,1036496,3.5615e-5,0.000286361,2.8218e-5,0.00033925,0.000339938,0.056858991,0.000729353,0.015487854,0.090489265,CUDA-Quadro GV100,shin-compute-001
COPS,methanol,2,ExaModels,65,60,312,993,3.5108e-5,7.0187e-5,3.7933e-5,8.2656e-5,0.000101484,8.4737e-5,9.9837e-5,0.000102038,0.002608608,CUDA-Quadro GV100,shin-compute-001
COPS,methanol,50,ExaModels,1505,1500,8088,12801,3.7467e-5,7.2474e-5,3.6196e-5,8.5726e-5,0.000108239,0.001326082,0.000106602,0.000212773,0.003837439,CUDA-Quadro GV100,shin-compute-001
COPS,methanol,4000,ExaModels,120005,120000,647988,984501,3.5745e-5,0.000202749,3.6026e-5,0.000225223,0.000419341,0.176708268,0.000398822,0.021206871,0.045610179,CUDA-Quadro GV100,shin-compute-001
COPS,minsurf,"(5, 5)",ExaModels,49,102,102,504,4.5196e-5,5.4198e-5,4.601e-5,6.5124e-5,8.7645e-5,6.0151e-5,8.2257e-5,8.2635e-5,0.002197535,CUDA-Quadro GV100,shin-compute-001
COPS,minsurf,"(30, 30)",ExaModels,1024,1476,1476,13454,8.8862e-5,5.3992e-5,5.1824e-5,6.5632e-5,9.0378e-5,9.9517e-5,8.3135e-5,8.7065e-5,0.003268491,CUDA-Quadro GV100,shin-compute-001
COPS,minsurf,"(280, 280)",ExaModels,79524,100816,100816,1105454,6.5383e-5,5.5002e-5,0.000140663,6.5899e-5,0.000116422,0.000713543,8.5891e-5,8.587e-5,0.039302695,CUDA-Quadro GV100,shin-compute-001
COPS,pinene,2,ExaModels,105,100,438,595,3.5092e-5,8.6176e-5,3.6939e-5,0.000100091,0.000114264,5.6587e-5,0.000117777,0.000121827,0.00261308,CUDA-Quadro GV100,shin-compute-001
COPS,pinene,100,ExaModels,5005,5000,22880,10885,0.000984876,8.9676e-5,3.5769e-5,0.000103883,0.000118238,0.000658401,0.000130598,0.000269088,0.004296887,CUDA-Quadro GV100,shin-compute-001
COPS,pinene,10000,ExaModels,500005,500000,2289980,1050385,3.6791e-5,0.00074741,3.5969e-5,0.000771833,0.000830887,0.118171923,0.001428085,0.030570767,0.125524693,CUDA-Quadro GV100,shin-compute-001
COPS,polygon,10,ExaModels,10,16,50,140,3.4834e-5,3.7397e-5,3.4809e-5,4.7769e-5,5.9771e-5,5.0665e-5,6.415e-5,6.8056e-5,0.001953147,CUDA-Quadro GV100,shin-compute-001
COPS,polygon,100,ExaModels,100,1276,5000,12740,3.4807e-5,3.8071e-5,3.555e-5,5.2615e-5,6.8815e-5,0.000182315,6.9892e-5,8.2076e-5,0.003089232,CUDA-Quadro GV100,shin-compute-001
COPS,polygon,800,ExaModels,800,80201,320000,801990,3.6155e-5,3.9321e-5,3.8552e-5,6.5812e-5,0.000105786,0.003203801,0.000128141,0.00061651,0.02906083,CUDA-Quadro GV100,shin-compute-001
COPS,robot,2,ExaModels,28,24,84,134,2.8428e-5,0.00033403,2.6377e-5,0.000245947,0.000265493,4.0846e-5,0.000264796,0.000260583,0.002717458,CUDA-Quadro GV100,shin-compute-001
COPS,robot,150,ExaModels,1360,912,5412,10050,3.0699e-5,0.000330529,2.6456e-5,0.00024548,0.000263073,0.000818615,0.000264063,0.000451575,0.003570548,CUDA-Quadro GV100,shin-compute-001
COPS,robot,15000,ExaModels,135010,90012,540012,1005000,2.8587e-5,0.000335753,2.7013e-5,0.000246645,0.00026809,0.121941391,0.000402364,0.035077256,0.036722789,CUDA-Quadro GV100,shin-compute-001
COPS,rocket,2,ExaModels,13,10,42,118,2.777e-5,4.6735e-5,2.622e-5,5.7588e-5,6.757e-5,3.9233e-5,7.232e-5,7.1719e-5,0.002136114,CUDA-Quadro GV100,shin-compute-001
COPS,rocket,200,ExaModels,805,604,3804,11800,2.7819e-5,4.7997e-5,2.6986e-5,5.8846e-5,6.7855e-5,0.000662658,7.6759e-5,0.000176864,0.002433457,CUDA-Quadro GV100,shin-compute-001
COPS,rocket,17000,ExaModels,68005,51004,323004,1003000,2.8577e-5,4.8887e-5,2.66e-5,6.099e-5,0.000123562,0.082000001,0.000144736,0.015600615,0.027782663,CUDA-Quadro GV100,shin-compute-001
COPS,steering,5,ExaModels,31,28,108,120,3.0064e-5,5.093e-5,2.7481e-5,5.9471e-5,6.8079e-5,4.1349e-5,7.2175e-5,7.4767e-5,0.001879395,CUDA-Quadro GV100,shin-compute-001
COPS,steering,400,ExaModels,2006,1608,8008,9600,0.000138298,5.0377e-5,2.6582e-5,5.9939e-5,6.9324e-5,0.001223853,8.2062e-5,0.000408356,0.002903048,CUDA-Quadro GV100,shin-compute-001
COPS,steering,42000,ExaModels,210006,168008,840008,1008000,3.459e-5,6.4263e-5,3.4628e-5,8.0946e-5,0.000106212,0.211834884,0.000342059,0.071923696,0.046699918,CUDA-Quadro GV100,shin-compute-001
COPS,torsion,"(5, 5)",ExaModels,49,49,49,360,6.483e-5,1.2372e-5,6.6365e-5,1.982e-5,5.8321e-5,7.7966e-5,3.6156e-5,3.6174e-5,0.001862024,CUDA-Quadro GV100,shin-compute-001
COPS,torsion,"(35, 35)",ExaModels,1369,1369,1369,12960,0.000109627,1.3302e-5,0.000167358,1.9992e-5,6.11e-5,9.9798e-5,3.7067e-5,3.7191e-5,0.003323229,CUDA-Quadro GV100,shin-compute-001
COPS,torsion,"(320, 320)",ExaModels,103684,103684,103684,1030410,0.00011646,1.4012e-5,0.000341695,2.0702e-5,8.7957e-5,0.000582873,3.0423e-5,3.0842e-5,0.040526114,CUDA-Quadro GV100,shin-compute-001
OPF-polar,pglib_opf_case3_lmbd.m,pglib_opf_case3_lmbd.m,ExaModels,24,28,103,141,4.6879e-5,0.000224586,2.6403e-5,0.000177367,0.000203403,NaN,NaN,NaN,0.002297284,CUDA-Quadro GV100,shin-compute-001
OPF-polar,pglib_opf_case5_pjm.m,pglib_opf_case5_pjm.m,ExaModels,44,53,201,279,2.867e-5,0.000238051,2.645e-5,0.000175767,0.000195197,NaN,NaN,NaN,0.002326569,CUDA-Quadro GV100,shin-compute-001
OPF-polar,pglib_opf_case14_ieee.m,pglib_opf_case14_ieee.m,ExaModels,118,169,639,913,0.000139079,0.000238187,2.6585e-5,0.000178805,0.000197671,NaN,NaN,NaN,0.002408777,CUDA-Quadro GV100,shin-compute-001
OPF-polar,pglib_opf_case24_ieee_rts.m,pglib_opf_case24_ieee_rts.m,ExaModels,266,315,1255,1753,2.8484e-5,0.000245405,2.6676e-5,0.000176493,0.000197622,NaN,NaN,NaN,0.00257769,CUDA-Quadro GV100,shin-compute-001
OPF-polar,pglib_opf_case30_ieee.m,pglib_opf_case30_ieee.m,ExaModels,236,348,1303,1870,2.7959e-5,0.000226089,2.6673e-5,0.000177724,0.000195104,NaN,NaN,NaN,0.002499361,CUDA-Quadro GV100,shin-compute-001
OPF-polar,pglib_opf_case30_as.m,pglib_opf_case30_as.m,ExaModels,236,348,1303,1870,2.8204e-5,0.000223156,2.6538e-5,0.000180874,0.000198023,NaN,NaN,NaN,0.002493986,CUDA-Quadro GV100,shin-compute-001
OPF-polar,pglib_opf_case39_epri.m,pglib_opf_case39_epri.m,ExaModels,282,401,1479,2112,2.831e-5,0.00022788,2.6727e-5,0.000176827,0.000195843,NaN,NaN,NaN,0.002561522,CUDA-Quadro GV100,shin-compute-001
OPF-polar,pglib_opf_case57_ieee.m,pglib_opf_case57_ieee.m,ExaModels,448,675,2529,3641,3.5038e-5,0.00026139,3.5166e-5,0.000208311,0.000293371,NaN,NaN,NaN,0.00267256,CUDA-Quadro GV100,shin-compute-001
OPF-polar,pglib_opf_case60_c.m,pglib_opf_case60_c.m,ExaModels,518,737,2807,4015,3.5802e-5,0.000265264,3.5123e-5,0.000212096,0.000232087,NaN,NaN,NaN,0.003161196,CUDA-Quadro GV100,shin-compute-001
OPF-polar,pglib_opf_case73_ieee_rts.m,pglib_opf_case73_ieee_rts.m,ExaModels,824,987,3945,5525,3.5328e-5,0.000268646,3.5782e-5,0.000206578,0.000230301,NaN,NaN,NaN,0.003598813,CUDA-Quadro GV100,shin-compute-001
OPF-polar,pglib_opf_case89_pegase.m,pglib_opf_case89_pegase.m,ExaModels,1042,1649,6503,9430,3.4991e-5,0.000267132,3.504e-5,0.000210622,0.0002688,NaN,NaN,NaN,0.004051524,CUDA-Quadro GV100,shin-compute-001
OPF-polar,pglib_opf_case118_ieee.m,pglib_opf_case118_ieee.m,ExaModels,1088,1539,5925,8474,3.7186e-5,0.000271838,3.6432e-5,0.00020893,0.000232564,NaN,NaN,NaN,0.004190173,CUDA-Quadro GV100,shin-compute-001
OPF-polar,pglib_opf_case162_ieee_dtc.m,pglib_opf_case162_ieee_dtc.m,ExaModels,1484,2313,8869,12832,3.4805e-5,0.000261311,3.4985e-5,0.000211471,0.0002362,NaN,NaN,NaN,0.004449792,CUDA-Quadro GV100,shin-compute-001
OPF-polar,pglib_opf_case179_goc.m,pglib_opf_case179_goc.m,ExaModels,1468,2200,8307,11959,3.5033e-5,0.000262942,3.5145e-5,0.000207941,0.000233413,NaN,NaN,NaN,0.004487895,CUDA-Quadro GV100,shin-compute-001
OPF-polar,pglib_opf_case197_snem.m,pglib_opf_case197_snem.m,ExaModels,1608,2397,9045,13013,3.5037e-5,0.000264492,3.6284e-5,0.000210983,0.000235389,NaN,NaN,NaN,0.004612764,CUDA-Quadro GV100,shin-compute-001
OPF-polar,pglib_opf_case200_activ.m,pglib_opf_case200_activ.m,ExaModels,1456,2116,7827,11218,3.4927e-5,0.000273581,3.5191e-5,0.000209754,0.000233455,NaN,NaN,NaN,0.004721852,CUDA-Quadro GV100,shin-compute-001
OPF-polar,pglib_opf_case240_pserc.m,pglib_opf_case240_pserc.m,ExaModels,2558,3617,14207,20335,3.5251e-5,0.000271561,3.5369e-5,0.000210863,0.000233849,NaN,NaN,NaN,0.005305459,CUDA-Quadro GV100,shin-compute-001
OPF-polar,pglib_opf_case300_ieee.m,pglib_opf_case300_ieee.m,ExaModels,2382,3478,13069,18753,3.5085e-5,0.000265553,3.5285e-5,0.00021087,0.000232624,NaN,NaN,NaN,0.005111137,CUDA-Quadro GV100,shin-compute-001
OPF-polar,pglib_opf_case500_goc.m,pglib_opf_case500_goc.m,ExaModels,4254,6097,23183,33203,3.5229e-5,0.000266851,3.5519e-5,0.000215188,0.000236184,NaN,NaN,NaN,0.006691238,CUDA-Quadro GV100,shin-compute-001
OPF-polar,pglib_opf_case588_sdet.m,pglib_opf_case588_sdet.m,ExaModels,4110,5979,21947,31455,3.5668e-5,0.000263058,3.5456e-5,0.000213138,0.000237962,NaN,NaN,NaN,0.006412845,CUDA-Quadro GV100,shin-compute-001
OPF-polar,pglib_opf_case793_goc.m,pglib_opf_case793_goc.m,ExaModels,5432,7978,29171,41855,3.609e-5,0.000269093,3.5452e-5,0.000226014,0.000237977,NaN,NaN,NaN,0.007609082,CUDA-Quadro GV100,shin-compute-001
OPF-polar,pglib_opf_case1354_pegase.m,pglib_opf_case1354_pegase.m,ExaModels,11192,16646,62959,90572,0.000179232,0.000272805,3.5394e-5,0.000215619,0.000235072,NaN,NaN,NaN,0.010997957,CUDA-Quadro GV100,shin-compute-001
OPF-polar,pglib_opf_case1803_snem.m,pglib_opf_case1803_snem.m,ExaModels,15246,23172,87917,126816,3.8037e-5,0.000273817,3.5603e-5,0.00021573,0.000238038,NaN,NaN,NaN,0.013510089,CUDA-Quadro GV100,shin-compute-001
OPF-polar,pglib_opf_case1888_rte.m,pglib_opf_case1888_rte.m,ExaModels,14480,21494,80287,115430,3.5656e-5,0.000279131,3.5547e-5,0.00021904,0.000256935,NaN,NaN,NaN,0.013385097,CUDA-Quadro GV100,shin-compute-001
OPF-polar,pglib_opf_case1951_rte.m,pglib_opf_case1951_rte.m,ExaModels,15018,22075,82515,118492,3.8039e-5,0.000274757,3.7071e-5,0.000217487,0.000237851,NaN,NaN,NaN,0.013858248,CUDA-Quadro GV100,shin-compute-001
OPF-polar,pglib_opf_case2000_goc.m,pglib_opf_case2000_goc.m,ExaModels,19008,29432,113467,164090,3.555e-5,0.000272875,3.5769e-5,0.000214614,0.000244512,NaN,NaN,NaN,0.016316515,CUDA-Quadro GV100,shin-compute-001
OPF-polar,pglib_opf_case2312_goc.m,pglib_opf_case2312_goc.m,ExaModels,17128,25716,95467,137422,3.5306e-5,0.00027071,3.5757e-5,0.000214645,0.000237733,NaN,NaN,NaN,0.015384653,CUDA-Quadro GV100,shin-compute-001
OPF-polar,pglib_opf_case2383wp_k.m,pglib_opf_case2383wp_k.m,ExaModels,17004,25039,92301,132517,3.5818e-5,0.000273075,3.7009e-5,0.000218192,0.000238965,NaN,NaN,NaN,0.014784325,CUDA-Quadro GV100,shin-compute-001
OPF-polar,pglib_opf_case2736sp_k.m,pglib_opf_case2736sp_k.m,ExaModels,19088,28356,104083,149578,3.5217e-5,0.00026756,3.5402e-5,0.000215827,0.000238271,NaN,NaN,NaN,0.016661364,CUDA-Quadro GV100,shin-compute-001
OPF-polar,pglib_opf_case2737sop_k.m,pglib_opf_case2737sop_k.m,ExaModels,18988,28358,103983,149529,3.5254e-5,0.000267193,3.5729e-5,0.000215659,0.000243552,NaN,NaN,NaN,0.016556125,CUDA-Quadro GV100,shin-compute-001
OPF-polar,pglib_opf_case2742_goc.m,pglib_opf_case2742_goc.m,ExaModels,24540,38196,146039,211278,3.6951e-5,0.000271506,3.6343e-5,0.000216361,0.000241913,NaN,NaN,NaN,0.018880799,CUDA-Quadro GV100,shin-compute-001
OPF-polar,pglib_opf_case2746wop_k.m,pglib_opf_case2746wop_k.m,ExaModels,19582,28642,105565,151431,3.5724e-5,0.000268931,3.5907e-5,0.000215342,0.000237228,NaN,NaN,NaN,0.01713935,CUDA-Quadro GV100,shin-compute-001
OPF-polar,pglib_opf_case2746wp_k.m,pglib_opf_case2746wp_k.m,ExaModels,19520,28446,104775,150224,5.8384e-5,0.000280602,3.621e-5,0.00021567,0.000238267,NaN,NaN,NaN,0.017053755,CUDA-Quadro GV100,shin-compute-001
OPF-polar,pglib_opf_case2848_rte.m,pglib_opf_case2848_rte.m,ExaModels,21822,32129,119999,172351,3.6352e-5,0.000274781,3.631e-5,0.000217328,0.000240123,NaN,NaN,NaN,0.018451724,CUDA-Quadro GV100,shin-compute-001
OPF-polar,pglib_opf_case2853_sdet.m,pglib_opf_case2853_sdet.m,ExaModels,23028,33154,124975,179049,5.3659e-5,0.00027303,3.6788e-5,0.000219246,0.00024085,NaN,NaN,NaN,0.019336454,CUDA-Quadro GV100,shin-compute-001
OPF-polar,pglib_opf_case2868_rte.m,pglib_opf_case2868_rte.m,ExaModels,22090,32393,121099,173849,3.5976e-5,0.000270563,3.5694e-5,0.000215252,0.000243345,NaN,NaN,NaN,0.01873305,CUDA-Quadro GV100,shin-compute-001
OPF-polar,pglib_opf_case2869_pegase.m,pglib_opf_case2869_pegase.m,ExaModels,25086,37813,144219,207856,3.7329e-5,0.00027567,3.82e-5,0.000235513,0.000272468,NaN,NaN,NaN,0.020333336,CUDA-Quadro GV100,shin-compute-001
OPF-polar,pglib_opf_case3012wp_k.m,pglib_opf_case3012wp_k.m,ExaModels,21082,31029,113955,163577,3.804e-5,0.000296859,3.784e-5,0.000267006,0.000259132,NaN,NaN,NaN,0.020381435,CUDA-Quadro GV100,shin-compute-001
OPF-polar,pglib_opf_case3022_goc.m,pglib_opf_case3022_goc.m,ExaModels,23238,34990,130749,188311,3.7374e-5,0.000363851,3.7364e-5,0.000276939,0.00025305,NaN,NaN,NaN,0.022864556,CUDA-Quadro GV100,shin-compute-001
OPF-polar,pglib_opf_case3120sp_k.m,pglib_opf_case3120sp_k.m,ExaModels,21608,32092,117627,169030,3.7774e-5,0.000384824,3.7373e-5,0.00027922,0.000249484,NaN,NaN,NaN,0.021153538,CUDA-Quadro GV100,shin-compute-001
OPF-polar,pglib_opf_case3375wp_k.m,pglib_opf_case3375wp_k.m,ExaModels,24350,35876,132537,190311,3.7707e-5,0.000363249,3.785e-5,0.000222238,0.000272362,NaN,NaN,NaN,0.023827483,CUDA-Quadro GV100,shin-compute-001
OPF-polar,pglib_opf_case3970_goc.m,pglib_opf_case3970_goc.m,ExaModels,35270,54428,207937,300527,3.8721e-5,0.000291267,3.696e-5,0.000226722,0.000241558,NaN,NaN,NaN,0.026506959,CUDA-Quadro GV100,shin-compute-001
OPF-polar,pglib_opf_case4020_goc.m,pglib_opf_case4020_goc.m,ExaModels,36696,56957,218385,315864,3.6672e-5,0.000284045,3.5891e-5,0.000218993,0.000239525,NaN,NaN,NaN,0.027242052,CUDA-Quadro GV100,shin-compute-001
OPF-polar,pglib_opf_case4601_goc.m,pglib_opf_case4601_goc.m,ExaModels,38814,59596,225989,326366,3.5844e-5,0.00027488,3.5913e-5,0.000217821,0.00024294,NaN,NaN,NaN,0.029139108,CUDA-Quadro GV100,shin-compute-001
OPF-polar,pglib_opf_case4619_goc.m,pglib_opf_case4619_goc.m,ExaModels,42532,66289,254433,368185,3.5875e-5,0.000271881,3.5869e-5,0.000215462,0.000237871,NaN,NaN,NaN,0.031730174,CUDA-Quadro GV100,shin-compute-001
OPF-polar,pglib_opf_case4661_sdet.m,pglib_opf_case4661_sdet.m,ExaModels,34758,51302,190681,273914,3.6366e-5,0.000265789,3.6333e-5,0.000219464,0.000241377,NaN,NaN,NaN,0.027021271,CUDA-Quadro GV100,shin-compute-001
OPF-polar,pglib_opf_case4837_goc.m,pglib_opf_case4837_goc.m,ExaModels,41398,64030,243289,351666,3.5528e-5,0.000270286,3.5433e-5,0.00021688,0.000242412,NaN,NaN,NaN,0.029274542,CUDA-Quadro GV100,shin-compute-001
OPF-polar,pglib_opf_case4917_goc.m,pglib_opf_case4917_goc.m,ExaModels,37872,56917,212749,306345,3.6592e-5,0.000270812,3.6118e-5,0.000216042,0.000242391,NaN,NaN,NaN,0.029828632,CUDA-Quadro GV100,shin-compute-001
OPF-polar,pglib_opf_case5658_epigrids.m,pglib_opf_case5658_epigrids.m,ExaModels,48552,74821,284425,410958,3.5685e-5,0.000280685,3.59e-5,0.00021538,0.000238691,NaN,NaN,NaN,0.034634607,CUDA-Quadro GV100,shin-compute-001
OPF-polar,pglib_opf_case6468_rte.m,pglib_opf_case6468_rte.m,ExaModels,49734,75937,283735,409335,3.574e-5,0.000272182,3.5768e-5,0.000215104,0.000239129,NaN,NaN,NaN,0.038652177,CUDA-Quadro GV100,shin-compute-001
OPF-polar,pglib_opf_case6470_rte.m,pglib_opf_case6470_rte.m,ExaModels,50482,75976,284613,409921,3.6344e-5,0.000271334,3.6719e-5,0.0002184,0.00024298,NaN,NaN,NaN,0.038534578,CUDA-Quadro GV100,shin-compute-001
OPF-polar,pglib_opf_case6495_rte.m,pglib_opf_case6495_rte.m,ExaModels,50426,76124,284921,410506,3.6158e-5,0.000270481,3.6103e-5,0.000214953,0.000240611,NaN,NaN,NaN,0.03886493,CUDA-Quadro GV100,shin-compute-001
OPF-polar,pglib_opf_case6515_rte.m,pglib_opf_case6515_rte.m,ExaModels,50546,76290,285509,411342,3.5913e-5,0.000268529,3.6114e-5,0.000217111,0.000238474,NaN,NaN,NaN,0.04014304,CUDA-Quadro GV100,shin-compute-001
OPF-polar,pglib_opf_case7336_epigrids.m,pglib_opf_case7336_epigrids.m,ExaModels,62116,95306,361611,522192,3.6212e-5,0.000280119,3.6286e-5,0.000213539,0.000239934,NaN,NaN,NaN,0.044095491,CUDA-Quadro GV100,shin-compute-001
OPF-polar,pglib_opf_case8387_pegase.m,pglib_opf_case8387_pegase.m,ExaModels,78748,118702,457335,659323,5.3098e-5,0.000290326,3.5882e-5,0.000217675,0.000238665,NaN,NaN,NaN,0.058157451,CUDA-Quadro GV100,shin-compute-001
OPF-polar,pglib_opf_case9241_pegase.m,pglib_opf_case9241_pegase.m,ExaModels,85568,130826,502843,726083,5.3701e-5,0.000286069,3.5609e-5,0.000215536,0.000238076,NaN,NaN,NaN,0.058124195,CUDA-Quadro GV100,shin-compute-001
OPF-polar,pglib_opf_case9591_goc.m,pglib_opf_case9591_goc.m,ExaModels,83572,130588,497363,719807,3.8169e-5,0.000283431,3.7169e-5,0.000214234,0.000240178,NaN,NaN,NaN,0.056777282,CUDA-Quadro GV100,shin-compute-001
OPF-polar,pglib_opf_case10000_goc.m,pglib_opf_case10000_goc.m,ExaModels,76804,112352,419823,602508,5.2008e-5,0.000281403,3.5691e-5,0.000217478,0.000241284,NaN,NaN,NaN,0.055493355,CUDA-Quadro GV100,shin-compute-001
OPF-polar,pglib_opf_case10192_epigrids.m,pglib_opf_case10192_epigrids.m,ExaModels,89850,139456,532137,769576,3.6287e-5,0.000289575,3.6178e-5,0.000217003,0.000244117,NaN,NaN,NaN,0.061286494,CUDA-Quadro GV100,shin-compute-001
OPF-polar,pglib_opf_case10480_goc.m,pglib_opf_case10480_goc.m,ExaModels,96750,150874,579285,838333,5.5714e-5,0.00028549,3.8081e-5,0.000215827,0.000241177,NaN,NaN,NaN,0.065440531,CUDA-Quadro GV100,shin-compute-001
OPF-polar,pglib_opf_case13659_pegase.m,pglib_opf_case13659_pegase.m,ExaModels,117370,170588,649513,931958,5.2975e-5,0.000286545,3.5879e-5,0.000218191,0.000240091,NaN,NaN,NaN,0.083179462,CUDA-Quadro GV100,shin-compute-001
OPF-polar,pglib_opf_case19402_goc.m,pglib_opf_case19402_goc.m,ExaModels,179562,281733,1081867,1566751,5.3487e-5,0.000283633,3.7403e-5,0.000226609,0.00035058,NaN,NaN,NaN,0.115870413,CUDA-Quadro GV100,shin-compute-001
OPF-polar,pglib_opf_case20758_epigrids.m,pglib_opf_case20758_epigrids.m,ExaModels,179236,274918,1046155,1510782,5.531e-5,0.000290795,3.5812e-5,0.000224369,0.000341872,NaN,NaN,NaN,0.120663617,CUDA-Quadro GV100,shin-compute-001
OPF-polar,pglib_opf_case24464_goc.m,pglib_opf_case24464_goc.m,ExaModels,203374,313641,1186591,1714423,5.4087e-5,0.000282741,3.568e-5,0.000237833,0.000357996,NaN,NaN,NaN,0.135440863,CUDA-Quadro GV100,shin-compute-001
OPF-polar,pglib_opf_case30000_goc.m,pglib_opf_case30000_goc.m,ExaModels,208624,307752,1128843,1620818,5.3431e-5,0.000284273,3.5946e-5,0.000233839,0.000359414,NaN,NaN,NaN,0.145826356,CUDA-Quadro GV100,shin-compute-001
OPF-polar,pglib_opf_case78484_epigrids.m,pglib_opf_case78484_epigrids.m,ExaModels,674562,1039062,3950953,5708389,5.6046e-5,0.000629245,2.8252e-5,0.000550091,0.000851876,NaN,NaN,NaN,0.525995385,CUDA-Quadro GV100,shin-compute-001
OPF-rect,pglib_opf_case3_lmbd.m,pglib_opf_case3_lmbd.m,ExaModels,24,31,122,150,2.8165e-5,0.000272097,2.6446e-5,0.00021396,0.000234885,NaN,NaN,NaN,0.002312068,CUDA-Quadro GV100,shin-compute-001
OPF-rect,pglib_opf_case5_pjm.m,pglib_opf_case5_pjm.m,ExaModels,44,58,234,290,3.1131e-5,0.000277862,2.777e-5,0.000216777,0.000235963,NaN,NaN,NaN,0.002374976,CUDA-Quadro GV100,shin-compute-001
OPF-rect,pglib_opf_case14_ieee.m,pglib_opf_case14_ieee.m,ExaModels,118,183,736,932,3.0838e-5,0.000282009,2.7859e-5,0.000213812,0.000235163,NaN,NaN,NaN,0.002484643,CUDA-Quadro GV100,shin-compute-001
OPF-rect,pglib_opf_case24_ieee_rts.m,pglib_opf_case24_ieee_rts.m,ExaModels,266,339,1428,1776,3.0656e-5,0.000281329,2.8116e-5,0.000216506,0.000236008,NaN,NaN,NaN,0.002658362,CUDA-Quadro GV100,shin-compute-001
OPF-rect,pglib_opf_case30_ieee.m,pglib_opf_case30_ieee.m,ExaModels,236,378,1506,1911,3.0704e-5,0.00028214,2.7915e-5,0.000218198,0.000236537,NaN,NaN,NaN,0.002568519,CUDA-Quadro GV100,shin-compute-001
OPF-rect,pglib_opf_case30_as.m,pglib_opf_case30_as.m,ExaModels,236,378,1506,1911,3.0654e-5,0.000273796,2.7882e-5,0.00021665,0.000236219,NaN,NaN,NaN,0.00256075,CUDA-Quadro GV100,shin-compute-001
OPF-rect,pglib_opf_case39_epri.m,pglib_opf_case39_epri.m,ExaModels,282,440,1728,2179,3.0773e-5,0.000276201,2.774e-5,0.000217126,0.000236317,NaN,NaN,NaN,0.002583307,CUDA-Quadro GV100,shin-compute-001
OPF-rect,pglib_opf_case57_ieee.m,pglib_opf_case57_ieee.m,ExaModels,448,732,2918,3712,3.0723e-5,0.000286671,2.8137e-5,0.000217258,0.000236496,NaN,NaN,NaN,0.002775018,CUDA-Quadro GV100,shin-compute-001
OPF-rect,pglib_opf_case60_c.m,pglib_opf_case60_c.m,ExaModels,518,797,3224,4082,3.0651e-5,0.000275959,2.7962e-5,0.000216366,0.000235435,NaN,NaN,NaN,0.002811798,CUDA-Quadro GV100,shin-compute-001
OPF-rect,pglib_opf_case73_ieee_rts.m,pglib_opf_case73_ieee_rts.m,ExaModels,824,1060,4478,5580,3.7492e-5,0.000320903,3.7242e-5,0.000251491,0.000271665,NaN,NaN,NaN,0.00337548,CUDA-Quadro GV100,shin-compute-001
OPF-rect,pglib_opf_case89_pegase.m,pglib_opf_case89_pegase.m,ExaModels,1042,1738,7280,9369,3.7473e-5,0.000314503,3.6329e-5,0.000255195,0.000274772,NaN,NaN,NaN,0.004107196,CUDA-Quadro GV100,shin-compute-001
OPF-rect,pglib_opf_case118_ieee.m,pglib_opf_case118_ieee.m,ExaModels,1088,1657,6770,8577,3.7336e-5,0.000321785,3.6645e-5,0.000252999,0.000273846,NaN,NaN,NaN,0.004239007,CUDA-Quadro GV100,shin-compute-001
OPF-rect,pglib_opf_case162_ieee_dtc.m,pglib_opf_case162_ieee_dtc.m,ExaModels,1484,2475,10086,12915,3.7503e-5,0.000312293,3.6494e-5,0.00025323,0.000273783,NaN,NaN,NaN,0.004490501,CUDA-Quadro GV100,shin-compute-001
OPF-rect,pglib_opf_case179_goc.m,pglib_opf_case179_goc.m,ExaModels,1468,2379,9550,12152,3.7424e-5,0.000320734,3.6492e-5,0.000253241,0.000276458,NaN,NaN,NaN,0.004525321,CUDA-Quadro GV100,shin-compute-001
OPF-rect,pglib_opf_case197_snem.m,pglib_opf_case197_snem.m,ExaModels,1608,2594,10406,13232,3.7308e-5,0.000319869,3.626e-5,0.000252407,0.000275015,NaN,NaN,NaN,0.004689909,CUDA-Quadro GV100,shin-compute-001
OPF-rect,pglib_opf_case200_activ.m,pglib_opf_case200_activ.m,ExaModels,1456,2316,9118,11531,3.731e-5,0.000316891,3.6581e-5,0.000255008,0.000275953,NaN,NaN,NaN,0.004630933,CUDA-Quadro GV100,shin-compute-001
OPF-rect,pglib_opf_case240_pserc.m,pglib_opf_case240_pserc.m,ExaModels,2558,3857,16064,20402,3.7602e-5,0.000325192,3.6636e-5,0.000254794,0.000276716,NaN,NaN,NaN,0.005324064,CUDA-Quadro GV100,shin-compute-001
OPF-rect,pglib_opf_case300_ieee.m,pglib_opf_case300_ieee.m,ExaModels,2382,3778,15092,19134,3.7313e-5,0.000317646,3.6797e-5,0.000254155,0.000276624,NaN,NaN,NaN,0.005162143,CUDA-Quadro GV100,shin-compute-001
OPF-rect,pglib_opf_case500_goc.m,pglib_opf_case500_goc.m,ExaModels,4254,6597,26640,33750,3.7806e-5,0.000323668,3.6902e-5,0.000256516,0.000278986,NaN,NaN,NaN,0.006631396,CUDA-Quadro GV100,shin-compute-001
OPF-rect,pglib_opf_case588_sdet.m,pglib_opf_case588_sdet.m,ExaModels,4110,6567,25672,32438,3.6973e-5,0.000324945,3.6656e-5,0.00025638,0.000278309,NaN,NaN,NaN,0.006469915,CUDA-Quadro GV100,shin-compute-001
OPF-rect,pglib_opf_case793_goc.m,pglib_opf_case793_goc.m,ExaModels,5432,8771,34170,43204,3.7109e-5,0.000319469,3.663e-5,0.000258636,0.000279848,NaN,NaN,NaN,0.007621333,CUDA-Quadro GV100,shin-compute-001
OPF-rect,pglib_opf_case1354_pegase.m,pglib_opf_case1354_pegase.m,ExaModels,11192,18000,72358,92009,3.7395e-5,0.000324694,3.6729e-5,0.000254587,0.000275089,NaN,NaN,NaN,0.010840821,CUDA-Quadro GV100,shin-compute-001
OPF-rect,pglib_opf_case1803_snem.m,pglib_opf_case1803_snem.m,ExaModels,15246,24975,100720,128441,3.7524e-5,0.000326501,3.7017e-5,0.00025265,0.000273192,NaN,NaN,NaN,0.013524206,CUDA-Quadro GV100,shin-compute-001
OPF-rect,pglib_opf_case1888_rte.m,pglib_opf_case1888_rte.m,ExaModels,14480,23382,92902,117923,3.5506e-5,0.000312044,3.5506e-5,0.000253558,0.000274879,NaN,NaN,NaN,0.013199531,CUDA-Quadro GV100,shin-compute-001
OPF-rect,pglib_opf_case1951_rte.m,pglib_opf_case1951_rte.m,ExaModels,15018,24026,95512,121107,3.5357e-5,0.000317856,3.5727e-5,0.000252135,0.000276736,NaN,NaN,NaN,0.013759059,CUDA-Quadro GV100,shin-compute-001
OPF-rect,pglib_opf_case2000_goc.m,pglib_opf_case2000_goc.m,ExaModels,19008,31432,128734,164827,3.7734e-5,0.000329578,3.7029e-5,0.000252894,0.00027502,NaN,NaN,NaN,0.016264864,CUDA-Quadro GV100,shin-compute-001
OPF-rect,pglib_opf_case2312_goc.m,pglib_opf_case2312_goc.m,ExaModels,17128,28028,110742,140647,3.5226e-5,0.000322486,3.5659e-5,0.000255064,0.000273559,NaN,NaN,NaN,0.015499552,CUDA-Quadro GV100,shin-compute-001
OPF-rect,pglib_opf_case2383wp_k.m,pglib_opf_case2383wp_k.m,ExaModels,17004,27422,107626,136260,3.5471e-5,0.000315137,3.5561e-5,0.000255845,0.000274577,NaN,NaN,NaN,0.015034367,CUDA-Quadro GV100,shin-compute-001
OPF-rect,pglib_opf_case2736sp_k.m,pglib_opf_case2736sp_k.m,ExaModels,19088,31092,121566,153987,3.7693e-5,0.000318948,3.6714e-5,0.000252643,0.000275112,NaN,NaN,NaN,0.016659637,CUDA-Quadro GV100,shin-compute-001
OPF-rect,pglib_opf_case2737sop_k.m,pglib_opf_case2737sop_k.m,ExaModels,18988,31095,121470,153942,3.5044e-5,0.000313317,3.5573e-5,0.000255074,0.000274944,NaN,NaN,NaN,0.016507835,CUDA-Quadro GV100,shin-compute-001
OPF-rect,pglib_opf_case2742_goc.m,pglib_opf_case2742_goc.m,ExaModels,24540,40938,166354,212903,3.5176e-5,0.000322071,3.5503e-5,0.000254214,0.000276595,NaN,NaN,NaN,0.018773532,CUDA-Quadro GV100,shin-compute-001
OPF-rect,pglib_opf_case2746wop_k.m,pglib_opf_case2746wop_k.m,ExaModels,19582,31388,123164,155804,3.803e-5,0.00032469,3.7407e-5,0.000256024,0.000276209,NaN,NaN,NaN,0.01716654,CUDA-Quadro GV100,shin-compute-001
OPF-rect,pglib_opf_case2746wp_k.m,pglib_opf_case2746wp_k.m,ExaModels,19520,31192,122318,154653,3.5996e-5,0.000314784,3.6208e-5,0.000256726,0.000276673,NaN,NaN,NaN,0.016955817,CUDA-Quadro GV100,shin-compute-001
OPF-rect,pglib_opf_case2848_rte.m,pglib_opf_case2848_rte.m,ExaModels,21822,34977,138944,176194,3.6182e-5,0.00032168,3.6375e-5,0.000254549,0.000277781,NaN,NaN,NaN,0.018270362,CUDA-Quadro GV100,shin-compute-001
OPF-rect,pglib_opf_case2853_sdet.m,pglib_opf_case2853_sdet.m,ExaModels,23028,36007,144230,182622,5.5934e-5,0.000331692,3.8456e-5,0.000253947,0.000275023,NaN,NaN,NaN,0.020127063,CUDA-Quadro GV100,shin-compute-001
OPF-rect,pglib_opf_case2868_rte.m,pglib_opf_case2868_rte.m,ExaModels,22090,35261,140188,177708,3.5576e-5,0.000323532,3.5731e-5,0.000253664,0.000274033,NaN,NaN,NaN,0.018522228,CUDA-Quadro GV100,shin-compute-001
OPF-rect,pglib_opf_case2869_pegase.m,pglib_opf_case2869_pegase.m,ExaModels,25086,40682,164860,210171,3.5965e-5,0.000314616,3.6142e-5,0.000253297,0.000275466,NaN,NaN,NaN,0.020238826,CUDA-Quadro GV100,shin-compute-001
OPF-rect,pglib_opf_case3012wp_k.m,pglib_opf_case3012wp_k.m,ExaModels,21082,34041,133148,168484,3.8382e-5,0.000317034,3.7266e-5,0.00025272,0.000275868,NaN,NaN,NaN,0.017644789,CUDA-Quadro GV100,shin-compute-001
OPF-rect,pglib_opf_case3022_goc.m,pglib_opf_case3022_goc.m,ExaModels,23238,38012,151108,192132,3.5511e-5,0.000315073,3.5874e-5,0.000253232,0.000273287,NaN,NaN,NaN,0.019767994,CUDA-Quadro GV100,shin-compute-001
OPF-rect,pglib_opf_case3120sp_k.m,pglib_opf_case3120sp_k.m,ExaModels,21608,35212,137494,174127,3.5393e-5,0.000316054,3.5619e-5,0.000254508,0.00027684,NaN,NaN,NaN,0.018564024,CUDA-Quadro GV100,shin-compute-001
OPF-rect,pglib_opf_case3375wp_k.m,pglib_opf_case3375wp_k.m,ExaModels,24350,39250,154356,195488,3.837e-5,0.000321294,3.7607e-5,0.000257932,0.000275175,NaN,NaN,NaN,0.020260405,CUDA-Quadro GV100,shin-compute-001
OPF-rect,pglib_opf_case3970_goc.m,pglib_opf_case3970_goc.m,ExaModels,35270,58398,237100,303128,3.5342e-5,0.000321838,3.5782e-5,0.00025388,0.000277233,NaN,NaN,NaN,0.026128456,CUDA-Quadro GV100,shin-compute-001
OPF-rect,pglib_opf_case4020_goc.m,pglib_opf_case4020_goc.m,ExaModels,36696,60977,248442,317971,3.5269e-5,0.000324201,3.5813e-5,0.000253395,0.000273942,NaN,NaN,NaN,0.026874549,CUDA-Quadro GV100,shin-compute-001
OPF-rect,pglib_opf_case4601_goc.m,pglib_opf_case4601_goc.m,ExaModels,38814,64197,258792,330375,3.835e-5,0.000337288,3.7307e-5,0.000255191,0.000277461,NaN,NaN,NaN,0.029266721,CUDA-Quadro GV100,shin-compute-001
OPF-rect,pglib_opf_case4619_goc.m,pglib_opf_case4619_goc.m,ExaModels,42532,70908,289210,370364,3.5632e-5,0.000327603,3.5628e-5,0.000256835,0.000276023,NaN,NaN,NaN,0.032099716,CUDA-Quadro GV100,shin-compute-001
OPF-rect,pglib_opf_case4661_sdet.m,pglib_opf_case4661_sdet.m,ExaModels,34758,55963,221320,280567,3.6224e-5,0.000316025,3.6292e-5,0.000254704,0.000277908,NaN,NaN,NaN,0.028154854,CUDA-Quadro GV100,shin-compute-001
OPF-rect,pglib_opf_case4837_goc.m,pglib_opf_case4837_goc.m,ExaModels,41398,68867,278168,355487,3.7661e-5,0.000334236,3.6793e-5,0.000254388,0.000277845,NaN,NaN,NaN,0.030562829,CUDA-Quadro GV100,shin-compute-001
OPF-rect,pglib_opf_case4917_goc.m,pglib_opf_case4917_goc.m,ExaModels,37872,61834,245870,312564,3.5859e-5,0.000319439,3.5616e-5,0.000253769,0.000273622,NaN,NaN,NaN,0.030793219,CUDA-Quadro GV100,shin-compute-001
OPF-rect,pglib_opf_case5658_epigrids.m,pglib_opf_case5658_epigrids.m,ExaModels,48552,80479,325202,415449,3.5964e-5,0.000331132,3.6346e-5,0.000255351,0.000278396,NaN,NaN,NaN,0.035542275,CUDA-Quadro GV100,shin-compute-001
OPF-rect,pglib_opf_case6468_rte.m,pglib_opf_case6468_rte.m,ExaModels,49734,82405,327608,417210,3.8306e-5,0.000337083,3.7409e-5,0.000259595,0.000276142,NaN,NaN,NaN,0.039637155,CUDA-Quadro GV100,shin-compute-001
OPF-rect,pglib_opf_case6470_rte.m,pglib_opf_case6470_rte.m,ExaModels,50482,82446,328504,417794,3.578e-5,0.000321519,3.6591e-5,0.000257016,0.000279145,NaN,NaN,NaN,0.040108091,CUDA-Quadro GV100,shin-compute-001
OPF-rect,pglib_opf_case6495_rte.m,pglib_opf_case6495_rte.m,ExaModels,50426,82619,328940,418451,3.614e-5,0.000321383,3.6217e-5,0.000253135,0.000276401,NaN,NaN,NaN,0.039906336,CUDA-Quadro GV100,shin-compute-001
OPF-rect,pglib_opf_case6515_rte.m,pglib_opf_case6515_rte.m,ExaModels,50546,82805,329644,419331,3.8533e-5,0.00033144,3.7739e-5,0.000256486,0.000274834,NaN,NaN,NaN,0.039568461,CUDA-Quadro GV100,shin-compute-001
OPF-rect,pglib_opf_case7336_epigrids.m,pglib_opf_case7336_epigrids.m,ExaModels,62116,102642,413994,528501,3.5881e-5,0.000333719,3.6223e-5,0.000254298,0.000275896,NaN,NaN,NaN,0.045413758,CUDA-Quadro GV100,shin-compute-001
OPF-rect,pglib_opf_case8387_pegase.m,pglib_opf_case8387_pegase.m,ExaModels,78748,127089,520006,663752,5.3084e-5,0.000342465,3.5644e-5,0.00025471,0.000274933,NaN,NaN,NaN,0.059647354,CUDA-Quadro GV100,shin-compute-001
OPF-rect,pglib_opf_case9241_pegase.m,pglib_opf_case9241_pegase.m,ExaModels,85568,140067,571906,730952,5.5581e-5,0.000343959,3.7478e-5,0.000258787,0.000276552,NaN,NaN,NaN,0.059392426,CUDA-Quadro GV100,shin-compute-001
OPF-rect,pglib_opf_case9591_goc.m,pglib_opf_case9591_goc.m,ExaModels,83572,140179,567558,726344,3.5769e-5,0.000325143,3.5654e-5,0.000251064,0.000276105,NaN,NaN,NaN,0.057556436,CUDA-Quadro GV100,shin-compute-001
OPF-rect,pglib_opf_case10000_goc.m,pglib_opf_case10000_goc.m,ExaModels,76804,122352,486210,616125,5.2811e-5,0.000320537,3.5814e-5,0.000253599,0.000274586,NaN,NaN,NaN,0.05684905,CUDA-Quadro GV100,shin-compute-001
OPF-rect,pglib_opf_case10192_epigrids.m,pglib_opf_case10192_epigrids.m,ExaModels,89850,149645,606916,776313,3.8479e-5,0.000351765,3.8118e-5,0.000256719,0.000275739,NaN,NaN,NaN,0.062266648,CUDA-Quadro GV100,shin-compute-001
OPF-rect,pglib_opf_case10480_goc.m,pglib_opf_case10480_goc.m,ExaModels,96750,161354,658324,843138,5.3803e-5,0.000334586,3.6743e-5,0.000257035,0.00027895,NaN,NaN,NaN,0.065854743,CUDA-Quadro GV100,shin-compute-001
OPF-rect,pglib_opf_case13659_pegase.m,pglib_opf_case13659_pegase.m,ExaModels,117370,184247,745084,945663,5.3219e-5,0.000334104,3.5908e-5,0.000255757,0.000280813,NaN,NaN,NaN,0.084302936,CUDA-Quadro GV100,shin-compute-001
OPF-rect,pglib_opf_case19402_goc.m,pglib_opf_case19402_goc.m,ExaModels,179562,301135,1228884,1574954,5.6093e-5,0.000340934,3.7894e-5,0.00028316,0.00034804,NaN,NaN,NaN,0.118487933,CUDA-Quadro GV100,shin-compute-001
OPF-rect,pglib_opf_case20758_epigrids.m,pglib_opf_case20758_epigrids.m,ExaModels,179236,295676,1195874,1527131,5.338e-5,0.00034384,3.579e-5,0.000278729,0.000344661,NaN,NaN,NaN,0.123242908,CUDA-Quadro GV100,shin-compute-001
OPF-rect,pglib_opf_case24464_goc.m,pglib_opf_case24464_goc.m,ExaModels,203374,338105,1360080,1736650,5.4022e-5,0.000338447,3.5783e-5,0.000307024,0.000370277,NaN,NaN,NaN,0.138115519,CUDA-Quadro GV100,shin-compute-001
OPF-rect,pglib_opf_case30000_goc.m,pglib_opf_case30000_goc.m,ExaModels,208624,337752,1319630,1670035,5.4071e-5,0.000334312,3.5754e-5,0.000299879,0.00036189,NaN,NaN,NaN,0.147097444,CUDA-Quadro GV100,shin-compute-001
OPF-rect,pglib_opf_case78484_epigrids.m,pglib_opf_case78484_epigrids.m,ExaModels,674562,1117540,4516896,5770274,5.3867e-5,0.000685718,3.6449e-5,0.00085177,0.001149433,NaN,NaN,NaN,0.479278978,CUDA-Quadro GV100,shin-compute-001
LV,rosenrock,20,ExaModels,20,18,54,165,5.6056e-5,3.1568e-5,6.7582e-5,4.7479e-5,6.996e-5,8.9163e-5,7.7777e-5,7.4986e-5,0.003696147,AMDGPU-AMD Radeon VII,shin-compute-002
LV,rosenrock,2000,ExaModels,2000,1998,5994,17985,6.5641e-5,3.264e-5,6.8459e-5,5.1378e-5,8.3331e-5,0.000120815,7.634e-5,7.6064e-5,0.005454758,AMDGPU-AMD Radeon VII,shin-compute-002
LV,rosenrock,200000,ExaModels,200000,199998,599994,1799985,0.000111052,5.3982e-5,0.000103361,0.000119151,0.000436155,0.000805314,0.000228806,0.000230113,0.031883475,AMDGPU-AMD Radeon VII,shin-compute-002
LV,wood,20,ExaModels,20,13,39,102,5.4812e-5,5.5304e-5,6.7172e-5,5.5342e-5,7.1574e-5,8.6601e-5,8.5079e-5,8.5016e-5,0.003647187,AMDGPU-AMD Radeon VII,shin-compute-002
LV,wood,2000,ExaModels,2000,1993,5979,12972,6.7814e-5,5.5782e-5,7.1218e-5,5.7997e-5,7.6448e-5,0.00011435,8.9315e-5,9.0286e-5,0.005075717,AMDGPU-AMD Radeon VII,shin-compute-002
LV,wood,200000,ExaModels,200000,199993,599979,1299972,9.7258e-5,6.626e-5,0.000135895,7.9276e-5,0.000214022,0.000608664,0.000176405,0.000176364,0.030022746,AMDGPU-AMD Radeon VII,shin-compute-002
LV,chained_powell,20,ExaModels,20,2,4,79,5.3561e-5,3.9368e-5,6.5653e-5,5.4436e-5,7.158e-5,8.7106e-5,8.3611e-5,8.2988e-5,0.003241468,AMDGPU-AMD Radeon VII,shin-compute-002
LV,chained_powell,2000,ExaModels,2000,2,4,7999,7.0718e-5,3.9967e-5,6.9981e-5,5.478e-5,8.0664e-5,0.000107589,8.4182e-5,8.3727e-5,0.00377935,AMDGPU-AMD Radeon VII,shin-compute-002
LV,chained_powell,200000,ExaModels,200000,2,4,799999,0.00010773,3.9141e-5,0.000126105,5.482e-5,0.000184862,0.000537961,8.4108e-5,8.5038e-5,0.008493643,AMDGPU-AMD Radeon VII,shin-compute-002
LV,cragg_levy,20,ExaModels,20,18,54,135,5.819e-5,2.9504e-5,6.6066e-5,4.0397e-5,5.8866e-5,8.8814e-5,6.86e-5,6.7748e-5,0.003577628,AMDGPU-AMD Radeon VII,shin-compute-002
LV,cragg_levy,2000,ExaModels,2000,1998,5994,14985,0.000108979,2.9185e-5,7.8979e-5,4.3595e-5,8.4469e-5,0.000134507,7.4584e-5,7.4249e-5,0.004908396,AMDGPU-AMD Radeon VII,shin-compute-002
LV,cragg_levy,200000,ExaModels,200000,199998,599994,1499985,0.000129748,3.4476e-5,0.000136468,8.3322e-5,0.000326962,0.000814224,0.000187809,0.000188792,0.028989294,AMDGPU-AMD Radeon VII,shin-compute-002
LV,broyden_tridiagonal,20,ExaModels,20,16,80,194,7.0328e-5,2.8759e-5,8.4789e-5,4.3228e-5,7.6114e-5,0.000107643,6.9183e-5,6.9037e-5,0.0037446,AMDGPU-AMD Radeon VII,shin-compute-002
LV,broyden_tridiagonal,2000,ExaModels,2000,1996,9980,21974,0.000119214,3.0192e-5,8.9674e-5,5.0118e-5,8.5879e-5,0.000149185,8.1824e-5,8.2049e-5,0.005221792,AMDGPU-AMD Radeon VII,shin-compute-002
LV,broyden_tridiagonal,200000,ExaModels,200000,199996,999980,2199974,0.000114189,3.7639e-5,0.000160385,0.000151348,0.000307926,0.001021535,0.000364435,0.000364683,0.036117839,AMDGPU-AMD Radeon VII,shin-compute-002
LV,broyden_banded,20,ExaModels,40,29,167,258,5.5002e-5,0.000118813,6.6203e-5,0.000146677,0.000173776,9.1716e-5,0.000178404,0.000179229,0.004664346,AMDGPU-AMD Radeon VII,shin-compute-002
LV,broyden_banded,2000,ExaModels,4000,2999,18977,27978,6.8439e-5,0.000123731,6.6921e-5,0.000172557,0.000200088,0.000139954,0.00021922,0.000221636,0.006353025,AMDGPU-AMD Radeon VII,shin-compute-002
LV,broyden_banded,200000,ExaModels,400000,299999,1899977,2799978,0.000104878,0.000137495,0.000111902,0.000437497,0.000651409,0.001110108,0.000915913,0.000860279,0.052681796,AMDGPU-AMD Radeon VII,shin-compute-002
LV,trigo_tridiagonal,20,ExaModels,20,4,14,69,5.5199e-5,6.7254e-5,6.8301e-5,8.398e-5,0.000104693,8.3684e-5,0.000116263,0.000111238,0.004058182,AMDGPU-AMD Radeon VII,shin-compute-002
LV,trigo_tridiagonal,2000,ExaModels,2000,4,14,6009,6.451e-5,6.7637e-5,7.1442e-5,8.5895e-5,0.000105774,8.978e-5,0.00011591,0.000115247,0.004686266,AMDGPU-AMD Radeon VII,shin-compute-002
LV,trigo_tridiagonal,200000,ExaModels,200000,4,14,600009,0.000106578,6.6048e-5,0.000152123,8.4544e-5,0.000118926,0.000248953,0.000116178,0.000116647,0.008603663,AMDGPU-AMD Radeon VII,shin-compute-002
LV,augmented_lagrangian,20,ExaModels,20,18,54,106,5.5183e-5,2.6974e-5,6.8584e-5,4.0006e-5,6.1678e-5,9.1344e-5,6.8977e-5,6.8193e-5,0.003640152,AMDGPU-AMD Radeon VII,shin-compute-002
LV,augmented_lagrangian,2000,ExaModels,2000,1998,5994,10798,6.913e-5,2.8483e-5,6.9767e-5,4.1749e-5,7.6194e-5,0.000129838,7.5281e-5,7.5012e-5,0.004991433,AMDGPU-AMD Radeon VII,shin-compute-002
LV,augmented_lagrangian,200000,ExaModels,200000,199998,599994,1079998,7.2644e-5,3.4807e-5,0.000114497,7.056e-5,0.00026761,0.000686135,0.000175418,0.00017561,0.028997022,AMDGPU-AMD Radeon VII,shin-compute-002
LV,modified_brown,20,ExaModels,20,6,30,61,5.4469e-5,0.000104754,6.6761e-5,0.000130702,0.000148476,8.7195e-5,0.0001636,0.000159321,0.004418647,AMDGPU-AMD Radeon VII,shin-compute-002
LV,modified_brown,2000,ExaModels,2000,6,30,3031,6.7967e-5,0.00010354,6.6633e-5,0.000129719,0.000150576,9.0416e-5,0.000162777,0.000161638,0.005114444,AMDGPU-AMD Radeon VII,shin-compute-002
LV,modified_brown,200000,ExaModels,200000,6,30,300031,9.7681e-5,0.000103056,8.1809e-5,0.000130995,0.000150802,0.00013982,0.000158859,0.000159782,0.007161036,AMDGPU-AMD Radeon VII,shin-compute-002
LV,generalized_brown,20,ExaModels,20,18,54,58,5.4892e-5,2.7751e-5,6.7239e-5,4.0893e-5,5.7752e-5,8.5721e-5,6.8926e-5,6.72e-5,0.003739651,AMDGPU-AMD Radeon VII,shin-compute-002
LV,generalized_brown,2000,ExaModels,2000,1998,5994,5998,7.0706e-5,2.823e-5,8.8023e-5,4.2716e-5,8.9683e-5,0.000123078,7.4429e-5,7.5405e-5,0.005061932,AMDGPU-AMD Radeon VII,shin-compute-002
LV,generalized_brown,200000,ExaModels,200000,199998,599994,599998,0.000102201,3.2656e-5,0.000130176,7.273e-5,0.000226624,0.000405704,0.000177809,0.000178157,0.027063142,AMDGPU-AMD Radeon VII,shin-compute-002
LV,chained_hs46,20,ExaModels,20,11,33,79,5.5499e-5,4.0988e-5,6.7169e-5,5.6914e-5,7.4708e-5,8.9416e-5,8.638e-5,8.662e-5,0.003972964,AMDGPU-AMD Radeon VII,shin-compute-002
LV,chained_hs46,2000,ExaModels,2000,1331,3993,9319,6.9705e-5,4.1164e-5,6.8564e-5,5.8114e-5,8.0347e-5,9.9924e-5,9.2605e-5,9.1075e-5,0.005286122,AMDGPU-AMD Radeon VII,shin-compute-002
LV,chained_hs46,200000,ExaModels,200000,133331,399993,933319,0.000104043,4.9733e-5,0.000110409,7.4959e-5,0.000133743,0.000398441,0.000161617,0.000137741,0.022815774,AMDGPU-AMD Radeon VII,shin-compute-002
LV,chained_hs47,20,ExaModels,20,11,30,57,5.4531e-5,5.4485e-5,6.5676e-5,7.3673e-5,9.4976e-5,8.8249e-5,0.000103776,0.000105277,0.004144502,AMDGPU-AMD Radeon VII,shin-compute-002
LV,chained_hs47,2000,ExaModels,2000,1496,3990,7482,6.552e-5,5.4688e-5,6.8185e-5,7.5756e-5,9.6347e-5,9.9938e-5,0.000112167,0.000111116,0.005560205,AMDGPU-AMD Radeon VII,shin-compute-002
LV,chained_hs47,200000,ExaModels,200000,149996,399990,749982,7.1835e-5,5.6524e-5,0.000105157,8.1118e-5,0.000144657,0.000379433,0.000166173,0.000145806,0.023386026,AMDGPU-AMD Radeon VII,shin-compute-002
LV,chained_hs48,20,ExaModels,20,12,48,54,5.4403e-5,4.0321e-5,6.6523e-5,5.61e-5,7.4165e-5,8.5974e-5,8.8484e-5,8.7197e-5,0.003992815,AMDGPU-AMD Radeon VII,shin-compute-002
LV,chained_hs48,2000,ExaModels,2000,1332,5328,5994,7.1534e-5,4.0996e-5,6.9391e-5,5.7448e-5,7.4277e-5,9.0447e-5,9.9641e-5,9.2686e-5,0.005434896,AMDGPU-AMD Radeon VII,shin-compute-002
LV,chained_hs48,200000,ExaModels,200000,133332,533328,599994,0.000100285,4.3481e-5,0.000110612,8.4388e-5,0.000108979,0.000278144,0.000206833,0.000167025,0.021743725,AMDGPU-AMD Radeon VII,shin-compute-002
LV,chained_hs49,20,ExaModels,20,12,36,48,5.5359e-5,3.9718e-5,6.8161e-5,5.7264e-5,7.3084e-5,8.5782e-5,9.0007e-5,8.8693e-5,0.003985729,AMDGPU-AMD Radeon VII,shin-compute-002
LV,chained_hs49,2000,ExaModels,2000,1332,3996,5328,6.9026e-5,4.0452e-5,6.9181e-5,6.7751e-5,7.4972e-5,8.8452e-5,9.8925e-5,9.4008e-5,0.00532314,AMDGPU-AMD Radeon VII,shin-compute-002
LV,chained_hs49,200000,ExaModels,200000,133332,399996,533328,0.000102733,4.1935e-5,0.000110985,7.189e-5,9.5635e-5,0.000211591,0.000161306,0.000128486,0.022201529,AMDGPU-AMD Radeon VII,shin-compute-002
LV,chained_hs50,20,ExaModels,20,11,33,51,5.5002e-5,5.6953e-5,6.7671e-5,7.2806e-5,8.924e-5,8.6838e-5,0.000104794,0.000104283,0.004293421,AMDGPU-AMD Radeon VII,shin-compute-002
LV,chained_hs50,2000,ExaModels,2000,1496,4488,6486,6.5411e-5,5.7334e-5,6.8659e-5,7.3402e-5,8.8684e-5,9.3107e-5,0.000110248,0.000110355,0.005423311,AMDGPU-AMD Radeon VII,shin-compute-002
LV,chained_hs50,200000,ExaModels,200000,149996,449988,649986,7.3703e-5,5.8287e-5,0.000103494,8.123e-5,0.000136424,0.000324122,0.000180243,0.000152285,0.022502583,AMDGPU-AMD Radeon VII,shin-compute-002
LV,chained_hs51,20,ExaModels,20,11,26,39,5.4737e-5,5.7339e-5,6.8973e-5,7.5267e-5,0.000103828,8.9131e-5,0.000108049,0.00010517,0.004302586,AMDGPU-AMD Radeon VII,shin-compute-002
LV,chained_hs51,2000,ExaModels,2000,1496,3491,4989,6.6217e-5,5.7455e-5,6.9106e-5,7.6035e-5,0.000102989,9.4592e-5,0.000110724,0.000112115,0.005731568,AMDGPU-AMD Radeon VII,shin-compute-002
LV,chained_hs51,200000,ExaModels,200000,149996,349991,499989,9.7998e-5,6.014e-5,9.8991e-5,8.2546e-5,0.000107298,0.000228397,0.000157432,0.000146064,0.021891719,AMDGPU-AMD Radeon VII,shin-compute-002
LV,chained_hs52,20,ExaModels,20,11,26,39,5.5845e-5,5.8246e-5,7.1503e-5,7.9284e-5,9.8666e-5,8.6822e-5,0.000113606,0.00011088,0.004379698,AMDGPU-AMD Radeon VII,shin-compute-002
LV,chained_hs52,2000,ExaModels,2000,1496,3491,4989,6.9622e-5,5.6693e-5,7.2314e-5,7.8497e-5,0.000100765,9.1109e-5,0.000116122,0.000115875,0.006073063,AMDGPU-AMD Radeon VII,shin-compute-002
LV,chained_hs52,200000,ExaModels,200000,149996,349991,499989,7.652e-5,5.9384e-5,0.000101019,8.4586e-5,0.000104052,0.000226002,0.000161298,0.00014973,0.0223506,AMDGPU-AMD Radeon VII,shin-compute-002
LV,chained_hs53,20,ExaModels,20,11,26,39,5.491e-5,5.7972e-5,6.9505e-5,8.0719e-5,0.000108457,9.2999e-5,0.00011375,0.000112712,0.004516429,AMDGPU-AMD Radeon VII,shin-compute-002
LV,chained_hs53,2000,ExaModels,2000,1496,3491,4989,6.8844e-5,5.8359e-5,6.9994e-5,7.882e-5,0.00010855,9.7606e-5,0.00011824,0.000116081,0.005993787,AMDGPU-AMD Radeon VII,shin-compute-002
LV,chained_hs53,200000,ExaModels,200000,149996,349991,499989,7.6953e-5,6.0082e-5,9.9053e-5,8.611e-5,0.000111571,0.000230487,0.000163882,0.000151558,0.02217363,AMDGPU-AMD Radeon VII,shin-compute-002
COPS,bearing,"(5, 5)",ExaModels,49,28,28,360,0.000108932,6.8335e-5,0.000126767,9.1211e-5,0.000213882,0.000164629,0.000131076,0.000130095,0.005083332,AMDGPU-AMD Radeon VII,shin-compute-002
COPS,bearing,"(35, 35)",ExaModels,1369,148,148,12960,0.000150487,7.0445e-5,0.000145958,9.0024e-5,0.000213847,0.000204513,0.000131151,0.000129757,0.006396671,AMDGPU-AMD Radeon VII,shin-compute-002
COPS,bearing,"(320, 320)",ExaModels,103684,1288,1288,1030410,0.000211221,6.978e-5,0.000217964,9.04e-5,0.000218521,0.000477616,0.000130425,0.000131687,0.015953822,AMDGPU-AMD Radeon VII,shin-compute-002
COPS,camshape,20,ExaModels,20,43,100,115,5.6026e-5,0.000323837,6.9133e-5,0.000335629,0.00035613,9.6623e-5,0.000386032,0.000383277,0.006439764,AMDGPU-AMD Radeon VII,shin-compute-002
COPS,camshape,2000,ExaModels,2000,4003,10000,11995,6.796e-5,0.000329555,7.3247e-5,0.000342265,0.000353773,0.000113355,0.000389342,0.000393766,0.007843005,AMDGPU-AMD Radeon VII,shin-compute-002
COPS,camshape,170000,ExaModels,170000,340003,850000,1019995,0.000100221,0.000331564,8.5415e-5,0.000343955,0.000356305,0.000471357,0.000494225,0.000521054,0.044749903,AMDGPU-AMD Radeon VII,shin-compute-002
COPS,catmix,3,ExaModels,71,62,266,144,6.9364e-5,0.000116082,8.018e-5,0.000135158,0.000175838,0.000103279,0.000164891,0.000170255,0.005743562,AMDGPU-AMD Radeon VII,shin-compute-002
COPS,catmix,200,ExaModels,4602,4002,17602,10191,8.1714e-5,0.000116708,8.374e-5,0.000134806,0.000172714,0.000117199,0.000181672,0.00018679,0.00748337,AMDGPU-AMD Radeon VII,shin-compute-002
COPS,catmix,20000,ExaModels,460002,400002,1760002,1019991,0.000103233,0.000116591,8.9826e-5,0.000197152,0.00021756,0.000442065,0.000542661,0.000543775,0.061703139,AMDGPU-AMD Radeon VII,shin-compute-002
COPS,chain,50,ExaModels,48,38,159,88,5.6107e-5,0.000125377,6.5458e-5,0.000144246,0.000162648,8.4247e-5,0.000177727,0.000176937,0.004841617,AMDGPU-AMD Radeon VII,shin-compute-002
COPS,chain,5000,ExaModels,5000,3752,17491,9992,5.4625e-5,0.000124819,6.1371e-5,0.000145836,0.000163794,9.5359e-5,0.000193167,0.000193137,0.00639953,AMDGPU-AMD Radeon VII,shin-compute-002
COPS,chain,500000,ExaModels,500000,375002,1749991,999992,9.5524e-5,0.000131796,6.7024e-5,0.000225021,0.000224842,0.000407675,0.000620848,0.000592104,0.054445583,AMDGPU-AMD Radeon VII,shin-compute-002
COPS,channel,5,ExaModels,200,200,1521,120,5.6195e-5,0.00013315,2.5197e-5,0.000156514,0.000175568,8.0518e-5,0.000183401,0.000202583,0.005162428,AMDGPU-AMD Radeon VII,shin-compute-002
COPS,channel,400,ExaModels,16000,16000,123181,9600,7.9851e-5,0.000133735,2.5401e-5,0.000177983,0.000181828,8.4837e-5,0.00023125,0.000319487,0.00949074,AMDGPU-AMD Radeon VII,shin-compute-002
COPS,channel,42000,ExaModels,1680000,1680000,12935981,1008000,5.6027e-5,0.000528869,4.543e-5,0.001828262,0.000260451,0.000299536,0.004650217,0.004860108,0.392331511,AMDGPU-AMD Radeon VII,shin-compute-002
COPS,dirichlet,5,ExaModels,10564,8331,62619,71172,5.6176e-5,0.000757494,6.4754e-5,0.000164321,0.000183365,0.000229719,0.00107534,0.000247934,0.016779162,AMDGPU-AMD Radeon VII,shin-compute-002
COPS,dirichlet,20,ExaModels,33199,24261,197154,227097,5.5379e-5,0.000990224,6.5598e-5,0.000165441,0.000194399,0.000232474,0.001160942,0.000244073,0.036377887,AMDGPU-AMD Radeon VII,shin-compute-002
COPS,dirichlet,100,ExaModels,153919,109221,914674,1058697,5.643e-5,0.001063932,6.4263e-5,0.000257435,0.000341241,0.000372408,0.001351921,0.000408677,0.16105922,AMDGPU-AMD Radeon VII,shin-compute-002
COPS,elec,5,ExaModels,15,5,15,225,5.7322e-5,2.6727e-5,6.5684e-5,3.8568e-5,5.5061e-5,0.000105818,6.7689e-5,6.6136e-5,0.003941244,AMDGPU-AMD Radeon VII,shin-compute-002
COPS,elec,50,ExaModels,150,50,150,25875,6.6131e-5,2.7151e-5,9.81e-5,3.9574e-5,8.0559e-5,0.000662487,6.7163e-5,6.6289e-5,0.004554887,AMDGPU-AMD Radeon VII,shin-compute-002
COPS,elec,200,ExaModels,600,200,600,418500,7.0578e-5,2.6962e-5,0.00034769,3.9293e-5,9.3456e-5,0.004078144,6.7068e-5,6.5555e-5,0.006472004,AMDGPU-AMD Radeon VII,shin-compute-002
COPS,gasoil,2,ExaModels,55,52,262,734,5.862e-5,0.000100529,7.4409e-5,0.000122475,0.000139171,0.00017839,0.000152799,0.000158916,0.004784535,AMDGPU-AMD Radeon VII,shin-compute-002
COPS,gasoil,200,ExaModels,5203,5200,27190,11822,5.8462e-5,9.8429e-5,6.4587e-5,0.000126502,0.000146563,0.002982901,0.00016755,0.00101069,0.006838474,AMDGPU-AMD Radeon VII,shin-compute-002
COPS,gasoil,18000,ExaModels,468003,468000,2447990,1008622,5.7911e-5,0.000116895,6.4951e-5,0.000263953,0.000203622,0.313689211,0.000776687,0.097701822,0.066001915,AMDGPU-AMD Radeon VII,shin-compute-002
COPS,glider,2,ExaModels,16,15,63,252,5.3162e-5,0.000190115,6.6112e-5,0.000295628,0.001816785,0.000134051,0.000320231,0.000318432,0.006843679,AMDGPU-AMD Radeon VII,shin-compute-002
COPS,glider,80,ExaModels,406,327,2247,10080,5.6492e-5,0.000196813,6.6017e-5,0.000278273,0.001845839,0.001374699,0.000302867,0.000456366,0.00813236,AMDGPU-AMD Radeon VII,shin-compute-002
COPS,glider,8000,ExaModels,40006,32007,224007,1008000,5.6098e-5,0.000192089,6.7565e-5,0.000471716,0.006208718,0.133320048,0.000536687,0.02026763,0.020274252,AMDGPU-AMD Radeon VII,shin-compute-002
COPS,marine,2,ExaModels,79,56,194,644,5.7122e-5,9.985e-5,6.9747e-5,0.000120929,0.000140049,0.000101098,0.000149214,0.00014739,0.005126886,AMDGPU-AMD Radeon VII,shin-compute-002
COPS,marine,150,ExaModels,4815,4792,16326,11596,5.7493e-5,0.000100682,6.573e-5,0.000127294,0.000153008,0.000873125,0.000158708,0.000333666,0.006243107,AMDGPU-AMD Radeon VII,shin-compute-002
COPS,marine,14000,ExaModels,448015,447992,1525976,1036496,5.8715e-5,0.000107487,6.8211e-5,0.000162438,0.000226407,0.072490293,0.000416434,0.020986598,0.059126134,AMDGPU-AMD Radeon VII,shin-compute-002
COPS,methanol,2,ExaModels,65,60,312,993,6.1994e-5,0.000122361,7.066e-5,0.000144194,0.000195736,0.000203783,0.00017144,0.00017546,0.00554658,AMDGPU-AMD Radeon VII,shin-compute-002
COPS,methanol,50,ExaModels,1505,1500,8088,12801,6.0278e-5,0.00012473,6.6015e-5,0.000145297,0.000205408,0.003366535,0.00018057,0.00044869,0.006807529,AMDGPU-AMD Radeon VII,shin-compute-002
COPS,methanol,4000,ExaModels,120005,120000,647988,984501,5.7573e-5,0.000124855,6.6908e-5,0.000194354,0.000474231,0.271579443,0.000330808,0.021712684,0.024958397,AMDGPU-AMD Radeon VII,shin-compute-002
COPS,minsurf,"(5, 5)",ExaModels,49,102,102,504,6.953e-5,9.5653e-5,8.3004e-5,0.000109808,0.000146623,0.000107942,0.000142069,0.000142212,0.004471748,AMDGPU-AMD Radeon VII,shin-compute-002
COPS,minsurf,"(30, 30)",ExaModels,1024,1476,1476,13454,9.3115e-5,9.4705e-5,9.2654e-5,0.000111952,0.000144256,0.000190505,0.000142279,0.000146158,0.006248804,AMDGPU-AMD Radeon VII,shin-compute-002
COPS,minsurf,"(280, 280)",ExaModels,79524,100816,100816,1105454,0.000115977,9.5079e-5,0.000161347,0.000111971,0.000222668,0.000669808,0.000153621,0.000154378,0.020635378,AMDGPU-AMD Radeon VII,shin-compute-002
COPS,pinene,2,ExaModels,105,100,438,595,5.802e-5,0.000142681,6.7199e-5,0.000173341,0.000191313,0.000109971,0.000203735,0.000207872,0.005844611,AMDGPU-AMD Radeon VII,shin-compute-002
COPS,pinene,100,ExaModels,5005,5000,22880,10885,5.7768e-5,0.000145289,6.5506e-5,0.000171932,0.000187511,0.001608578,0.000213894,0.000562251,0.006859147,AMDGPU-AMD Radeon VII,shin-compute-002
COPS,pinene,10000,ExaModels,500005,500000,2289980,1050385,5.7064e-5,0.0001458,6.8373e-5,0.000248851,0.000224961,0.160368155,0.000715712,0.043376798,0.072074568,AMDGPU-AMD Radeon VII,shin-compute-002
COPS,polygon,10,ExaModels,10,16,50,140,5.647e-5,6.8047e-5,6.4298e-5,8.8215e-5,0.000107874,9.9643e-5,0.000113821,0.000114225,0.004063973,AMDGPU-AMD Radeon VII,shin-compute-002
COPS,polygon,100,ExaModels,100,1276,5000,12740,5.7438e-5,7.0289e-5,6.4886e-5,9.1355e-5,0.000126169,0.000436663,0.000122923,0.000155153,0.005134425,AMDGPU-AMD Radeon VII,shin-compute-002
COPS,polygon,800,ExaModels,800,80201,320000,801990,6.7727e-5,7.6111e-5,6.7295e-5,0.000115567,0.000224126,0.00682239,0.000183431,0.001531216,0.016437273,AMDGPU-AMD Radeon VII,shin-compute-002
COPS,robot,2,ExaModels,28,24,84,134,5.5609e-5,0.000480562,6.4275e-5,0.000410296,0.000427321,0.000110919,0.0004426,0.000445564,0.006435548,AMDGPU-AMD Radeon VII,shin-compute-002
COPS,robot,150,ExaModels,1360,912,5412,10050,5.45e-5,0.000514359,6.4965e-5,0.000416581,0.000427844,0.002100067,0.000455069,0.000948857,0.007307944,AMDGPU-AMD Radeon VII,shin-compute-002
COPS,robot,15000,ExaModels,135010,90012,540012,1005000,6.5897e-5,0.000514202,6.6434e-5,0.000410603,0.000432656,0.218433865,0.000535657,0.058375367,0.021727863,AMDGPU-AMD Radeon VII,shin-compute-002
COPS,rocket,2,ExaModels,13,10,42,118,5.8577e-5,0.000107884,6.5088e-5,0.000129674,0.000144416,0.000100928,0.000159377,0.00015776,0.004681377,AMDGPU-AMD Radeon VII,shin-compute-002
COPS,rocket,200,ExaModels,805,604,3804,11800,5.8408e-5,0.000109692,6.4454e-5,0.000125155,0.000145699,0.001837103,0.000167524,0.000491919,0.005861493,AMDGPU-AMD Radeon VII,shin-compute-002
COPS,rocket,17000,ExaModels,68005,51004,323004,1003000,5.6115e-5,0.000108824,6.6133e-5,0.000128942,0.000346972,0.149108026,0.000217033,0.030932797,0.014714062,AMDGPU-AMD Radeon VII,shin-compute-002
COPS,steering,5,ExaModels,31,28,108,120,5.5991e-5,0.000111098,6.6104e-5,0.000131956,0.00014972,0.000111319,0.000162765,0.000171341,0.004621793,AMDGPU-AMD Radeon VII,shin-compute-002
COPS,steering,400,ExaModels,2006,1608,8008,9600,5.5737e-5,0.00010797,6.3139e-5,0.000128679,0.000144999,0.00282407,0.000171697,0.000991852,0.005546458,AMDGPU-AMD Radeon VII,shin-compute-002
COPS,steering,42000,ExaModels,210006,168008,840008,1008000,5.616e-5,0.000111679,6.7634e-5,0.000139911,0.000171666,0.312209874,0.000311811,0.110428217,0.026935064,AMDGPU-AMD Radeon VII,shin-compute-002
COPS,torsion,"(5, 5)",ExaModels,49,49,49,360,0.000128372,2.798e-5,0.000117595,3.8301e-5,0.000100525,0.000134981,6.5862e-5,6.5476e-5,0.004034251,AMDGPU-AMD Radeon VII,shin-compute-002
COPS,torsion,"(35, 35)",ExaModels,1369,1369,1369,12960,0.000122475,2.827e-5,0.000134373,3.9002e-5,0.000101653,0.000173776,6.7349e-5,6.7433e-5,0.00539597,AMDGPU-AMD Radeon VII,shin-compute-002
COPS,torsion,"(320, 320)",ExaModels,103684,103684,103684,1030410,0.000147252,3.1721e-5,0.000272567,4.0351e-5,0.000130348,0.000456507,7.5098e-5,7.4145e-5,0.023086295,AMDGPU-AMD Radeon VII,shin-compute-002
OPF-polar,pglib_opf_case3_lmbd.m,pglib_opf_case3_lmbd.m,ExaModels,24,28,103,141,5.3006e-5,0.000375912,6.4082e-5,0.000315996,0.000337822,NaN,NaN,NaN,0.005187592,AMDGPU-AMD Radeon VII,shin-compute-002
OPF-polar,pglib_opf_case5_pjm.m,pglib_opf_case5_pjm.m,ExaModels,44,53,201,279,5.4639e-5,0.000387156,6.5676e-5,0.000320588,0.0003377,NaN,NaN,NaN,0.005284866,AMDGPU-AMD Radeon VII,shin-compute-002
OPF-polar,pglib_opf_case14_ieee.m,pglib_opf_case14_ieee.m,ExaModels,118,169,639,913,5.6265e-5,0.000390943,6.4371e-5,0.000315971,0.000335857,NaN,NaN,NaN,0.005325796,AMDGPU-AMD Radeon VII,shin-compute-002
OPF-polar,pglib_opf_case24_ieee_rts.m,pglib_opf_case24_ieee_rts.m,ExaModels,266,315,1255,1753,5.659e-5,0.000404733,6.293e-5,0.000321354,0.000343536,NaN,NaN,NaN,0.005489538,AMDGPU-AMD Radeon VII,shin-compute-002
OPF-polar,pglib_opf_case30_ieee.m,pglib_opf_case30_ieee.m,ExaModels,236,348,1303,1870,5.5298e-5,0.000393056,6.3503e-5,0.000316549,0.000337568,NaN,NaN,NaN,0.005321746,AMDGPU-AMD Radeon VII,shin-compute-002
OPF-polar,pglib_opf_case30_as.m,pglib_opf_case30_as.m,ExaModels,236,348,1303,1870,5.5803e-5,0.000409282,6.495e-5,0.000323871,0.000344345,NaN,NaN,NaN,0.005397996,AMDGPU-AMD Radeon VII,shin-compute-002
OPF-polar,pglib_opf_case39_epri.m,pglib_opf_case39_epri.m,ExaModels,282,401,1479,2112,5.61e-5,0.000401678,6.2924e-5,0.000319781,0.000338181,NaN,NaN,NaN,0.00524939,AMDGPU-AMD Radeon VII,shin-compute-002
OPF-polar,pglib_opf_case57_ieee.m,pglib_opf_case57_ieee.m,ExaModels,448,675,2529,3641,5.4836e-5,0.000396546,6.6246e-5,0.000314523,0.000341254,NaN,NaN,NaN,0.005659233,AMDGPU-AMD Radeon VII,shin-compute-002
OPF-polar,pglib_opf_case60_c.m,pglib_opf_case60_c.m,ExaModels,518,737,2807,4015,5.6279e-5,0.000385405,6.5895e-5,0.00031452,0.000335428,NaN,NaN,NaN,0.005596034,AMDGPU-AMD Radeon VII,shin-compute-002
OPF-polar,pglib_opf_case73_ieee_rts.m,pglib_opf_case73_ieee_rts.m,ExaModels,824,987,3945,5525,5.7725e-5,0.00040557,6.6871e-5,0.000320437,0.000343983,NaN,NaN,NaN,0.006430921,AMDGPU-AMD Radeon VII,shin-compute-002
OPF-polar,pglib_opf_case89_pegase.m,pglib_opf_case89_pegase.m,ExaModels,1042,1649,6503,9430,5.7048e-5,0.000397365,6.6722e-5,0.000321271,0.000342762,NaN,NaN,NaN,0.006030903,AMDGPU-AMD Radeon VII,shin-compute-002
OPF-polar,pglib_opf_case118_ieee.m,pglib_opf_case118_ieee.m,ExaModels,1088,1539,5925,8474,5.764e-5,0.000401397,6.6432e-5,0.000320561,0.000341187,NaN,NaN,NaN,0.006594514,AMDGPU-AMD Radeon VII,shin-compute-002
OPF-polar,pglib_opf_case162_ieee_dtc.m,pglib_opf_case162_ieee_dtc.m,ExaModels,1484,2313,8869,12832,5.698e-5,0.000398929,6.5428e-5,0.000325143,0.000346307,NaN,NaN,NaN,0.006738905,AMDGPU-AMD Radeon VII,shin-compute-002
OPF-polar,pglib_opf_case179_goc.m,pglib_opf_case179_goc.m,ExaModels,1468,2200,8307,11959,5.6646e-5,0.000400259,6.6173e-5,0.000319418,0.000346705,NaN,NaN,NaN,0.006932068,AMDGPU-AMD Radeon VII,shin-compute-002
OPF-polar,pglib_opf_case197_snem.m,pglib_opf_case197_snem.m,ExaModels,1608,2397,9045,13013,5.7935e-5,0.000397769,6.505e-5,0.000317797,0.000341351,NaN,NaN,NaN,0.006922473,AMDGPU-AMD Radeon VII,shin-compute-002
OPF-polar,pglib_opf_case200_activ.m,pglib_opf_case200_activ.m,ExaModels,1456,2116,7827,11218,5.7647e-5,0.000403609,6.6603e-5,0.000324071,0.000347579,NaN,NaN,NaN,0.006902041,AMDGPU-AMD Radeon VII,shin-compute-002
OPF-polar,pglib_opf_case240_pserc.m,pglib_opf_case240_pserc.m,ExaModels,2558,3617,14207,20335,5.8303e-5,0.000397351,6.5226e-5,0.000327826,0.000347232,NaN,NaN,NaN,0.007672385,AMDGPU-AMD Radeon VII,shin-compute-002
OPF-polar,pglib_opf_case300_ieee.m,pglib_opf_case300_ieee.m,ExaModels,2382,3478,13069,18753,5.7495e-5,0.000403107,6.6802e-5,0.000314835,0.000347766,NaN,NaN,NaN,0.007511504,AMDGPU-AMD Radeon VII,shin-compute-002
OPF-polar,pglib_opf_case500_goc.m,pglib_opf_case500_goc.m,ExaModels,4254,6097,23183,33203,5.566e-5,0.000414789,6.4516e-5,0.000326895,0.000346532,NaN,NaN,NaN,0.009462082,AMDGPU-AMD Radeon VII,shin-compute-002
OPF-polar,pglib_opf_case588_sdet.m,pglib_opf_case588_sdet.m,ExaModels,4110,5979,21947,31455,5.8636e-5,0.000406532,6.6487e-5,0.000324208,0.000347237,NaN,NaN,NaN,0.009175051,AMDGPU-AMD Radeon VII,shin-compute-002
OPF-polar,pglib_opf_case793_goc.m,pglib_opf_case793_goc.m,ExaModels,5432,7978,29171,41855,5.5975e-5,0.000409054,6.6555e-5,0.000326677,0.000381545,NaN,NaN,NaN,0.010386431,AMDGPU-AMD Radeon VII,shin-compute-002
OPF-polar,pglib_opf_case1354_pegase.m,pglib_opf_case1354_pegase.m,ExaModels,11192,16646,62959,90572,6.6733e-5,0.000404225,6.698e-5,0.00032274,0.000397633,NaN,NaN,NaN,0.014100147,AMDGPU-AMD Radeon VII,shin-compute-002
OPF-polar,pglib_opf_case1803_snem.m,pglib_opf_case1803_snem.m,ExaModels,15246,23172,87917,126816,5.8213e-5,0.000410384,6.731e-5,0.000322462,0.000392583,NaN,NaN,NaN,0.017267349,AMDGPU-AMD Radeon VII,shin-compute-002
OPF-polar,pglib_opf_case1888_rte.m,pglib_opf_case1888_rte.m,ExaModels,14480,21494,80287,115430,6.8067e-5,0.00039565,6.578e-5,0.000322754,0.000391471,NaN,NaN,NaN,0.016545967,AMDGPU-AMD Radeon VII,shin-compute-002
OPF-polar,pglib_opf_case1951_rte.m,pglib_opf_case1951_rte.m,ExaModels,15018,22075,82515,118492,6.7725e-5,0.000410453,6.6452e-5,0.000323875,0.000394789,NaN,NaN,NaN,0.017063762,AMDGPU-AMD Radeon VII,shin-compute-002
OPF-polar,pglib_opf_case2000_goc.m,pglib_opf_case2000_goc.m,ExaModels,19008,29432,113467,164090,5.8384e-5,0.000407752,6.6674e-5,0.000316588,0.000392838,NaN,NaN,NaN,0.020113085,AMDGPU-AMD Radeon VII,shin-compute-002
OPF-polar,pglib_opf_case2312_goc.m,pglib_opf_case2312_goc.m,ExaModels,17128,25716,95467,137422,5.814e-5,0.000395943,6.5462e-5,0.000320613,0.000391539,NaN,NaN,NaN,0.018702693,AMDGPU-AMD Radeon VII,shin-compute-002
OPF-polar,pglib_opf_case2383wp_k.m,pglib_opf_case2383wp_k.m,ExaModels,17004,25039,92301,132517,6.6828e-5,0.000396774,6.6611e-5,0.000317377,0.000425601,NaN,NaN,NaN,0.018015659,AMDGPU-AMD Radeon VII,shin-compute-002
OPF-polar,pglib_opf_case2736sp_k.m,pglib_opf_case2736sp_k.m,ExaModels,19088,28356,104083,149578,6.8498e-5,0.0003957,6.5465e-5,0.000315944,0.000388462,NaN,NaN,NaN,0.020310311,AMDGPU-AMD Radeon VII,shin-compute-002
OPF-polar,pglib_opf_case2737sop_k.m,pglib_opf_case2737sop_k.m,ExaModels,18988,28358,103983,149529,5.8397e-5,0.000391905,6.5917e-5,0.000325954,0.000396493,NaN,NaN,NaN,0.020206566,AMDGPU-AMD Radeon VII,shin-compute-002
OPF-polar,pglib_opf_case2742_goc.m,pglib_opf_case2742_goc.m,ExaModels,24540,38196,146039,211278,5.8026e-5,0.000410432,6.5795e-5,0.000323732,0.000404624,NaN,NaN,NaN,0.022954763,AMDGPU-AMD Radeon VII,shin-compute-002
OPF-polar,pglib_opf_case2746wop_k.m,pglib_opf_case2746wop_k.m,ExaModels,19582,28642,105565,151431,6.5487e-5,0.00041238,6.3976e-5,0.000317988,0.000397645,NaN,NaN,NaN,0.020631533,AMDGPU-AMD Radeon VII,shin-compute-002
OPF-polar,pglib_opf_case2746wp_k.m,pglib_opf_case2746wp_k.m,ExaModels,19520,28446,104775,150224,6.8562e-5,0.000389765,6.6736e-5,0.00031933,0.000389547,NaN,NaN,NaN,0.020196915,AMDGPU-AMD Radeon VII,shin-compute-002
OPF-polar,pglib_opf_case2848_rte.m,pglib_opf_case2848_rte.m,ExaModels,21822,32129,119999,172351,6.5682e-5,0.000397825,6.5967e-5,0.000318271,0.000396054,NaN,NaN,NaN,0.022135113,AMDGPU-AMD Radeon VII,shin-compute-002
OPF-polar,pglib_opf_case2853_sdet.m,pglib_opf_case2853_sdet.m,ExaModels,23028,33154,124975,179049,6.7568e-5,0.000396187,6.6118e-5,0.000318809,0.000396548,NaN,NaN,NaN,0.023185653,AMDGPU-AMD Radeon VII,shin-compute-002
OPF-polar,pglib_opf_case2868_rte.m,pglib_opf_case2868_rte.m,ExaModels,22090,32393,121099,173849,6.3711e-5,0.000404379,6.6279e-5,0.000316609,0.000392608,NaN,NaN,NaN,0.022516903,AMDGPU-AMD Radeon VII,shin-compute-002
OPF-polar,pglib_opf_case2869_pegase.m,pglib_opf_case2869_pegase.m,ExaModels,25086,37813,144219,207856,6.5008e-5,0.000405353,6.581e-5,0.000314396,0.000402215,NaN,NaN,NaN,0.023265117,AMDGPU-AMD Radeon VII,shin-compute-002
OPF-polar,pglib_opf_case3012wp_k.m,pglib_opf_case3012wp_k.m,ExaModels,21082,31029,113955,163577,6.8182e-5,0.000394812,6.5159e-5,0.000320853,0.000397478,NaN,NaN,NaN,0.0217534,AMDGPU-AMD Radeon VII,shin-compute-002
OPF-polar,pglib_opf_case3022_goc.m,pglib_opf_case3022_goc.m,ExaModels,23238,34990,130749,188311,6.6147e-5,0.000398072,6.5261e-5,0.0003238,0.000398472,NaN,NaN,NaN,0.023217277,AMDGPU-AMD Radeon VII,shin-compute-002
OPF-polar,pglib_opf_case3120sp_k.m,pglib_opf_case3120sp_k.m,ExaModels,21608,32092,117627,169030,6.7942e-5,0.000388239,6.5777e-5,0.000316218,0.000392648,NaN,NaN,NaN,0.021823364,AMDGPU-AMD Radeon VII,shin-compute-002
OPF-polar,pglib_opf_case3375wp_k.m,pglib_opf_case3375wp_k.m,ExaModels,24350,35876,132537,190311,6.5453e-5,0.000405619,6.6736e-5,0.000323482,0.000472629,NaN,NaN,NaN,0.02375774,AMDGPU-AMD Radeon VII,shin-compute-002
OPF-polar,pglib_opf_case3970_goc.m,pglib_opf_case3970_goc.m,ExaModels,35270,54428,207937,300527,6.7401e-5,0.00040539,6.6447e-5,0.000323195,0.000406541,NaN,NaN,NaN,0.030010414,AMDGPU-AMD Radeon VII,shin-compute-002
OPF-polar,pglib_opf_case4020_goc.m,pglib_opf_case4020_goc.m,ExaModels,36696,56957,218385,315864,6.7149e-5,0.000420808,6.6324e-5,0.000331077,0.000410885,NaN,NaN,NaN,0.030869136,AMDGPU-AMD Radeon VII,shin-compute-002
OPF-polar,pglib_opf_case4601_goc.m,pglib_opf_case4601_goc.m,ExaModels,38814,59596,225989,326366,6.8089e-5,0.000406647,6.7425e-5,0.000325095,0.000406754,NaN,NaN,NaN,0.033391499,AMDGPU-AMD Radeon VII,shin-compute-002
OPF-polar,pglib_opf_case4619_goc.m,pglib_opf_case4619_goc.m,ExaModels,42532,66289,254433,368185,6.7393e-5,0.000409242,6.6232e-5,0.000322572,0.000412833,NaN,NaN,NaN,0.035589249,AMDGPU-AMD Radeon VII,shin-compute-002
OPF-polar,pglib_opf_case4661_sdet.m,pglib_opf_case4661_sdet.m,ExaModels,34758,51302,190681,273914,6.6944e-5,0.000394948,6.6496e-5,0.000317023,0.000406931,NaN,NaN,NaN,0.032006994,AMDGPU-AMD Radeon VII,shin-compute-002
OPF-polar,pglib_opf_case4837_goc.m,pglib_opf_case4837_goc.m,ExaModels,41398,64030,243289,351666,6.7931e-5,0.000415015,6.6031e-5,0.000319124,0.000410914,NaN,NaN,NaN,0.03429689,AMDGPU-AMD Radeon VII,shin-compute-002
OPF-polar,pglib_opf_case4917_goc.m,pglib_opf_case4917_goc.m,ExaModels,37872,56917,212749,306345,6.7452e-5,0.00039841,6.7374e-5,0.000317873,0.00040865,NaN,NaN,NaN,0.035014129,AMDGPU-AMD Radeon VII,shin-compute-002
OPF-polar,pglib_opf_case5658_epigrids.m,pglib_opf_case5658_epigrids.m,ExaModels,48552,74821,284425,410958,6.7298e-5,0.000418465,6.6276e-5,0.000325605,0.000418807,NaN,NaN,NaN,0.039667867,AMDGPU-AMD Radeon VII,shin-compute-002
OPF-polar,pglib_opf_case6468_rte.m,pglib_opf_case6468_rte.m,ExaModels,49734,75937,283735,409335,6.6433e-5,0.000394538,6.7277e-5,0.000319403,0.000419215,NaN,NaN,NaN,0.043805101,AMDGPU-AMD Radeon VII,shin-compute-002
OPF-polar,pglib_opf_case6470_rte.m,pglib_opf_case6470_rte.m,ExaModels,50482,75976,284613,409921,6.7568e-5,0.000401406,6.6483e-5,0.000320737,0.000417245,NaN,NaN,NaN,0.043864514,AMDGPU-AMD Radeon VII,shin-compute-002
OPF-polar,pglib_opf_case6495_rte.m,pglib_opf_case6495_rte.m,ExaModels,50426,76124,284921,410506,6.7699e-5,0.000403125,6.6235e-5,0.00031681,0.000416338,NaN,NaN,NaN,0.044333969,AMDGPU-AMD Radeon VII,shin-compute-002
OPF-polar,pglib_opf_case6515_rte.m,pglib_opf_case6515_rte.m,ExaModels,50546,76290,285509,411342,6.834e-5,0.000405641,6.6962e-5,0.000318369,0.000419055,NaN,NaN,NaN,0.044234968,AMDGPU-AMD Radeon VII,shin-compute-002
OPF-polar,pglib_opf_case7336_epigrids.m,pglib_opf_case7336_epigrids.m,ExaModels,62116,95306,361611,522192,6.672e-5,0.000404058,6.6232e-5,0.000315378,0.000414337,NaN,NaN,NaN,0.048848549,AMDGPU-AMD Radeon VII,shin-compute-002
OPF-polar,pglib_opf_case8387_pegase.m,pglib_opf_case8387_pegase.m,ExaModels,78748,118702,457335,659323,6.7397e-5,0.000427465,6.659e-5,0.000318233,0.000428936,NaN,NaN,NaN,0.065272637,AMDGPU-AMD Radeon VII,shin-compute-002
OPF-polar,pglib_opf_case9241_pegase.m,pglib_opf_case9241_pegase.m,ExaModels,85568,130826,502843,726083,6.8436e-5,0.000427822,6.7609e-5,0.000321049,0.00043762,NaN,NaN,NaN,0.065689947,AMDGPU-AMD Radeon VII,shin-compute-002
OPF-polar,pglib_opf_case9591_goc.m,pglib_opf_case9591_goc.m,ExaModels,83572,130588,497363,719807,6.8011e-5,0.000412786,6.5816e-5,0.000317722,0.00043135,NaN,NaN,NaN,0.063175564,AMDGPU-AMD Radeon VII,shin-compute-002
OPF-polar,pglib_opf_case10000_goc.m,pglib_opf_case10000_goc.m,ExaModels,76804,112352,419823,602508,6.8057e-5,0.000408716,6.6108e-5,0.000324517,0.000422153,NaN,NaN,NaN,0.062473475,AMDGPU-AMD Radeon VII,shin-compute-002
OPF-polar,pglib_opf_case10192_epigrids.m,pglib_opf_case10192_epigrids.m,ExaModels,89850,139456,532137,769576,6.845e-5,0.000436366,6.6699e-5,0.000316211,0.000437647,NaN,NaN,NaN,0.068169298,AMDGPU-AMD Radeon VII,shin-compute-002
OPF-polar,pglib_opf_case10480_goc.m,pglib_opf_case10480_goc.m,ExaModels,96750,150874,579285,838333,6.874e-5,0.000416951,6.7712e-5,0.000322251,0.000443332,NaN,NaN,NaN,0.072211461,AMDGPU-AMD Radeon VII,shin-compute-002
OPF-polar,pglib_opf_case13659_pegase.m,pglib_opf_case13659_pegase.m,ExaModels,117370,170588,649513,931958,6.8006e-5,0.000403164,6.6686e-5,0.0003188,0.000465448,NaN,NaN,NaN,0.091865943,AMDGPU-AMD Radeon VII,shin-compute-002
OPF-polar,pglib_opf_case19402_goc.m,pglib_opf_case19402_goc.m,ExaModels,179562,281733,1081867,1566751,6.8152e-5,0.000402575,6.7449e-5,0.000320412,0.000584647,NaN,NaN,NaN,0.125672789,AMDGPU-AMD Radeon VII,shin-compute-002
OPF-polar,pglib_opf_case20758_epigrids.m,pglib_opf_case20758_epigrids.m,ExaModels,179236,274918,1046155,1510782,6.9011e-5,0.00042643,6.748e-5,0.000318876,0.000559697,NaN,NaN,NaN,0.131406736,AMDGPU-AMD Radeon VII,shin-compute-002
OPF-polar,pglib_opf_case24464_goc.m,pglib_opf_case24464_goc.m,ExaModels,203374,313641,1186591,1714423,6.6528e-5,0.000419695,6.813e-5,0.000320232,0.000624474,NaN,NaN,NaN,0.146729654,AMDGPU-AMD Radeon VII,shin-compute-002
OPF-polar,pglib_opf_case30000_goc.m,pglib_opf_case30000_goc.m,ExaModels,208624,307752,1128843,1620818,6.8332e-5,0.000422876,6.6694e-5,0.00032454,0.000588852,NaN,NaN,NaN,0.156881141,AMDGPU-AMD Radeon VII,shin-compute-002
OPF-polar,pglib_opf_case78484_epigrids.m,pglib_opf_case78484_epigrids.m,ExaModels,674562,1039062,3950953,5708389,6.9075e-5,0.000554093,6.8851e-5,0.000744433,0.001972499,NaN,NaN,NaN,0.496188802,AMDGPU-AMD Radeon VII,shin-compute-002
OPF-rect,pglib_opf_case3_lmbd.m,pglib_opf_case3_lmbd.m,ExaModels,24,31,122,150,5.4419e-5,0.000435876,6.4275e-5,0.000373443,0.000394554,NaN,NaN,NaN,0.005312742,AMDGPU-AMD Radeon VII,shin-compute-002
OPF-rect,pglib_opf_case5_pjm.m,pglib_opf_case5_pjm.m,ExaModels,44,58,234,290,5.668e-5,0.000458371,6.5104e-5,0.000370692,0.000391244,NaN,NaN,NaN,0.005368729,AMDGPU-AMD Radeon VII,shin-compute-002
OPF-rect,pglib_opf_case14_ieee.m,pglib_opf_case14_ieee.m,ExaModels,118,183,736,932,5.56e-5,0.000461701,6.4494e-5,0.000363191,0.000386482,NaN,NaN,NaN,0.005564366,AMDGPU-AMD Radeon VII,shin-compute-002
OPF-rect,pglib_opf_case24_ieee_rts.m,pglib_opf_case24_ieee_rts.m,ExaModels,266,339,1428,1776,5.5692e-5,0.000467317,6.3405e-5,0.000370853,0.000390875,NaN,NaN,NaN,0.005604061,AMDGPU-AMD Radeon VII,shin-compute-002
OPF-rect,pglib_opf_case30_ieee.m,pglib_opf_case30_ieee.m,ExaModels,236,378,1506,1911,5.5894e-5,0.00046352,6.338e-5,0.000360983,0.000382182,NaN,NaN,NaN,0.005432725,AMDGPU-AMD Radeon VII,shin-compute-002
OPF-rect,pglib_opf_case30_as.m,pglib_opf_case30_as.m,ExaModels,236,378,1506,1911,5.6385e-5,0.00047133,6.5686e-5,0.000373621,0.000393356,NaN,NaN,NaN,0.005426562,AMDGPU-AMD Radeon VII,shin-compute-002
OPF-rect,pglib_opf_case39_epri.m,pglib_opf_case39_epri.m,ExaModels,282,440,1728,2179,5.6858e-5,0.00046386,6.3414e-5,0.000371348,0.000390608,NaN,NaN,NaN,0.005640795,AMDGPU-AMD Radeon VII,shin-compute-002
OPF-rect,pglib_opf_case57_ieee.m,pglib_opf_case57_ieee.m,ExaModels,448,732,2918,3712,5.6553e-5,0.00045818,6.5363e-5,0.000375384,0.00039111,NaN,NaN,NaN,0.006105814,AMDGPU-AMD Radeon VII,shin-compute-002
OPF-rect,pglib_opf_case60_c.m,pglib_opf_case60_c.m,ExaModels,518,797,3224,4082,5.7063e-5,0.000459931,6.6541e-5,0.000368738,0.000388949,NaN,NaN,NaN,0.006368164,AMDGPU-AMD Radeon VII,shin-compute-002
OPF-rect,pglib_opf_case73_ieee_rts.m,pglib_opf_case73_ieee_rts.m,ExaModels,824,1060,4478,5580,5.7444e-5,0.000465865,6.6816e-5,0.000375933,0.000395078,NaN,NaN,NaN,0.006691424,AMDGPU-AMD Radeon VII,shin-compute-002
OPF-rect,pglib_opf_case89_pegase.m,pglib_opf_case89_pegase.m,ExaModels,1042,1738,7280,9369,5.6505e-5,0.000468993,6.5463e-5,0.000368673,0.000391292,NaN,NaN,NaN,0.006759843,AMDGPU-AMD Radeon VII,shin-compute-002
OPF-rect,pglib_opf_case118_ieee.m,pglib_opf_case118_ieee.m,ExaModels,1088,1657,6770,8577,5.8007e-5,0.000468502,6.6273e-5,0.000375069,0.000391591,NaN,NaN,NaN,0.00693709,AMDGPU-AMD Radeon VII,shin-compute-002
OPF-rect,pglib_opf_case162_ieee_dtc.m,pglib_opf_case162_ieee_dtc.m,ExaModels,1484,2475,10086,12915,5.6856e-5,0.000468921,6.5377e-5,0.000369807,0.000388221,NaN,NaN,NaN,0.007157803,AMDGPU-AMD Radeon VII,shin-compute-002
OPF-rect,pglib_opf_case179_goc.m,pglib_opf_case179_goc.m,ExaModels,1468,2379,9550,12152,5.7327e-5,0.000465719,6.6907e-5,0.000366251,0.000391568,NaN,NaN,NaN,0.007183944,AMDGPU-AMD Radeon VII,shin-compute-002
OPF-rect,pglib_opf_case197_snem.m,pglib_opf_case197_snem.m,ExaModels,1608,2594,10406,13232,5.7365e-5,0.000460592,6.6157e-5,0.000375497,0.000391713,NaN,NaN,NaN,0.007221515,AMDGPU-AMD Radeon VII,shin-compute-002
OPF-rect,pglib_opf_case200_activ.m,pglib_opf_case200_activ.m,ExaModels,1456,2316,9118,11531,5.8305e-5,0.000464166,6.5998e-5,0.000364658,0.000385675,NaN,NaN,NaN,0.00733131,AMDGPU-AMD Radeon VII,shin-compute-002
OPF-rect,pglib_opf_case240_pserc.m,pglib_opf_case240_pserc.m,ExaModels,2558,3857,16064,20402,5.8238e-5,0.000468539,6.6234e-5,0.000381851,0.000398302,NaN,NaN,NaN,0.00803379,AMDGPU-AMD Radeon VII,shin-compute-002
OPF-rect,pglib_opf_case300_ieee.m,pglib_opf_case300_ieee.m,ExaModels,2382,3778,15092,19134,5.7911e-5,0.000464604,6.5655e-5,0.000360422,0.00039242,NaN,NaN,NaN,0.007731149,AMDGPU-AMD Radeon VII,shin-compute-002
OPF-rect,pglib_opf_case500_goc.m,pglib_opf_case500_goc.m,ExaModels,4254,6597,26640,33750,5.7375e-5,0.000475136,6.5578e-5,0.000365339,0.000383958,NaN,NaN,NaN,0.009695534,AMDGPU-AMD Radeon VII,shin-compute-002
OPF-rect,pglib_opf_case588_sdet.m,pglib_opf_case588_sdet.m,ExaModels,4110,6567,25672,32438,5.7424e-5,0.000447461,6.5473e-5,0.000369238,0.000387116,NaN,NaN,NaN,0.009336272,AMDGPU-AMD Radeon VII,shin-compute-002
OPF-rect,pglib_opf_case793_goc.m,pglib_opf_case793_goc.m,ExaModels,5432,8771,34170,43204,5.7756e-5,0.000471083,7.0557e-5,0.000371831,0.000388434,NaN,NaN,NaN,0.010546906,AMDGPU-AMD Radeon VII,shin-compute-002
OPF-rect,pglib_opf_case1354_pegase.m,pglib_opf_case1354_pegase.m,ExaModels,11192,18000,72358,92009,6.7047e-5,0.000473216,6.7451e-5,0.000373176,0.000393042,NaN,NaN,NaN,0.014320855,AMDGPU-AMD Radeon VII,shin-compute-002
OPF-rect,pglib_opf_case1803_snem.m,pglib_opf_case1803_snem.m,ExaModels,15246,24975,100720,128441,5.798e-5,0.000464361,6.6232e-5,0.000363691,0.000386671,NaN,NaN,NaN,0.01739626,AMDGPU-AMD Radeon VII,shin-compute-002
OPF-rect,pglib_opf_case1888_rte.m,pglib_opf_case1888_rte.m,ExaModels,14480,23382,92902,117923,6.759e-5,0.000460564,6.6176e-5,0.000360493,0.000388044,NaN,NaN,NaN,0.016882036,AMDGPU-AMD Radeon VII,shin-compute-002
OPF-rect,pglib_opf_case1951_rte.m,pglib_opf_case1951_rte.m,ExaModels,15018,24026,95512,121107,6.6899e-5,0.000458578,6.4892e-5,0.000358627,0.000385475,NaN,NaN,NaN,0.017243065,AMDGPU-AMD Radeon VII,shin-compute-002
OPF-rect,pglib_opf_case2000_goc.m,pglib_opf_case2000_goc.m,ExaModels,19008,31432,128734,164827,5.8396e-5,0.000471131,6.5925e-5,0.000361739,0.000382386,NaN,NaN,NaN,0.020280771,AMDGPU-AMD Radeon VII,shin-compute-002
OPF-rect,pglib_opf_case2312_goc.m,pglib_opf_case2312_goc.m,ExaModels,17128,28028,110742,140647,5.7557e-5,0.000454969,6.6654e-5,0.000371582,0.000390279,NaN,NaN,NaN,0.01922256,AMDGPU-AMD Radeon VII,shin-compute-002
OPF-rect,pglib_opf_case2383wp_k.m,pglib_opf_case2383wp_k.m,ExaModels,17004,27422,107626,136260,6.7441e-5,0.00045763,6.7271e-5,0.000366142,0.000389451,NaN,NaN,NaN,0.018509433,AMDGPU-AMD Radeon VII,shin-compute-002
OPF-rect,pglib_opf_case2736sp_k.m,pglib_opf_case2736sp_k.m,ExaModels,19088,31092,121566,153987,6.771e-5,0.000462605,6.5273e-5,0.000363213,0.000386324,NaN,NaN,NaN,0.020785658,AMDGPU-AMD Radeon VII,shin-compute-002
OPF-rect,pglib_opf_case2737sop_k.m,pglib_opf_case2737sop_k.m,ExaModels,18988,31095,121470,153942,5.8368e-5,0.000469947,6.5992e-5,0.000376804,0.000393875,NaN,NaN,NaN,0.02087364,AMDGPU-AMD Radeon VII,shin-compute-002
OPF-rect,pglib_opf_case2742_goc.m,pglib_opf_case2742_goc.m,ExaModels,24540,40938,166354,212903,5.7881e-5,0.000472793,6.4621e-5,0.000362587,0.000385625,NaN,NaN,NaN,0.023545236,AMDGPU-AMD Radeon VII,shin-compute-002
OPF-rect,pglib_opf_case2746wop_k.m,pglib_opf_case2746wop_k.m,ExaModels,19582,31388,123164,155804,6.7348e-5,0.000458678,6.5926e-5,0.000366387,0.000389973,NaN,NaN,NaN,0.020970758,AMDGPU-AMD Radeon VII,shin-compute-002
OPF-rect,pglib_opf_case2746wp_k.m,pglib_opf_case2746wp_k.m,ExaModels,19520,31192,122318,154653,6.8448e-5,0.000459259,6.537e-5,0.00036133,0.0003864,NaN,NaN,NaN,0.020933382,AMDGPU-AMD Radeon VII,shin-compute-002
OPF-rect,pglib_opf_case2848_rte.m,pglib_opf_case2848_rte.m,ExaModels,21822,34977,138944,176194,6.3897e-5,0.000478548,6.434e-5,0.000363069,0.000388373,NaN,NaN,NaN,0.022306421,AMDGPU-AMD Radeon VII,shin-compute-002
OPF-rect,pglib_opf_case2853_sdet.m,pglib_opf_case2853_sdet.m,ExaModels,23028,36007,144230,182622,6.5584e-5,0.000458711,6.5701e-5,0.000364219,0.000386434,NaN,NaN,NaN,0.023468128,AMDGPU-AMD Radeon VII,shin-compute-002
OPF-rect,pglib_opf_case2868_rte.m,pglib_opf_case2868_rte.m,ExaModels,22090,35261,140188,177708,6.8511e-5,0.00046621,6.5084e-5,0.000361556,0.000387314,NaN,NaN,NaN,0.022801481,AMDGPU-AMD Radeon VII,shin-compute-002
OPF-rect,pglib_opf_case2869_pegase.m,pglib_opf_case2869_pegase.m,ExaModels,25086,40682,164860,210171,6.5294e-5,0.000463024,6.5421e-5,0.000364584,0.000385567,NaN,NaN,NaN,0.023488521,AMDGPU-AMD Radeon VII,shin-compute-002
OPF-rect,pglib_opf_case3012wp_k.m,pglib_opf_case3012wp_k.m,ExaModels,21082,34041,133148,168484,6.7632e-5,0.000463136,6.5397e-5,0.000368434,0.00039153,NaN,NaN,NaN,0.021429011,AMDGPU-AMD Radeon VII,shin-compute-002
OPF-rect,pglib_opf_case3022_goc.m,pglib_opf_case3022_goc.m,ExaModels,23238,38012,151108,192132,6.7294e-5,0.00046259,6.5697e-5,0.000371439,0.000389395,NaN,NaN,NaN,0.023643292,AMDGPU-AMD Radeon VII,shin-compute-002
OPF-rect,pglib_opf_case3120sp_k.m,pglib_opf_case3120sp_k.m,ExaModels,21608,35212,137494,174127,6.7453e-5,0.000463245,6.7259e-5,0.000352379,0.000391618,NaN,NaN,NaN,0.022495362,AMDGPU-AMD Radeon VII,shin-compute-002
OPF-rect,pglib_opf_case3375wp_k.m,pglib_opf_case3375wp_k.m,ExaModels,24350,39250,154356,195488,7.9989e-5,0.00046638,6.5914e-5,0.000366268,0.000384177,NaN,NaN,NaN,0.024244665,AMDGPU-AMD Radeon VII,shin-compute-002
OPF-rect,pglib_opf_case3970_goc.m,pglib_opf_case3970_goc.m,ExaModels,35270,58398,237100,303128,7.1025e-5,0.000480178,6.9358e-5,0.000369394,0.000390917,NaN,NaN,NaN,0.030941166,AMDGPU-AMD Radeon VII,shin-compute-002
OPF-rect,pglib_opf_case4020_goc.m,pglib_opf_case4020_goc.m,ExaModels,36696,60977,248442,317971,7.4801e-5,0.000490791,6.5817e-5,0.000366761,0.000389597,NaN,NaN,NaN,0.032308337,AMDGPU-AMD Radeon VII,shin-compute-002
OPF-rect,pglib_opf_case4601_goc.m,pglib_opf_case4601_goc.m,ExaModels,38814,64197,258792,330375,6.9907e-5,0.000476155,6.526e-5,0.000360013,0.000378857,NaN,NaN,NaN,0.034049543,AMDGPU-AMD Radeon VII,shin-compute-002
OPF-rect,pglib_opf_case4619_goc.m,pglib_opf_case4619_goc.m,ExaModels,42532,70908,289210,370364,7.0971e-5,0.000462145,6.608e-5,0.000357768,0.000384534,NaN,NaN,NaN,0.036205677,AMDGPU-AMD Radeon VII,shin-compute-002
OPF-rect,pglib_opf_case4661_sdet.m,pglib_opf_case4661_sdet.m,ExaModels,34758,55963,221320,280567,7.0386e-5,0.000461671,6.5501e-5,0.000361599,0.000381987,NaN,NaN,NaN,0.031753224,AMDGPU-AMD Radeon VII,shin-compute-002
OPF-rect,pglib_opf_case4837_goc.m,pglib_opf_case4837_goc.m,ExaModels,41398,68867,278168,355487,6.8743e-5,0.000460642,6.5757e-5,0.000362425,0.000384125,NaN,NaN,NaN,0.034855143,AMDGPU-AMD Radeon VII,shin-compute-002
OPF-rect,pglib_opf_case4917_goc.m,pglib_opf_case4917_goc.m,ExaModels,37872,61834,245870,312564,7.1545e-5,0.000473603,6.6521e-5,0.000364552,0.000382611,NaN,NaN,NaN,0.034155943,AMDGPU-AMD Radeon VII,shin-compute-002
OPF-rect,pglib_opf_case5658_epigrids.m,pglib_opf_case5658_epigrids.m,ExaModels,48552,80479,325202,415449,6.9789e-5,0.000459206,6.8041e-5,0.000362596,0.000387036,NaN,NaN,NaN,0.04039345,AMDGPU-AMD Radeon VII,shin-compute-002
OPF-rect,pglib_opf_case6468_rte.m,pglib_opf_case6468_rte.m,ExaModels,49734,82405,327608,417210,6.9894e-5,0.000468089,6.7482e-5,0.00036247,0.000380698,NaN,NaN,NaN,0.044992346,AMDGPU-AMD Radeon VII,shin-compute-002
OPF-rect,pglib_opf_case6470_rte.m,pglib_opf_case6470_rte.m,ExaModels,50482,82446,328504,417794,7.0788e-5,0.00046168,6.816e-5,0.000372181,0.000393108,NaN,NaN,NaN,0.044743375,AMDGPU-AMD Radeon VII,shin-compute-002
OPF-rect,pglib_opf_case6495_rte.m,pglib_opf_case6495_rte.m,ExaModels,50426,82619,328940,418451,7.012e-5,0.000462834,6.6262e-5,0.000362052,0.000386315,NaN,NaN,NaN,0.045675109,AMDGPU-AMD Radeon VII,shin-compute-002
OPF-rect,pglib_opf_case6515_rte.m,pglib_opf_case6515_rte.m,ExaModels,50546,82805,329644,419331,7.117e-5,0.0004697,6.7264e-5,0.000366361,0.000393494,NaN,NaN,NaN,0.045289099,AMDGPU-AMD Radeon VII,shin-compute-002
OPF-rect,pglib_opf_case7336_epigrids.m,pglib_opf_case7336_epigrids.m,ExaModels,62116,102642,413994,528501,6.7565e-5,0.000471239,6.6934e-5,0.000367119,0.000392765,NaN,NaN,NaN,0.050897404,AMDGPU-AMD Radeon VII,shin-compute-002
OPF-rect,pglib_opf_case8387_pegase.m,pglib_opf_case8387_pegase.m,ExaModels,78748,127089,520006,663752,6.8515e-5,0.000490368,6.6371e-5,0.000364249,0.000386704,NaN,NaN,NaN,0.067132046,AMDGPU-AMD Radeon VII,shin-compute-002
OPF-rect,pglib_opf_case9241_pegase.m,pglib_opf_case9241_pegase.m,ExaModels,85568,140067,571906,730952,6.7909e-5,0.000488332,6.7717e-5,0.000365423,0.000391587,NaN,NaN,NaN,0.066275159,AMDGPU-AMD Radeon VII,shin-compute-002
OPF-rect,pglib_opf_case9591_goc.m,pglib_opf_case9591_goc.m,ExaModels,83572,140179,567558,726344,6.7845e-5,0.000461974,6.6207e-5,0.000365506,0.000390355,NaN,NaN,NaN,0.064425179,AMDGPU-AMD Radeon VII,shin-compute-002
OPF-rect,pglib_opf_case10000_goc.m,pglib_opf_case10000_goc.m,ExaModels,76804,122352,486210,616125,6.7763e-5,0.000472517,6.6522e-5,0.000371599,0.00039369,NaN,NaN,NaN,0.063983435,AMDGPU-AMD Radeon VII,shin-compute-002
OPF-rect,pglib_opf_case10192_epigrids.m,pglib_opf_case10192_epigrids.m,ExaModels,89850,149645,606916,776313,6.8369e-5,0.000499875,6.7579e-5,0.00036695,0.000387718,NaN,NaN,NaN,0.068819989,AMDGPU-AMD Radeon VII,shin-compute-002
OPF-rect,pglib_opf_case10480_goc.m,pglib_opf_case10480_goc.m,ExaModels,96750,161354,658324,843138,7.2641e-5,0.000485047,6.6854e-5,0.000363417,0.00038487,NaN,NaN,NaN,0.073010897,AMDGPU-AMD Radeon VII,shin-compute-002
OPF-rect,pglib_opf_case13659_pegase.m,pglib_opf_case13659_pegase.m,ExaModels,117370,184247,745084,945663,7.1696e-5,0.000489073,6.6649e-5,0.000361086,0.000403423,NaN,NaN,NaN,0.092535466,AMDGPU-AMD Radeon VII,shin-compute-002
OPF-rect,pglib_opf_case19402_goc.m,pglib_opf_case19402_goc.m,ExaModels,179562,301135,1228884,1574954,6.7249e-5,0.000482294,6.8371e-5,0.000375735,0.000464177,NaN,NaN,NaN,0.12866947,AMDGPU-AMD Radeon VII,shin-compute-002
OPF-rect,pglib_opf_case20758_epigrids.m,pglib_opf_case20758_epigrids.m,ExaModels,179236,295676,1195874,1527131,6.8329e-5,0.000491339,6.7551e-5,0.000370975,0.0004548,NaN,NaN,NaN,0.134103964,AMDGPU-AMD Radeon VII,shin-compute-002
OPF-rect,pglib_opf_case24464_goc.m,pglib_opf_case24464_goc.m,ExaModels,203374,338105,1360080,1736650,6.6522e-5,0.000474493,6.7074e-5,0.00037326,0.000488108,NaN,NaN,NaN,0.148482266,AMDGPU-AMD Radeon VII,shin-compute-002
OPF-rect,pglib_opf_case30000_goc.m,pglib_opf_case30000_goc.m,ExaModels,208624,337752,1319630,1670035,6.8537e-5,0.000474187,6.6711e-5,0.000366104,0.000477994,NaN,NaN,NaN,0.15118091,AMDGPU-AMD Radeon VII,shin-compute-002
OPF-rect,pglib_opf_case78484_epigrids.m,pglib_opf_case78484_epigrids.m,ExaModels,674562,1117540,4516896,5770274,6.8009e-5,0.00062805,6.7628e-5,0.000898585,0.001416423,NaN,NaN,NaN,0.501224413,AMDGPU-AMD Radeon VII,shin-compute-002
LV,rosenrock,20,ExaModels,20,18,54,165,3.11e-7,7.93e-7,6.49e-7,1.214e-6,2.335e-6,1.389e-6,1.575e-6,1.597e-6,2.7799e-5,CPU-8T,shin-compute-002
LV,rosenrock,2000,ExaModels,2000,1998,5994,17985,7.832e-6,4.2377e-5,3.2852e-5,6.9956e-5,0.000229701,8.8107e-5,8.976e-5,9.5871e-5,0.002526653,CPU-8T,shin-compute-002
LV,rosenrock,200000,ExaModels,200000,199998,599994,1799985,0.000340177,0.000669909,0.001168401,0.001890993,0.006097754,0.005877836,0.002479591,0.002498075,0.455480301,CPU-8T,shin-compute-002
LV,wood,20,ExaModels,20,13,39,102,5.24e-7,1.059e-6,7.54e-7,7.71e-7,1.453e-6,1.361e-6,1.146e-6,1.234e-6,2.3066e-5,CPU-8T,shin-compute-002
LV,wood,2000,ExaModels,2000,1993,5979,12972,2.4825e-5,3.4571e-5,3.1815e-5,3.6133e-5,7.6399e-5,7.8334e-5,6.2e-5,5.5427e-5,0.002451076,CPU-8T,shin-compute-002
LV,wood,200000,ExaModels,200000,199993,599979,1299972,0.000446275,0.000210157,0.001441907,0.001247153,0.002794489,0.004287544,0.001804311,0.000917328,0.355653482,CPU-8T,shin-compute-002
LV,chained_powell,20,ExaModels,20,2,4,79,4.58e-7,6.38e-7,7.85e-7,7.84e-7,1.567e-6,1.459e-6,1.144e-6,1.095e-6,2.6236e-5,CPU-8T,shin-compute-002
LV,chained_powell,2000,ExaModels,2000,2,4,7999,1.3996e-5,6.34e-7,3.8351e-5,7.62e-7,3.5795e-5,9.026e-5,1.08e-6,1.407e-6,0.001003435,CPU-8T,shin-compute-002
LV,chained_powell,200000,ExaModels,200000,2,4,799999,0.000326491,6.6e-7,0.001641952,8.2e-7,0.002534534,0.00348788,1.077e-6,5.062e-5,0.125053268,CPU-8T,shin-compute-002
LV,cragg_levy,20,ExaModels,20,18,54,135,7.29e-7,3.72e-7,1.222e-6,4.56e-7,1.965e-6,2.417e-6,9.31e-7,9.09e-7,2.7159e-5,CPU-8T,shin-compute-002
LV,cragg_levy,2000,ExaModels,2000,1998,5994,14985,4.2962e-5,6.219e-6,7.8033e-5,2.0957e-5,0.000154405,0.000192993,4.3264e-5,3.9596e-5,0.002345366,CPU-8T,shin-compute-002
LV,cragg_levy,200000,ExaModels,200000,199998,599994,1499985,0.000774354,5.011e-5,0.001506853,0.000866479,0.005483651,0.006780971,0.001665533,0.001762554,0.340396666,CPU-8T,shin-compute-002
LV,broyden_tridiagonal,20,ExaModels,20,16,80,194,8.08e-7,3.87e-7,1.35e-6,4.96e-7,2.368e-6,2.748e-6,9.75e-7,9.15e-7,4.0984e-5,CPU-8T,shin-compute-002
LV,broyden_tridiagonal,2000,ExaModels,2000,1996,9980,21974,2.6457e-5,8.105e-6,5.4544e-5,3.0034e-5,0.000115258,0.000136553,4.9877e-5,5.1285e-5,0.003445041,CPU-8T,shin-compute-002
LV,broyden_tridiagonal,200000,ExaModels,200000,199996,999980,2199974,0.00049271,6.559e-5,0.001979003,0.001676449,0.005199004,0.007957641,0.002112253,0.001419482,0.642737086,CPU-8T,shin-compute-002
LV,broyden_banded,20,ExaModels,40,29,167,258,5.08e-7,3.711e-6,9.44e-7,4.645e-6,6.092e-6,2.256e-6,5.095e-6,5.119e-6,0.000109551,CPU-8T,shin-compute-002
LV,broyden_banded,2000,ExaModels,4000,2999,18977,27978,1.9367e-5,3.0354e-5,5.0692e-5,5.8849e-5,0.000161468,0.000147467,8.2011e-5,9.0933e-5,0.005231916,CPU-8T,shin-compute-002
LV,broyden_banded,200000,ExaModels,400000,299999,1899977,2799978,0.000480371,0.000268687,0.002147404,0.003829345,0.008321444,0.014698206,0.006325527,0.007081527,0.875650037,CPU-8T,shin-compute-002
LV,trigo_tridiagonal,20,ExaModels,20,4,14,69,6.83e-7,1.276e-6,1.405e-6,1.447e-6,3.255e-6,2.26e-6,1.827e-6,1.838e-6,3.2679e-5,CPU-8T,shin-compute-002
LV,trigo_tridiagonal,2000,ExaModels,2000,4,14,6009,4.1873e-5,1.279e-6,8.797e-5,1.496e-6,0.000107267,0.000127592,1.837e-6,2.2e-6,0.00097734,CPU-8T,shin-compute-002
LV,trigo_tridiagonal,200000,ExaModels,200000,4,14,600009,0.000836525,1.191e-6,0.002535082,1.501e-6,0.002651449,0.003344413,1.738e-6,5.0892e-5,0.102207401,CPU-8T,shin-compute-002
LV,augmented_lagrangian,20,ExaModels,20,18,54,106,4.74e-7,4.05e-7,8.57e-7,5.05e-7,1.562e-6,1.847e-6,9.53e-7,9.01e-7,2.9717e-5,CPU-8T,shin-compute-002
LV,augmented_lagrangian,2000,ExaModels,2000,1998,5994,10798,1.0666e-5,1.544e-5,3.9079e-5,2.6389e-5,7.7865e-5,9.7123e-5,4.5117e-5,4.4786e-5,0.001862545,CPU-8T,shin-compute-002
LV,augmented_lagrangian,200000,ExaModels,200000,199998,599994,1079998,0.000211234,0.000193218,0.000838596,0.001533865,0.002806602,0.003026457,0.001367597,0.001781264,0.24965883,CPU-8T,shin-compute-002
LV,modified_brown,20,ExaModels,20,6,30,61,4.24e-7,2.962e-6,7.5e-7,3.228e-6,4.366e-6,1.281e-6,3.669e-6,3.683e-6,6.1956e-5,CPU-8T,shin-compute-002
LV,modified_brown,2000,ExaModels,2000,6,30,3031,9.878e-6,2.945e-6,2.5077e-5,3.435e-6,2.0967e-5,5.034e-5,3.641e-6,4.173e-6,0.000471977,CPU-8T,shin-compute-002
LV,modified_brown,200000,ExaModels,200000,6,30,300031,0.000231081,2.939e-6,0.000826943,3.214e-6,0.000696113,0.00121907,3.664e-6,5.3202e-5,0.035812611,CPU-8T,shin-compute-002
LV,generalized_brown,20,ExaModels,20,18,54,58,4.06e-7,3.57e-7,9.22e-7,3.96e-7,1.694e-6,1.856e-6,7.89e-7,8.34e-7,1.7575e-5,CPU-8T,shin-compute-002
LV,generalized_brown,2000,ExaModels,2000,1998,5994,5998,5.577e-6,6.393e-6,4.4998e-5,1.8195e-5,0.00010346,0.000115984,3.6666e-5,3.7653e-5,0.001210941,CPU-8T,shin-compute-002
LV,generalized_brown,200000,ExaModels,200000,199998,599994,599998,0.000204959,3.924e-5,0.00109288,0.000847388,0.001969018,0.003009302,0.001708369,0.001697468,0.140958411,CPU-8T,shin-compute-002
LV,chained_hs46,20,ExaModels,20,11,33,79,3.92e-7,6.9e-7,7.39e-7,8.15e-7,1.57e-6,1.297e-6,1.173e-6,1.18e-6,2.5116e-5,CPU-8T,shin-compute-002
LV,chained_hs46,2000,ExaModels,2000,1331,3993,9319,8.5e-6,9.824e-6,3.0217e-5,1.7566e-5,5.202e-5,7.1921e-5,3.869e-5,3.6557e-5,0.001565903,CPU-8T,shin-compute-002
LV,chained_hs46,200000,ExaModels,200000,133331,399993,933319,0.000215861,0.000202721,0.001395889,0.001149567,0.002999268,0.00384542,0.001045784,0.001199627,0.195514707,CPU-8T,shin-compute-002
LV,chained_hs47,20,ExaModels,20,11,30,57,4.66e-7,9.17e-7,7.3e-7,1.027e-6,1.695e-6,1.204e-6,1.459e-6,1.474e-6,2.6267e-5,CPU-8T,shin-compute-002
LV,chained_hs47,2000,ExaModels,2000,1496,3990,7482,9.149e-6,1.0084e-5,1.9303e-5,4.1e-6,1.2642e-5,5.5307e-5,2.5352e-5,2.3587e-5,0.001192398,CPU-8T,shin-compute-002
LV,chained_hs47,200000,ExaModels,200000,149996,399990,749982,0.000207569,0.000122235,0.000957157,0.00056627,0.001709609,0.002927372,0.001274917,0.001092626,0.146166451,CPU-8T,shin-compute-002
LV,chained_hs48,20,ExaModels,20,12,48,54,4.0e-7,6.49e-7,6.93e-7,7.35e-7,1.266e-6,1.151e-6,1.146e-6,1.166e-6,2.2353e-5,CPU-8T,shin-compute-002
LV,chained_hs48,2000,ExaModels,2000,1332,5328,5994,7.933e-6,1.2351e-5,1.7796e-5,4.268e-6,9.083e-6,4.6766e-5,2.6391e-5,2.604e-5,0.001178008,CPU-8T,shin-compute-002
LV,chained_hs48,200000,ExaModels,200000,133332,533328,599994,0.000190213,0.000218285,0.000980872,0.000720759,0.001035904,0.002026707,0.001579397,0.001203144,0.141436331,CPU-8T,shin-compute-002
LV,chained_hs49,20,ExaModels,20,12,36,48,4.18e-7,7.13e-7,7.43e-7,7.25e-7,1.438e-6,1.24e-6,1.126e-6,1.073e-6,2.1811e-5,CPU-8T,shin-compute-002
LV,chained_hs49,2000,ExaModels,2000,1332,3996,5328,8.466e-6,9.244e-6,2.6307e-5,3.649e-6,2.4834e-5,6.1229e-5,2.5385e-5,2.3696e-5,0.001093711,CPU-8T,shin-compute-002
LV,chained_hs49,200000,ExaModels,200000,133332,399996,533328,0.000195732,0.000154194,0.001141965,0.00062575,0.001526602,0.00240051,0.001102948,0.001158543,0.124148487,CPU-8T,shin-compute-002
LV,chained_hs50,20,ExaModels,20,11,33,51,4.53e-7,9.62e-7,7.25e-7,1.124e-6,1.722e-6,1.151e-6,1.387e-6,1.396e-6,2.6667e-5,CPU-8T,shin-compute-002
LV,chained_hs50,2000,ExaModels,2000,1496,4488,6486,9.143e-6,1.0778e-5,2.0405e-5,3.934e-6,1.1085e-5,5.128e-5,2.5112e-5,2.3702e-5,0.001136469,CPU-8T,shin-compute-002
LV,chained_hs50,200000,ExaModels,200000,149996,449988,649986,0.000202129,0.000232623,0.000910796,0.000729634,0.001007668,0.002608737,0.001178494,0.001170201,0.13057537,CPU-8T,shin-compute-002
LV,chained_hs51,20,ExaModels,20,11,26,39,3.6e-7,9.51e-7,7.01e-7,1.129e-6,1.773e-6,1.204e-6,1.445e-6,1.529e-6,2.2795e-5,CPU-8T,shin-compute-002
LV,chained_hs51,2000,ExaModels,2000,1496,3491,4989,4.31e-6,8.39e-6,2.0695e-5,3.634e-6,1.4738e-5,4.8468e-5,2.0347e-5,1.8512e-5,0.000853031,CPU-8T,shin-compute-002
LV,chained_hs51,200000,ExaModels,200000,149996,349991,499989,0.000127516,0.000124855,0.000966515,0.000538813,0.000950896,0.001970833,0.000923082,0.000982525,0.099253817,CPU-8T,shin-compute-002
LV,chained_hs52,20,ExaModels,20,11,26,39,3.75e-7,9.11e-7,6.98e-7,1.073e-6,1.683e-6,1.153e-6,1.412e-6,1.44e-6,2.3947e-5,CPU-8T,shin-compute-002
LV,chained_hs52,2000,ExaModels,2000,1496,3491,4989,4.59e-6,8.272e-6,1.9767e-5,3.573e-6,1.4015e-5,4.8119e-5,2.2122e-5,2.0463e-5,0.000893371,CPU-8T,shin-compute-002
LV,chained_hs52,200000,ExaModels,200000,149996,349991,499989,0.000150142,0.000119385,0.001065543,0.000598412,0.001094783,0.002583017,0.001134615,0.00123211,0.099321138,CPU-8T,shin-compute-002
LV,chained_hs53,20,ExaModels,20,11,26,39,3.75e-7,9.5e-7,6.84e-7,1.079e-6,1.67e-6,1.161e-6,1.426e-6,1.436e-6,2.2467e-5,CPU-8T,shin-compute-002
LV,chained_hs53,2000,ExaModels,2000,1496,3491,4989,4.616e-6,8.766e-6,2.0109e-5,3.585e-6,1.4898e-5,4.5036e-5,2.2157e-5,1.9858e-5,0.000891186,CPU-8T,shin-compute-002
LV,chained_hs53,200000,ExaModels,200000,149996,349991,499989,0.000127682,0.000121092,0.001221209,0.000604624,0.000609024,0.001610474,0.000902556,0.000998641,0.102042748,CPU-8T,shin-compute-002
COPS,bearing,"(5, 5)",ExaModels,49,28,28,360,4.013e-6,1.276e-6,4.864e-6,1.377e-6,6.236e-6,6.231e-6,1.891e-6,1.858e-6,7.8728e-5,CPU-8T,shin-compute-002
COPS,bearing,"(35, 35)",ExaModels,1369,148,148,12960,0.000145429,1.583e-6,0.000171796,1.511e-6,0.000159221,0.000251519,2.361e-6,2.47e-6,0.002186898,CPU-8T,shin-compute-002
COPS,bearing,"(320, 320)",ExaModels,103684,1288,1288,1030410,0.001439653,4.119e-6,0.002539829,1.918e-6,0.003244333,0.004355022,1.4382e-5,4.696e-5,0.185794774,CPU-8T,shin-compute-002
COPS,camshape,20,ExaModels,20,43,100,115,3.34e-7,4.532e-6,6.21e-7,4.666e-6,5.698e-6,1.194e-6,5.588e-6,5.537e-6,7.6612e-5,CPU-8T,shin-compute-002
COPS,camshape,2000,ExaModels,2000,4003,10000,11995,8.897e-6,2.8979e-5,2.0478e-5,4.0036e-5,5.9717e-5,5.8202e-5,6.7634e-5,6.614e-5,0.002285901,CPU-8T,shin-compute-002
COPS,camshape,170000,ExaModels,170000,340003,850000,1019995,0.000326476,0.000127506,0.000724752,0.001432812,0.002039395,0.003052707,0.002572827,0.00228644,0.23164682,CPU-8T,shin-compute-002
COPS,catmix,3,ExaModels,71,62,266,144,6.12e-7,5.619e-6,9.43e-7,6.261e-6,8.061e-6,1.978e-6,7.085e-6,7.146e-6,7.3921e-5,CPU-8T,shin-compute-002
COPS,catmix,200,ExaModels,4602,4002,17602,10191,3.874e-6,0.000128576,6.048e-6,0.000117213,0.000123275,5.4695e-5,0.000154779,0.000160158,0.002909737,CPU-8T,shin-compute-002
COPS,catmix,20000,ExaModels,460002,400002,1760002,1019991,0.000165105,0.001533233,0.000543735,0.003995833,0.002840102,0.005406845,0.007653742,0.009507375,0.371280386,CPU-8T,shin-compute-002
COPS,chain,50,ExaModels,48,38,159,88,2.86e-7,2.799e-6,5.14e-7,5.556e-6,4.698e-6,1.16e-6,6.661e-6,6.541e-6,7.534e-5,CPU-8T,shin-compute-002
COPS,chain,5000,ExaModels,5000,3752,17491,9992,2.76e-7,3.9611e-5,1.781e-6,6.697e-5,8.1043e-5,4.9493e-5,9.4201e-5,9.5909e-5,0.002705209,CPU-8T,shin-compute-002
COPS,chain,500000,ExaModels,500000,375002,1749991,999992,2.82e-7,0.000218082,0.00013649,0.002476019,0.002179703,0.003497589,0.004942611,0.005876809,0.314740466,CPU-8T,shin-compute-002
COPS,channel,5,ExaModels,200,200,1521,120,3.94e-7,1.1554e-5,5.8e-8,7.037e-6,8.601e-6,1.327e-6,9.532e-6,1.0903e-5,0.000205356,CPU-8T,shin-compute-002
COPS,channel,400,ExaModels,16000,16000,123181,9600,3.9e-7,0.000271873,3.942e-6,0.000192177,8.3654e-5,5.3278e-5,0.000299536,0.000590859,0.010642619,CPU-8T,shin-compute-002
COPS,channel,42000,ExaModels,1680000,1680000,12935981,1008000,3.96e-7,0.008369994,0.000502581,0.021852926,0.001813803,0.005973905,0.038828466,0.140111971,2.526672264,CPU-8T,shin-compute-002
COPS,dirichlet,5,ExaModels,10564,8331,62619,71172,3.11e-7,0.000303573,3.174e-6,0.000250236,0.000322078,0.000211155,0.000362746,0.000483369,0.024567247,CPU-8T,shin-compute-002
COPS,dirichlet,20,ExaModels,33199,24261,197154,227097,3.04e-7,0.000769514,8.801e-6,0.00062275,0.000899203,0.000608338,0.000791221,0.001072194,0.07745005,CPU-8T,shin-compute-002
COPS,dirichlet,100,ExaModels,153919,109221,914674,1058697,3.21e-7,0.002955478,3.7306e-5,0.002589025,0.00339355,0.00346937,0.007800973,0.006383663,0.461548435,CPU-8T,shin-compute-002
COPS,elec,5,ExaModels,15,5,15,225,1.073e-6,5.94e-7,7.8e-7,3.99e-7,1.141e-6,1.964e-6,7.12e-7,7.17e-7,4.1769e-5,CPU-8T,shin-compute-002
COPS,elec,50,ExaModels,150,50,150,25875,3.4954e-5,6.82e-7,4.6674e-5,4.77e-7,8.2548e-5,0.000212099,1.14e-6,1.258e-6,0.003064641,CPU-8T,shin-compute-002
COPS,elec,200,ExaModels,600,200,600,418500,0.000102027,6.68e-7,0.000600939,8.43e-7,0.000998371,0.003741082,2.251e-6,2.693e-6,0.050414579,CPU-8T,shin-compute-002
COPS,gasoil,2,ExaModels,55,52,262,734,2.277e-6,5.36e-6,3.076e-6,2.4562e-5,3.0165e-5,8.268e-6,2.554e-5,2.5703e-5,0.000188493,CPU-8T,shin-compute-002
COPS,gasoil,200,ExaModels,5203,5200,27190,11822,2.317e-6,0.000152074,4.345e-6,0.00015522,0.000181632,7.4207e-5,0.000203171,0.000240062,0.003911831,CPU-8T,shin-compute-002
COPS,gasoil,18000,ExaModels,468003,468000,2447990,1008622,2.352e-6,0.002103847,0.00013322,0.007982278,0.003590163,0.006877158,0.011416078,0.015720773,0.494927755,CPU-8T,shin-compute-002
COPS,glider,2,ExaModels,16,15,63,252,2.237e-6,1.6446e-5,2.535e-6,1.8594e-5,2.9062e-5,3.657e-6,1.8591e-5,1.9004e-5,0.001093205,CPU-8T,shin-compute-002
COPS,glider,80,ExaModels,406,327,2247,10080,2.199e-6,3.4361e-5,2.619e-6,6.2456e-5,0.000365883,4.1947e-5,6.6268e-5,6.6648e-5,0.002647405,CPU-8T,shin-compute-002
COPS,glider,8000,ExaModels,40006,32007,224007,1008000,2.222e-6,0.000401027,1.2116e-5,0.001203541,0.006535337,0.005779523,0.001437508,0.001555954,0.185470964,CPU-8T,shin-compute-002
COPS,marine,2,ExaModels,79,56,194,644,2.472e-6,3.775e-6,3.95e-6,3.886e-6,8.009e-6,6.393e-6,4.771e-6,4.709e-6,0.000106625,CPU-8T,shin-compute-002
COPS,marine,150,ExaModels,4815,4792,16326,11596,2.568e-6,9.5579e-5,5.29e-6,7.8045e-5,8.086e-5,7.7341e-5,0.000108944,0.000122167,0.00276184,CPU-8T,shin-compute-002
COPS,marine,14000,ExaModels,448015,447992,1525976,1036496,2.86e-6,0.00105115,0.000121168,0.003119507,0.00273797,0.006740168,0.00532717,0.00739174,0.316937225,CPU-8T,shin-compute-002
COPS,methanol,2,ExaModels,65,60,312,993,1.951e-6,5.569e-6,2.731e-6,6.047e-6,9.786e-6,7.592e-6,7.129e-6,7.29e-6,0.00019516,CPU-8T,shin-compute-002
COPS,methanol,50,ExaModels,1505,1500,8088,12801,1.846e-6,3.8348e-5,3.477e-6,4.02e-5,6.5445e-5,5.9929e-5,6.7842e-5,7.7189e-5,0.002031813,CPU-8T,shin-compute-002
COPS,methanol,4000,ExaModels,120005,120000,647988,984501,1.939e-6,0.000740729,2.2983e-5,0.001202778,0.00330236,0.006030936,0.001826165,0.003995502,0.18533603,CPU-8T,shin-compute-002
COPS,minsurf,"(5, 5)",ExaModels,49,102,102,504,3.417e-6,2.035e-6,5.925e-6,2.074e-6,1.0921e-5,1.137e-5,2.739e-6,2.675e-6,8.9503e-5,CPU-8T,shin-compute-002
COPS,minsurf,"(30, 30)",ExaModels,1024,1476,1476,13454,7.0839e-5,5.428e-6,0.000128307,2.89e-6,0.00020545,0.000243853,1.7155e-5,6.331e-6,0.002130043,CPU-8T,shin-compute-002
COPS,minsurf,"(280, 280)",ExaModels,79524,100816,100816,1105454,0.001030803,7.7036e-5,0.002328966,0.000129674,0.004084297,0.005763518,0.000353421,0.000361983,0.218484707,CPU-8T,shin-compute-002
COPS,pinene,2,ExaModels,105,100,438,595,1.537e-6,6.419e-6,2.231e-6,6.741e-6,9.691e-6,4.886e-6,7.919e-6,7.958e-6,0.000135289,CPU-8T,shin-compute-002
COPS,pinene,100,ExaModels,5005,5000,22880,10885,1.553e-6,0.000122992,3.459e-6,0.00013701,0.000128665,6.8967e-5,0.000149974,0.00018498,0.0033499,CPU-8T,shin-compute-002
COPS,pinene,10000,ExaModels,500005,500000,2289980,1050385,1.594e-6,0.002061714,0.000136439,0.005740192,0.002865599,0.0078762,0.009296363,0.012505972,0.450359346,CPU-8T,shin-compute-002
COPS,polygon,10,ExaModels,10,16,50,140,3.4e-7,1.312e-6,6.44e-7,1.66e-6,2.549e-6,1.4e-6,2.197e-6,2.105e-6,3.0247e-5,CPU-8T,shin-compute-002
COPS,polygon,100,ExaModels,100,1276,5000,12740,6.46e-7,2.8913e-5,1.681e-6,4.8588e-5,8.8866e-5,5.3312e-5,6.1414e-5,5.7013e-5,0.001732383,CPU-8T,shin-compute-002
COPS,polygon,800,ExaModels,800,80201,320000,801990,3.061e-6,0.00015511,8.931e-6,0.001128102,0.002181285,0.006656439,0.001025999,0.002299444,0.118814095,CPU-8T,shin-compute-002
COPS,robot,2,ExaModels,28,24,84,134,3.04e-7,0.000170513,5.13e-7,8.712e-5,9.0399e-5,1.252e-6,8.5888e-5,8.9514e-5,0.000411022,CPU-8T,shin-compute-002
COPS,robot,150,ExaModels,1360,912,5412,10050,2.77e-7,0.000182131,5.71e-7,0.000106015,0.000139583,6.1713e-5,0.000118852,0.0001514,0.001758113,CPU-8T,shin-compute-002
COPS,robot,15000,ExaModels,135010,90012,540012,1005000,3.05e-7,0.000459678,3.4331e-5,0.001871117,0.003484791,0.006754002,0.002199459,0.002910013,0.180044868,CPU-8T,shin-compute-002
COPS,rocket,2,ExaModels,13,10,42,118,3.01e-7,2.268e-6,5.3e-7,2.679e-6,4.25e-6,1.25e-6,3.217e-6,3.167e-6,6.7604e-5,CPU-8T,shin-compute-002
COPS,rocket,200,ExaModels,805,604,3804,11800,2.72e-7,7.384e-6,5.45e-7,1.3963e-5,4.5201e-5,4.1883e-5,2.0102e-5,2.083e-5,0.00173141,CPU-8T,shin-compute-002
COPS,rocket,17000,ExaModels,68005,51004,323004,1003000,2.85e-7,0.000155389,1.4512e-5,0.000871539,0.002741284,0.005957373,0.001241041,0.00188853,0.162213826,CPU-8T,shin-compute-002
COPS,steering,5,ExaModels,31,28,108,120,2.98e-7,3.27e-6,5.46e-7,3.481e-6,4.222e-6,1.175e-6,4.012e-6,4.288e-6,4.3557e-5,CPU-8T,shin-compute-002
COPS,steering,400,ExaModels,2006,1608,8008,9600,2.7e-7,1.6171e-5,6.14e-7,1.7567e-5,3.2005e-5,4.9818e-5,4.1318e-5,4.1699e-5,0.001501234,CPU-8T,shin-compute-002
COPS,steering,42000,ExaModels,210006,168008,840008,1008000,2.94e-7,0.000376209,5.5044e-5,0.001718246,0.002483018,0.00691941,0.001839515,0.00409057,0.223467261,CPU-8T,shin-compute-002
COPS,torsion,"(5, 5)",ExaModels,49,49,49,360,3.013e-6,6.58e-7,3.226e-6,3.65e-7,2.902e-6,4.103e-6,8.05e-7,7.97e-7,5.6564e-5,CPU-8T,shin-compute-002
COPS,torsion,"(35, 35)",ExaModels,1369,1369,1369,12960,0.000128121,7.785e-6,0.000119308,7.742e-6,9.5539e-5,0.000145562,2.5376e-5,2.2116e-5,0.002456823,CPU-8T,shin-compute-002
COPS,torsion,"(320, 320)",ExaModels,103684,103684,103684,1030410,0.00128767,4.4876e-5,0.003173849,0.000112491,0.00243667,0.003991721,0.000333662,0.000332253,0.23178023,CPU-8T,shin-compute-002
OPF-polar,pglib_opf_case3_lmbd.m,pglib_opf_case3_lmbd.m,ExaModels,24,28,103,141,3.08e-7,8.4978e-5,5.79e-7,4.6485e-5,4.6819e-5,3.4e-8,NaN,NaN,0.000507345,CPU-8T,shin-compute-002
OPF-polar,pglib_opf_case5_pjm.m,pglib_opf_case5_pjm.m,ExaModels,44,53,201,279,3.05e-7,8.4145e-5,5.85e-7,4.6858e-5,4.9373e-5,3.7e-8,NaN,NaN,0.000533664,CPU-8T,shin-compute-002
OPF-polar,pglib_opf_case14_ieee.m,pglib_opf_case14_ieee.m,ExaModels,118,169,639,913,3.08e-7,8.5496e-5,5.6e-7,4.7064e-5,5.29e-5,4.2e-8,NaN,NaN,0.000595138,CPU-8T,shin-compute-002
OPF-polar,pglib_opf_case24_ieee_rts.m,pglib_opf_case24_ieee_rts.m,ExaModels,266,315,1255,1753,3.89e-7,8.5839e-5,7.61e-7,4.8812e-5,5.5726e-5,1.15e-7,NaN,NaN,0.000727911,CPU-8T,shin-compute-002
OPF-polar,pglib_opf_case30_ieee.m,pglib_opf_case30_ieee.m,ExaModels,236,348,1303,1870,3.02e-7,8.5963e-5,5.68e-7,5.2828e-5,5.8362e-5,5.4e-8,NaN,NaN,0.000668308,CPU-8T,shin-compute-002
OPF-polar,pglib_opf_case30_as.m,pglib_opf_case30_as.m,ExaModels,236,348,1303,1870,3.2e-7,8.9765e-5,6.03e-7,5.0745e-5,5.7258e-5,5.0e-8,NaN,NaN,0.000666179,CPU-8T,shin-compute-002
OPF-polar,pglib_opf_case39_epri.m,pglib_opf_case39_epri.m,ExaModels,282,401,1479,2112,2.95e-7,8.8208e-5,6.24e-7,5.1725e-5,5.6712e-5,7.1e-8,NaN,NaN,0.000716961,CPU-8T,shin-compute-002
OPF-polar,pglib_opf_case57_ieee.m,pglib_opf_case57_ieee.m,ExaModels,448,675,2529,3641,3.07e-7,9.0409e-5,6.14e-7,5.3929e-5,6.408e-5,6.7e-8,NaN,NaN,0.000851403,CPU-8T,shin-compute-002
OPF-polar,pglib_opf_case60_c.m,pglib_opf_case60_c.m,ExaModels,518,737,2807,4015,3.47e-7,9.4681e-5,7.21e-7,5.6839e-5,6.7682e-5,1.02e-7,NaN,NaN,0.00089065,CPU-8T,shin-compute-002
OPF-polar,pglib_opf_case73_ieee_rts.m,pglib_opf_case73_ieee_rts.m,ExaModels,824,987,3945,5525,4.26e-7,9.9806e-5,1.239e-6,5.9288e-5,7.4817e-5,2.61e-7,NaN,NaN,0.00122919,CPU-8T,shin-compute-002
OPF-polar,pglib_opf_case89_pegase.m,pglib_opf_case89_pegase.m,ExaModels,1042,1649,6503,9430,3.31e-7,0.000104033,6.92e-7,6.6905e-5,9.0813e-5,1.03e-7,NaN,NaN,0.001262147,CPU-8T,shin-compute-002
OPF-polar,pglib_opf_case118_ieee.m,pglib_opf_case118_ieee.m,ExaModels,1088,1539,5925,8474,3.95e-7,0.000105517,9.48e-7,6.6064e-5,8.6876e-5,1.85e-7,NaN,NaN,0.001326646,CPU-8T,shin-compute-002
OPF-polar,pglib_opf_case162_ieee_dtc.m,pglib_opf_case162_ieee_dtc.m,ExaModels,1484,2313,8869,12832,3.17e-7,0.000112509,7.69e-7,7.4812e-5,0.000107331,1.11e-7,NaN,NaN,0.001763955,CPU-8T,shin-compute-002
OPF-polar,pglib_opf_case179_goc.m,pglib_opf_case179_goc.m,ExaModels,1468,2200,8307,11959,3.77e-7,0.000115104,8.48e-7,7.4243e-5,0.000102643,1.42e-7,NaN,NaN,0.001818298,CPU-8T,shin-compute-002
OPF-polar,pglib_opf_case197_snem.m,pglib_opf_case197_snem.m,ExaModels,1608,2397,9045,13013,3.43e-7,0.00011249,8.61e-7,7.4964e-5,0.000107549,1.57e-7,NaN,NaN,0.001911951,CPU-8T,shin-compute-002
OPF-polar,pglib_opf_case200_activ.m,pglib_opf_case200_activ.m,ExaModels,1456,2116,7827,11218,3.49e-7,0.000110989,9.44e-7,7.3939e-5,9.8726e-5,1.59e-7,NaN,NaN,0.001887947,CPU-8T,shin-compute-002
OPF-polar,pglib_opf_case240_pserc.m,pglib_opf_case240_pserc.m,ExaModels,2558,3617,14207,20335,5.15e-7,0.000137001,2.058e-6,9.3221e-5,0.000144332,6.84e-7,NaN,NaN,0.002672234,CPU-8T,shin-compute-002
OPF-polar,pglib_opf_case300_ieee.m,pglib_opf_case300_ieee.m,ExaModels,2382,3478,13069,18753,3.98e-7,0.000128653,1.5e-6,9.023e-5,0.000136768,2.69e-7,NaN,NaN,0.002477913,CPU-8T,shin-compute-002
OPF-polar,pglib_opf_case500_goc.m,pglib_opf_case500_goc.m,ExaModels,4254,6097,23183,33203,5.76e-7,0.000236204,2.47e-6,0.00021091,0.000311436,1.507e-6,NaN,NaN,0.00425011,CPU-8T,shin-compute-002
OPF-polar,pglib_opf_case588_sdet.m,pglib_opf_case588_sdet.m,ExaModels,4110,5979,21947,31455,4.53e-7,0.000256389,2.329e-6,0.000203667,0.00030995,1.18e-6,NaN,NaN,0.003862649,CPU-8T,shin-compute-002
OPF-polar,pglib_opf_case793_goc.m,pglib_opf_case793_goc.m,ExaModels,5432,7978,29171,41855,4.3e-7,0.000271898,2.64e-6,0.000228415,0.000324724,1.473e-6,NaN,NaN,0.005203475,CPU-8T,shin-compute-002
OPF-polar,pglib_opf_case1354_pegase.m,pglib_opf_case1354_pegase.m,ExaModels,11192,16646,62959,90572,7.53e-7,0.00036516,4.487e-6,0.000389839,0.000581879,3.791e-6,NaN,NaN,0.008820033,CPU-8T,shin-compute-002
OPF-polar,pglib_opf_case1803_snem.m,pglib_opf_case1803_snem.m,ExaModels,15246,23172,87917,126816,6.98e-7,0.000361771,5.837e-6,0.000424102,0.000628644,4.84e-6,NaN,NaN,0.012286953,CPU-8T,shin-compute-002
OPF-polar,pglib_opf_case1888_rte.m,pglib_opf_case1888_rte.m,ExaModels,14480,21494,80287,115430,9.14e-7,0.000361143,5.479e-6,0.000422034,0.00059587,3.391e-6,NaN,NaN,0.011738392,CPU-8T,shin-compute-002
OPF-polar,pglib_opf_case1951_rte.m,pglib_opf_case1951_rte.m,ExaModels,15018,22075,82515,118492,1.138e-6,0.000368336,5.071e-6,0.000413325,0.000593636,4.81e-6,NaN,NaN,0.011632655,CPU-8T,shin-compute-002
OPF-polar,pglib_opf_case2000_goc.m,pglib_opf_case2000_goc.m,ExaModels,19008,29432,113467,164090,7.28e-7,0.00038237,5.139e-6,0.000475259,0.000655599,5.127e-6,NaN,NaN,0.015127979,CPU-8T,shin-compute-002
OPF-polar,pglib_opf_case2312_goc.m,pglib_opf_case2312_goc.m,ExaModels,17128,25716,95467,137422,7.03e-7,0.000370935,6.131e-6,0.000474803,0.000643598,5.162e-6,NaN,NaN,0.013397995,CPU-8T,shin-compute-002
OPF-polar,pglib_opf_case2383wp_k.m,pglib_opf_case2383wp_k.m,ExaModels,17004,25039,92301,132517,8.81e-7,0.000346507,6.645e-6,0.000411115,0.000647871,5.417e-6,NaN,NaN,0.013075377,CPU-8T,shin-compute-002
OPF-polar,pglib_opf_case2736sp_k.m,pglib_opf_case2736sp_k.m,ExaModels,19088,28356,104083,149578,8.16e-7,0.000375306,7.155e-6,0.000475968,0.000654505,3.995e-6,NaN,NaN,0.015270076,CPU-8T,shin-compute-002
OPF-polar,pglib_opf_case2737sop_k.m,pglib_opf_case2737sop_k.m,ExaModels,18988,28358,103983,149529,6.3e-7,0.000375097,5.516e-6,0.000464852,0.000695318,5.579e-6,NaN,NaN,0.015271871,CPU-8T,shin-compute-002
OPF-polar,pglib_opf_case2742_goc.m,pglib_opf_case2742_goc.m,ExaModels,24540,38196,146039,211278,5.32e-7,0.000370373,7.01e-6,0.000543168,0.00075774,5.5e-6,NaN,NaN,0.01867992,CPU-8T,shin-compute-002
OPF-polar,pglib_opf_case2746wop_k.m,pglib_opf_case2746wop_k.m,ExaModels,19582,28642,105565,151431,1.059e-6,0.000388372,7.225e-6,0.000458845,0.000664925,4.492e-6,NaN,NaN,0.017368372,CPU-8T,shin-compute-002
OPF-polar,pglib_opf_case2746wp_k.m,pglib_opf_case2746wp_k.m,ExaModels,19520,28446,104775,150224,1.068e-6,0.000380706,7.942e-6,0.000471859,0.000693535,5.76e-6,NaN,NaN,0.016057792,CPU-8T,shin-compute-002
OPF-polar,pglib_opf_case2848_rte.m,pglib_opf_case2848_rte.m,ExaModels,21822,32129,119999,172351,1.194e-6,0.000384936,8.585e-6,0.000485261,0.000736988,7.121e-6,NaN,NaN,0.01781355,CPU-8T,shin-compute-002
OPF-polar,pglib_opf_case2853_sdet.m,pglib_opf_case2853_sdet.m,ExaModels,23028,33154,124975,179049,1.763e-6,0.000389799,1.0729e-5,0.000470926,0.000703045,8.515e-6,NaN,NaN,0.018829186,CPU-8T,shin-compute-002
OPF-polar,pglib_opf_case2868_rte.m,pglib_opf_case2868_rte.m,ExaModels,22090,32393,121099,173849,1.491e-6,0.000457434,8.838e-6,0.00052784,0.000737586,7.006e-6,NaN,NaN,0.019912621,CPU-8T,shin-compute-002
OPF-polar,pglib_opf_case2869_pegase.m,pglib_opf_case2869_pegase.m,ExaModels,25086,37813,144219,207856,1.244e-6,0.000418718,9.806e-6,0.000497331,0.000728916,7.928e-6,NaN,NaN,0.022702912,CPU-8T,shin-compute-002
OPF-polar,pglib_opf_case3012wp_k.m,pglib_opf_case3012wp_k.m,ExaModels,21082,31029,113955,163577,1.055e-6,0.000394217,8.358e-6,0.000513878,0.000713785,7.019e-6,NaN,NaN,0.016574071,CPU-8T,shin-compute-002
OPF-polar,pglib_opf_case3022_goc.m,pglib_opf_case3022_goc.m,ExaModels,23238,34990,130749,188311,1.011e-6,0.000427475,7.685e-6,0.000527559,0.000747403,6.722e-6,NaN,NaN,0.020763493,CPU-8T,shin-compute-002
OPF-polar,pglib_opf_case3120sp_k.m,pglib_opf_case3120sp_k.m,ExaModels,21608,32092,117627,169030,8.84e-7,0.000426283,7.091e-6,0.000520467,0.000698115,6.522e-6,NaN,NaN,0.018846047,CPU-8T,shin-compute-002
OPF-polar,pglib_opf_case3375wp_k.m,pglib_opf_case3375wp_k.m,ExaModels,24350,35876,132537,190311,1.135e-6,0.000394624,9.435e-6,0.000490571,0.000707086,8.045e-6,NaN,NaN,0.019550155,CPU-8T,shin-compute-002
OPF-polar,pglib_opf_case3970_goc.m,pglib_opf_case3970_goc.m,ExaModels,35270,54428,207937,300527,9.91e-7,0.000419003,9.563e-6,0.000598079,0.00084067,1.1036e-5,NaN,NaN,0.02519066,CPU-8T,shin-compute-002
OPF-polar,pglib_opf_case4020_goc.m,pglib_opf_case4020_goc.m,ExaModels,36696,56957,218385,315864,9.99e-7,0.000409819,1.1347e-5,0.000608606,0.000957895,9.924e-6,NaN,NaN,0.027964562,CPU-8T,shin-compute-002
OPF-polar,pglib_opf_case4601_goc.m,pglib_opf_case4601_goc.m,ExaModels,38814,59596,225989,326366,1.06e-6,0.000436088,1.2843e-5,0.000626716,0.000826467,1.0877e-5,NaN,NaN,0.029984128,CPU-8T,shin-compute-002
OPF-polar,pglib_opf_case4619_goc.m,pglib_opf_case4619_goc.m,ExaModels,42532,66289,254433,368185,9.83e-7,0.000448561,1.2714e-5,0.000656309,0.000859818,1.2138e-5,NaN,NaN,0.031548225,CPU-8T,shin-compute-002
OPF-polar,pglib_opf_case4661_sdet.m,pglib_opf_case4661_sdet.m,ExaModels,34758,51302,190681,273914,1.596e-6,0.000430461,1.3183e-5,0.00056331,0.000762454,1.0704e-5,NaN,NaN,0.027035087,CPU-8T,shin-compute-002
OPF-polar,pglib_opf_case4837_goc.m,pglib_opf_case4837_goc.m,ExaModels,41398,64030,243289,351666,8.7e-7,0.000445443,1.2533e-5,0.00063489,0.000842474,1.1406e-5,NaN,NaN,0.031871618,CPU-8T,shin-compute-002
OPF-polar,pglib_opf_case4917_goc.m,pglib_opf_case4917_goc.m,ExaModels,37872,56917,212749,306345,1.351e-6,0.000422656,1.3131e-5,0.000568655,0.000756541,1.0602e-5,NaN,NaN,0.030115988,CPU-8T,shin-compute-002
OPF-polar,pglib_opf_case5658_epigrids.m,pglib_opf_case5658_epigrids.m,ExaModels,48552,74821,284425,410958,1.11e-6,0.000525688,1.4563e-5,0.00075696,0.001231711,1.3951e-5,NaN,NaN,0.036015161,CPU-8T,shin-compute-002
OPF-polar,pglib_opf_case6468_rte.m,pglib_opf_case6468_rte.m,ExaModels,49734,75937,283735,409335,1.012e-6,0.000509054,1.2697e-5,0.00076903,0.001220032,1.3862e-5,NaN,NaN,0.039266021,CPU-8T,shin-compute-002
OPF-polar,pglib_opf_case6470_rte.m,pglib_opf_case6470_rte.m,ExaModels,50482,75976,284613,409921,1.692e-6,0.000543094,1.7141e-5,0.000767232,0.001154086,1.4587e-5,NaN,NaN,0.042514555,CPU-8T,shin-compute-002
OPF-polar,pglib_opf_case6495_rte.m,pglib_opf_case6495_rte.m,ExaModels,50426,76124,284921,410506,1.736e-6,0.000535436,1.7197e-5,0.000740113,0.001175902,1.4761e-5,NaN,NaN,0.03967058,CPU-8T,shin-compute-002
OPF-polar,pglib_opf_case6515_rte.m,pglib_opf_case6515_rte.m,ExaModels,50546,76290,285509,411342,1.535e-6,0.000515822,1.7502e-5,0.00077236,0.001180798,1.3683e-5,NaN,NaN,0.042047974,CPU-8T,shin-compute-002
OPF-polar,pglib_opf_case7336_epigrids.m,pglib_opf_case7336_epigrids.m,ExaModels,62116,95306,361611,522192,1.548e-6,0.000545069,1.7737e-5,0.000812672,0.001314792,1.5916e-5,NaN,NaN,0.047547651,CPU-8T,shin-compute-002
OPF-polar,pglib_opf_case8387_pegase.m,pglib_opf_case8387_pegase.m,ExaModels,78748,118702,457335,659323,1.3833e-5,0.000661521,5.2406e-5,0.000966735,0.001555825,2.5162e-5,NaN,NaN,0.065756246,CPU-8T,shin-compute-002
OPF-polar,pglib_opf_case9241_pegase.m,pglib_opf_case9241_pegase.m,ExaModels,85568,130826,502843,726083,9.61e-6,0.000700609,5.0769e-5,0.001047496,0.001500091,2.264e-5,NaN,NaN,0.063973879,CPU-8T,shin-compute-002
OPF-polar,pglib_opf_case9591_goc.m,pglib_opf_case9591_goc.m,ExaModels,83572,130588,497363,719807,9.95e-7,0.000589462,2.3235e-5,0.000964038,0.001364482,2.2966e-5,NaN,NaN,0.064644197,CPU-8T,shin-compute-002
OPF-polar,pglib_opf_case10000_goc.m,pglib_opf_case10000_goc.m,ExaModels,76804,112352,419823,602508,1.3589e-5,0.000567113,5.1334e-5,0.00090546,0.001304218,2.1676e-5,NaN,NaN,0.07024032,CPU-8T,shin-compute-002
OPF-polar,pglib_opf_case10192_epigrids.m,pglib_opf_case10192_epigrids.m,ExaModels,89850,139456,532137,769576,1.521e-6,0.000643769,2.5432e-5,0.001078693,0.002476545,2.4225e-5,NaN,NaN,0.06965395,CPU-8T,shin-compute-002
OPF-polar,pglib_opf_case10480_goc.m,pglib_opf_case10480_goc.m,ExaModels,96750,150874,579285,838333,1.703e-6,0.000642757,2.9098e-5,0.001130609,0.002917583,2.6145e-5,NaN,NaN,0.068808143,CPU-8T,shin-compute-002
OPF-polar,pglib_opf_case13659_pegase.m,pglib_opf_case13659_pegase.m,ExaModels,117370,170588,649513,931958,1.2441e-5,0.000897054,6.968e-5,0.001297767,0.001935853,3.8377e-5,NaN,NaN,0.09587923,CPU-8T,shin-compute-002
OPF-polar,pglib_opf_case19402_goc.m,pglib_opf_case19402_goc.m,ExaModels,179562,281733,1081867,1566751,2.037e-6,0.001049399,4.9284e-5,0.003115115,0.004832811,4.7138e-5,NaN,NaN,0.135655572,CPU-8T,shin-compute-002
OPF-polar,pglib_opf_case20758_epigrids.m,pglib_opf_case20758_epigrids.m,ExaModels,179236,274918,1046155,1510782,9.468e-6,0.001084544,8.0909e-5,0.002865706,0.004551517,4.3277e-5,NaN,NaN,0.138501698,CPU-8T,shin-compute-002
OPF-polar,pglib_opf_case24464_goc.m,pglib_opf_case24464_goc.m,ExaModels,203374,313641,1186591,1714423,1.3858e-5,0.001182995,8.4071e-5,0.004025251,0.00614868,5.8581e-5,NaN,NaN,0.160069782,CPU-8T,shin-compute-002
OPF-polar,pglib_opf_case30000_goc.m,pglib_opf_case30000_goc.m,ExaModels,208624,307752,1128843,1620818,1.0587e-5,0.001078678,9.1753e-5,0.00304598,0.005446302,6.2329e-5,NaN,NaN,0.189980624,CPU-8T,shin-compute-002
OPF-polar,pglib_opf_case78484_epigrids.m,pglib_opf_case78484_epigrids.m,ExaModels,674562,1039062,3950953,5708389,1.7211e-5,0.005179111,0.000271846,0.013746654,0.021042209,0.000218632,NaN,NaN,0.62091335,CPU-8T,shin-compute-002
OPF-rect,pglib_opf_case3_lmbd.m,pglib_opf_case3_lmbd.m,ExaModels,24,31,122,150,2.85e-7,0.000117449,5.58e-7,6.0367e-5,6.0099e-5,3.2e-8,NaN,NaN,0.000497728,CPU-8T,shin-compute-002
OPF-rect,pglib_opf_case5_pjm.m,pglib_opf_case5_pjm.m,ExaModels,44,58,234,290,2.98e-7,0.000110285,5.37e-7,6.0337e-5,6.1648e-5,3.6e-8,NaN,NaN,0.000507545,CPU-8T,shin-compute-002
OPF-rect,pglib_opf_case14_ieee.m,pglib_opf_case14_ieee.m,ExaModels,118,183,736,932,2.95e-7,0.000116113,5.93e-7,6.1976e-5,6.2414e-5,4.2e-8,NaN,NaN,0.000583195,CPU-8T,shin-compute-002
OPF-rect,pglib_opf_case24_ieee_rts.m,pglib_opf_case24_ieee_rts.m,ExaModels,266,339,1428,1776,3.47e-7,0.000117751,7.05e-7,6.0971e-5,6.5601e-5,1.09e-7,NaN,NaN,0.000707732,CPU-8T,shin-compute-002
OPF-rect,pglib_opf_case30_ieee.m,pglib_opf_case30_ieee.m,ExaModels,236,378,1506,1911,2.95e-7,0.000120605,5.55e-7,6.1418e-5,6.6636e-5,5.5e-8,NaN,NaN,0.000665793,CPU-8T,shin-compute-002
OPF-rect,pglib_opf_case30_as.m,pglib_opf_case30_as.m,ExaModels,236,378,1506,1911,2.96e-7,0.00011888,5.55e-7,6.1914e-5,6.6998e-5,4.8e-8,NaN,NaN,0.000664892,CPU-8T,shin-compute-002
OPF-rect,pglib_opf_case39_epri.m,pglib_opf_case39_epri.m,ExaModels,282,440,1728,2179,3.1e-7,0.000122271,5.92e-7,6.4132e-5,6.6758e-5,7.0e-8,NaN,NaN,0.000695523,CPU-8T,shin-compute-002
OPF-rect,pglib_opf_case57_ieee.m,pglib_opf_case57_ieee.m,ExaModels,448,732,2918,3712,2.88e-7,0.000124186,5.97e-7,6.6093e-5,7.143e-5,6.8e-8,NaN,NaN,0.000826213,CPU-8T,shin-compute-002
OPF-rect,pglib_opf_case60_c.m,pglib_opf_case60_c.m,ExaModels,518,797,3224,4082,3.48e-7,0.000131834,7.07e-7,6.712e-5,6.9692e-5,1.07e-7,NaN,NaN,0.000861711,CPU-8T,shin-compute-002
OPF-rect,pglib_opf_case73_ieee_rts.m,pglib_opf_case73_ieee_rts.m,ExaModels,824,1060,4478,5580,4.51e-7,0.000136329,1.122e-6,6.8822e-5,7.1987e-5,2.67e-7,NaN,NaN,0.001225456,CPU-8T,shin-compute-002
OPF-rect,pglib_opf_case89_pegase.m,pglib_opf_case89_pegase.m,ExaModels,1042,1738,7280,9369,3.1e-7,0.000157201,6.61e-7,7.4071e-5,8.2043e-5,1.0e-7,NaN,NaN,0.001312282,CPU-8T,shin-compute-002
OPF-rect,pglib_opf_case118_ieee.m,pglib_opf_case118_ieee.m,ExaModels,1088,1657,6770,8577,3.54e-7,0.000148424,8.96e-7,7.2664e-5,8.1038e-5,1.76e-7,NaN,NaN,0.001339977,CPU-8T,shin-compute-002
OPF-rect,pglib_opf_case162_ieee_dtc.m,pglib_opf_case162_ieee_dtc.m,ExaModels,1484,2475,10086,12915,3.26e-7,0.000169165,7.58e-7,8.0742e-5,8.8657e-5,1.12e-7,NaN,NaN,0.00180039,CPU-8T,shin-compute-002
OPF-rect,pglib_opf_case179_goc.m,pglib_opf_case179_goc.m,ExaModels,1468,2379,9550,12152,3.3e-7,0.000165187,8.47e-7,7.7599e-5,8.9379e-5,1.51e-7,NaN,NaN,0.001854474,CPU-8T,shin-compute-002
OPF-rect,pglib_opf_case197_snem.m,pglib_opf_case197_snem.m,ExaModels,1608,2594,10406,13232,3.28e-7,0.000169911,8.69e-7,8.0458e-5,9.3662e-5,1.68e-7,NaN,NaN,0.001989893,CPU-8T,shin-compute-002
OPF-rect,pglib_opf_case200_activ.m,pglib_opf_case200_activ.m,ExaModels,1456,2316,9118,11531,3.27e-7,0.000159955,8.81e-7,7.8721e-5,9.014e-5,1.58e-7,NaN,NaN,0.001791958,CPU-8T,shin-compute-002
OPF-rect,pglib_opf_case240_pserc.m,pglib_opf_case240_pserc.m,ExaModels,2558,3857,16064,20402,5.25e-7,0.000204138,1.959e-6,9.0181e-5,0.000109814,7.82e-7,NaN,NaN,0.002727788,CPU-8T,shin-compute-002
OPF-rect,pglib_opf_case300_ieee.m,pglib_opf_case300_ieee.m,ExaModels,2382,3778,15092,19134,4.27e-7,0.000194421,1.322e-6,8.7828e-5,0.000106465,2.75e-7,NaN,NaN,0.002493894,CPU-8T,shin-compute-002
OPF-rect,pglib_opf_case500_goc.m,pglib_opf_case500_goc.m,ExaModels,4254,6597,26640,33750,5.58e-7,0.000329447,2.632e-6,0.000170816,0.000233009,1.408e-6,NaN,NaN,0.004264134,CPU-8T,shin-compute-002
OPF-rect,pglib_opf_case588_sdet.m,pglib_opf_case588_sdet.m,ExaModels,4110,6567,25672,32438,4.49e-7,0.000350884,2.111e-6,0.00017696,0.000223237,1.03e-6,NaN,NaN,0.003987962,CPU-8T,shin-compute-002
OPF-rect,pglib_opf_case793_goc.m,pglib_opf_case793_goc.m,ExaModels,5432,8771,34170,43204,4.62e-7,0.000418848,2.481e-6,0.000216127,0.000280704,1.495e-6,NaN,NaN,0.005404697,CPU-8T,shin-compute-002
OPF-rect,pglib_opf_case1354_pegase.m,pglib_opf_case1354_pegase.m,ExaModels,11192,18000,72358,92009,7.84e-7,0.000377862,4.62e-6,0.000381302,0.000462664,3.822e-6,NaN,NaN,0.008943561,CPU-8T,shin-compute-002
OPF-rect,pglib_opf_case1803_snem.m,pglib_opf_case1803_snem.m,ExaModels,15246,24975,100720,128441,6.69e-7,0.000376691,5.443e-6,0.000430551,0.000524824,4.631e-6,NaN,NaN,0.011863389,CPU-8T,shin-compute-002
OPF-rect,pglib_opf_case1888_rte.m,pglib_opf_case1888_rte.m,ExaModels,14480,23382,92902,117923,8.48e-7,0.000409508,5.618e-6,0.000422466,0.000500272,4.693e-6,NaN,NaN,0.012415061,CPU-8T,shin-compute-002
OPF-rect,pglib_opf_case1951_rte.m,pglib_opf_case1951_rte.m,ExaModels,15018,24026,95512,121107,1.011e-6,0.000374491,6.396e-6,0.00040965,0.000518753,5.157e-6,NaN,NaN,0.01194099,CPU-8T,shin-compute-002
OPF-rect,pglib_opf_case2000_goc.m,pglib_opf_case2000_goc.m,ExaModels,19008,31432,128734,164827,6.75e-7,0.00038835,6.3e-6,0.000452381,0.000545902,5.551e-6,NaN,NaN,0.014792596,CPU-8T,shin-compute-002
OPF-rect,pglib_opf_case2312_goc.m,pglib_opf_case2312_goc.m,ExaModels,17128,28028,110742,140647,6.5e-7,0.000374499,5.31e-6,0.000434571,0.00052718,5.284e-6,NaN,NaN,0.013847385,CPU-8T,shin-compute-002
OPF-rect,pglib_opf_case2383wp_k.m,pglib_opf_case2383wp_k.m,ExaModels,17004,27422,107626,136260,9.81e-7,0.000370253,6.639e-6,0.000425969,0.000528302,5.097e-6,NaN,NaN,0.013037909,CPU-8T,shin-compute-002
OPF-rect,pglib_opf_case2736sp_k.m,pglib_opf_case2736sp_k.m,ExaModels,19088,31092,121566,153987,7.85e-7,0.000386992,6.996e-6,0.00045513,0.000547061,5.438e-6,NaN,NaN,0.015950259,CPU-8T,shin-compute-002
OPF-rect,pglib_opf_case2737sop_k.m,pglib_opf_case2737sop_k.m,ExaModels,18988,31095,121470,153942,6.67e-7,0.000359419,6.522e-6,0.00045757,0.000531651,5.412e-6,NaN,NaN,0.015875402,CPU-8T,shin-compute-002
OPF-rect,pglib_opf_case2742_goc.m,pglib_opf_case2742_goc.m,ExaModels,24540,40938,166354,212903,5.73e-7,0.000411792,7.465e-6,0.000502202,0.000610503,7.069e-6,NaN,NaN,0.018314991,CPU-8T,shin-compute-002
OPF-rect,pglib_opf_case2746wop_k.m,pglib_opf_case2746wop_k.m,ExaModels,19582,31388,123164,155804,1.064e-6,0.000395863,7.702e-6,0.000482108,0.000539294,6.142e-6,NaN,NaN,0.015690695,CPU-8T,shin-compute-002
OPF-rect,pglib_opf_case2746wp_k.m,pglib_opf_case2746wp_k.m,ExaModels,19520,31192,122318,154653,1.217e-6,0.000399987,7.531e-6,0.000463977,0.000551131,6.054e-6,NaN,NaN,0.015854565,CPU-8T,shin-compute-002
OPF-rect,pglib_opf_case2848_rte.m,pglib_opf_case2848_rte.m,ExaModels,21822,34977,138944,176194,1.275e-6,0.000409569,8.652e-6,0.000473706,0.00060025,6.523e-6,NaN,NaN,0.017158665,CPU-8T,shin-compute-002
OPF-rect,pglib_opf_case2853_sdet.m,pglib_opf_case2853_sdet.m,ExaModels,23028,36007,144230,182622,1.748e-6,0.00040154,1.0551e-5,0.000458027,0.000579741,7.248e-6,NaN,NaN,0.020167127,CPU-8T,shin-compute-002
OPF-rect,pglib_opf_case2868_rte.m,pglib_opf_case2868_rte.m,ExaModels,22090,35261,140188,177708,1.267e-6,0.000395793,8.897e-6,0.000457542,0.000566458,7.198e-6,NaN,NaN,0.018313806,CPU-8T,shin-compute-002
OPF-rect,pglib_opf_case2869_pegase.m,pglib_opf_case2869_pegase.m,ExaModels,25086,40682,164860,210171,1.247e-6,0.0004456,9.713e-6,0.000506414,0.000600927,7.331e-6,NaN,NaN,0.018728338,CPU-8T,shin-compute-002
OPF-rect,pglib_opf_case3012wp_k.m,pglib_opf_case3012wp_k.m,ExaModels,21082,34041,133148,168484,1.072e-6,0.000386838,8.173e-6,0.000459964,0.000522504,6.478e-6,NaN,NaN,0.017391862,CPU-8T,shin-compute-002
OPF-rect,pglib_opf_case3022_goc.m,pglib_opf_case3022_goc.m,ExaModels,23238,38012,151108,192132,8.84e-7,0.000405602,7.923e-6,0.000490158,0.000603629,6.766e-6,NaN,NaN,0.018097932,CPU-8T,shin-compute-002
OPF-rect,pglib_opf_case3120sp_k.m,pglib_opf_case3120sp_k.m,ExaModels,21608,35212,137494,174127,8.93e-7,0.000393001,6.457e-6,0.000472072,0.000574242,6.417e-6,NaN,NaN,0.01726804,CPU-8T,shin-compute-002
OPF-rect,pglib_opf_case3375wp_k.m,pglib_opf_case3375wp_k.m,ExaModels,24350,39250,154356,195488,1.208e-6,0.000397087,9.264e-6,0.000479695,0.000560912,7.567e-6,NaN,NaN,0.018715343,CPU-8T,shin-compute-002
OPF-rect,pglib_opf_case3970_goc.m,pglib_opf_case3970_goc.m,ExaModels,35270,58398,237100,303128,9.66e-7,0.000418194,1.1588e-5,0.000596847,0.00072772,8.724e-6,NaN,NaN,0.025775407,CPU-8T,shin-compute-002
OPF-rect,pglib_opf_case4020_goc.m,pglib_opf_case4020_goc.m,ExaModels,36696,60977,248442,317971,9.21e-7,0.000427756,1.1942e-5,0.000577304,0.000697685,6.954e-6,NaN,NaN,0.028101447,CPU-8T,shin-compute-002
OPF-rect,pglib_opf_case4601_goc.m,pglib_opf_case4601_goc.m,ExaModels,38814,64197,258792,330375,1.013e-6,0.000448202,9.916e-6,0.000619682,0.000771537,1.1408e-5,NaN,NaN,0.030297039,CPU-8T,shin-compute-002
OPF-rect,pglib_opf_case4619_goc.m,pglib_opf_case4619_goc.m,ExaModels,42532,70908,289210,370364,8.83e-7,0.000458917,1.034e-5,0.00065491,0.000789352,1.0761e-5,NaN,NaN,0.033124275,CPU-8T,shin-compute-002
OPF-rect,pglib_opf_case4661_sdet.m,pglib_opf_case4661_sdet.m,ExaModels,34758,55963,221320,280567,1.678e-6,0.000436907,1.077e-5,0.000567057,0.000684929,9.894e-6,NaN,NaN,0.027393379,CPU-8T,shin-compute-002
OPF-rect,pglib_opf_case4837_goc.m,pglib_opf_case4837_goc.m,ExaModels,41398,68867,278168,355487,8.79e-7,0.0004533,1.1882e-5,0.00063713,0.000777483,1.1765e-5,NaN,NaN,0.031548098,CPU-8T,shin-compute-002
OPF-rect,pglib_opf_case4917_goc.m,pglib_opf_case4917_goc.m,ExaModels,37872,61834,245870,312564,1.26e-6,0.000445134,1.324e-5,0.000583052,0.000711584,1.0877e-5,NaN,NaN,0.030965861,CPU-8T,shin-compute-002
OPF-rect,pglib_opf_case5658_epigrids.m,pglib_opf_case5658_epigrids.m,ExaModels,48552,80479,325202,415449,1.306e-6,0.000522152,1.5158e-5,0.000708562,0.0008846,1.3131e-5,NaN,NaN,0.037041152,CPU-8T,shin-compute-002
OPF-rect,pglib_opf_case6468_rte.m,pglib_opf_case6468_rte.m,ExaModels,49734,82405,327608,417210,1.07e-6,0.000504841,1.529e-5,0.000729058,0.000883036,1.3875e-5,NaN,NaN,0.041313054,CPU-8T,shin-compute-002
OPF-rect,pglib_opf_case6470_rte.m,pglib_opf_case6470_rte.m,ExaModels,50482,82446,328504,417794,1.597e-6,0.000537404,1.679e-5,0.000721764,0.00089779,1.5004e-5,NaN,NaN,0.041639718,CPU-8T,shin-compute-002
OPF-rect,pglib_opf_case6495_rte.m,pglib_opf_case6495_rte.m,ExaModels,50426,82619,328940,418451,1.453e-6,0.00053757,1.6818e-5,0.000707331,0.000877189,1.427e-5,NaN,NaN,0.042044144,CPU-8T,shin-compute-002
OPF-rect,pglib_opf_case6515_rte.m,pglib_opf_case6515_rte.m,ExaModels,50546,82805,329644,419331,1.537e-6,0.000536862,1.7202e-5,0.000746866,0.000881497,1.4011e-5,NaN,NaN,0.042490382,CPU-8T,shin-compute-002
OPF-rect,pglib_opf_case7336_epigrids.m,pglib_opf_case7336_epigrids.m,ExaModels,62116,102642,413994,528501,1.423e-6,0.000539711,1.8969e-5,0.000759724,0.000970365,1.6997e-5,NaN,NaN,0.045972621,CPU-8T,shin-compute-002
OPF-rect,pglib_opf_case8387_pegase.m,pglib_opf_case8387_pegase.m,ExaModels,78748,127089,520006,663752,1.2551e-5,0.000674154,5.2089e-5,0.001020668,0.00110525,2.3465e-5,NaN,NaN,0.065838885,CPU-8T,shin-compute-002
OPF-rect,pglib_opf_case9241_pegase.m,pglib_opf_case9241_pegase.m,ExaModels,85568,140067,571906,730952,9.1e-6,0.000652493,4.8814e-5,0.001117567,0.001256911,2.5595e-5,NaN,NaN,0.067153012,CPU-8T,shin-compute-002
OPF-rect,pglib_opf_case9591_goc.m,pglib_opf_case9591_goc.m,ExaModels,83572,140179,567558,726344,1.035e-6,0.000642885,2.2511e-5,0.001358289,0.001625672,2.3596e-5,NaN,NaN,0.063693369,CPU-8T,shin-compute-002
OPF-rect,pglib_opf_case10000_goc.m,pglib_opf_case10000_goc.m,ExaModels,76804,122352,486210,616125,1.0542e-5,0.000586773,4.7647e-5,0.000904677,0.001011819,2.2167e-5,NaN,NaN,0.062877135,CPU-8T,shin-compute-002
OPF-rect,pglib_opf_case10192_epigrids.m,pglib_opf_case10192_epigrids.m,ExaModels,89850,149645,606916,776313,1.507e-6,0.000690548,2.0989e-5,0.001145522,0.00151357,2.4398e-5,NaN,NaN,0.069610511,CPU-8T,shin-compute-002
OPF-rect,pglib_opf_case10480_goc.m,pglib_opf_case10480_goc.m,ExaModels,96750,161354,658324,843138,1.592e-6,0.000623362,2.8338e-5,0.0014058,0.001624727,2.2349e-5,NaN,NaN,0.078438732,CPU-8T,shin-compute-002
OPF-rect,pglib_opf_case13659_pegase.m,pglib_opf_case13659_pegase.m,ExaModels,117370,184247,745084,945663,1.3704e-5,0.000760849,7.3038e-5,0.001560063,0.001516498,3.5947e-5,NaN,NaN,0.097621484,CPU-8T,shin-compute-002
OPF-rect,pglib_opf_case19402_goc.m,pglib_opf_case19402_goc.m,ExaModels,179562,301135,1228884,1574954,1.908e-6,0.000883367,4.85e-5,0.002550016,0.003989693,4.8212e-5,NaN,NaN,0.133972727,CPU-8T,shin-compute-002
OPF-rect,pglib_opf_case20758_epigrids.m,pglib_opf_case20758_epigrids.m,ExaModels,179236,295676,1195874,1527131,9.294e-6,0.000982808,7.8184e-5,0.003232464,0.003633666,4.9019e-5,NaN,NaN,0.136683262,CPU-8T,shin-compute-002
OPF-rect,pglib_opf_case24464_goc.m,pglib_opf_case24464_goc.m,ExaModels,203374,338105,1360080,1736650,1.0601e-5,0.001036404,8.3414e-5,0.003618245,0.005449064,6.3657e-5,NaN,NaN,0.171471692,CPU-8T,shin-compute-002
OPF-rect,pglib_opf_case30000_goc.m,pglib_opf_case30000_goc.m,ExaModels,208624,337752,1319630,1670035,1.2414e-5,0.00104871,9.4845e-5,0.003182737,0.003615591,6.3436e-5,NaN,NaN,0.226195712,CPU-8T,shin-compute-002
OPF-rect,pglib_opf_case78484_epigrids.m,pglib_opf_case78484_epigrids.m,ExaModels,674562,1117540,4516896,5770274,1.6333e-5,0.005476295,0.000279247,0.012330587,0.020562737,0.000218209,NaN,NaN,0.628301189,CPU-8T,shin-compute-002
LV,rosenrock,20,ExaModels,20,18,54,165,1.9e-8,5.35e-7,1.2e-7,1.032e-6,1.926e-6,2.53e-7,1.027e-6,1.075e-6,1.2912e-5,CPU,shin-compute-002
LV,rosenrock,2000,ExaModels,2000,1998,5994,17985,2.0e-8,5.2757e-5,9.486e-6,0.000108849,0.000204424,2.3584e-5,0.000112435,0.00011353,0.000128267,CPU,shin-compute-002
LV,rosenrock,200000,ExaModels,200000,199998,599994,1799985,1.9e-8,0.005333946,0.000988689,0.011238408,0.022113614,0.00232863,0.011065744,0.011416068,0.018473657,CPU,shin-compute-002
LV,wood,20,ExaModels,20,13,39,102,7.8e-8,1.03e-7,1.54e-7,1.63e-7,6.08e-7,3.51e-7,2.46e-7,2.61e-7,9.893e-6,CPU,shin-compute-002
LV,wood,2000,ExaModels,2000,1993,5979,12972,4.652e-6,6.355e-6,1.4069e-5,1.9666e-5,6.9832e-5,3.5147e-5,2.6656e-5,3.0459e-5,0.000124348,CPU,shin-compute-002
LV,wood,200000,ExaModels,200000,199993,599979,1299972,0.000459248,0.000610714,0.001474586,0.002080707,0.007465338,0.003187544,0.002736329,0.003108083,0.018479627,CPU,shin-compute-002
LV,chained_powell,20,ExaModels,20,2,4,79,1.73e-7,1.01e-7,2.19e-7,1.08e-7,5.54e-7,4.58e-7,1.28e-7,1.29e-7,1.5662e-5,CPU,shin-compute-002
LV,chained_powell,2000,ExaModels,2000,2,4,7999,1.4863e-5,1.01e-7,2.049e-5,9.9e-8,4.5677e-5,4.5677e-5,1.28e-7,2.14e-7,2.9536e-5,CPU,shin-compute-002
LV,chained_powell,200000,ExaModels,200000,2,4,799999,0.001441522,1.02e-7,0.002042866,9.9e-8,0.00474713,0.004777778,1.28e-7,5.0402e-5,0.00174009,CPU,shin-compute-002
LV,cragg_levy,20,ExaModels,20,18,54,135,4.39e-7,1.11e-7,5.86e-7,2.1e-7,1.431e-6,1.179e-6,2.51e-7,2.79e-7,1.1797e-5,CPU,shin-compute-002
LV,cragg_levy,2000,ExaModels,2000,1998,5994,14985,4.528e-5,5.425e-6,6.3572e-5,2.0435e-5,0.000161901,0.00012933,2.2129e-5,2.3661e-5,0.000126813,CPU,shin-compute-002
LV,cragg_levy,200000,ExaModels,200000,199998,599994,1499985,0.004421657,0.000522998,0.006583221,0.002200833,0.016992603,0.013468976,0.002201761,0.002471665,0.018294624,CPU,shin-compute-002
LV,broyden_tridiagonal,20,ExaModels,20,16,80,194,2.73e-7,1.44e-7,4.27e-7,2.5e-7,1.215e-6,1.058e-6,3.01e-7,3.23e-7,1.7284e-5,CPU,shin-compute-002
LV,broyden_tridiagonal,2000,ExaModels,2000,1996,9980,21974,2.1561e-5,9.138e-6,3.7435e-5,2.7331e-5,0.000127202,0.000105039,3.0485e-5,3.1439e-5,0.00014136,CPU,shin-compute-002
LV,broyden_tridiagonal,200000,ExaModels,200000,199996,999980,2199974,0.002159436,0.000920671,0.003818452,0.003030413,0.014358263,0.010924449,0.003112333,0.00320598,0.018654658,CPU,shin-compute-002
LV,broyden_banded,20,ExaModels,40,29,167,258,2.61e-7,3.44e-7,4.26e-7,6.1e-7,2.038e-6,1.025e-6,7.39e-7,7.12e-7,6.3004e-5,CPU,shin-compute-002
LV,broyden_banded,2000,ExaModels,4000,2999,18977,27978,2.2243e-5,2.5654e-5,3.7806e-5,6.2616e-5,0.000206235,9.5926e-5,7.6709e-5,7.5235e-5,0.00029046,CPU,shin-compute-002
LV,broyden_banded,200000,ExaModels,400000,299999,1899977,2799978,0.002224893,0.002623885,0.003894462,0.007135199,0.022635625,0.00973818,0.007884699,0.007300682,0.031742103,CPU,shin-compute-002
LV,trigo_tridiagonal,20,ExaModels,20,4,14,69,4.24e-7,8.4e-8,8.44e-7,8.3e-8,1.303e-6,1.26e-6,1.05e-7,1.14e-7,2.0375e-5,CPU,shin-compute-002
LV,trigo_tridiagonal,2000,ExaModels,2000,4,14,6009,4.216e-5,8.4e-8,8.7786e-5,8.5e-8,0.000131174,0.000132755,1.07e-7,1.95e-7,3.5237e-5,CPU,shin-compute-002
LV,trigo_tridiagonal,200000,ExaModels,200000,4,14,600009,0.004269237,8.4e-8,0.009011098,7.7e-8,0.013631586,0.013369121,1.08e-7,5.1173e-5,0.001921948,CPU,shin-compute-002
LV,augmented_lagrangian,20,ExaModels,20,18,54,106,1.53e-7,2.0e-7,2.42e-7,2.76e-7,8.83e-7,6.01e-7,3.51e-7,3.43e-7,1.7974e-5,CPU,shin-compute-002
LV,augmented_lagrangian,2000,ExaModels,2000,1998,5994,10798,1.0271e-5,1.5228e-5,2.0496e-5,2.6575e-5,8.7707e-5,5.5768e-5,3.176e-5,3.2553e-5,0.000135916,CPU,shin-compute-002
LV,augmented_lagrangian,200000,ExaModels,200000,199998,599994,1079998,0.001064988,0.001612657,0.002102239,0.002797687,0.009738634,0.00552333,0.003233547,0.003264736,0.018442589,CPU,shin-compute-002
LV,modified_brown,20,ExaModels,20,6,30,61,1.28e-7,1.18e-7,2.16e-7,1.18e-7,3.95e-7,2.99e-7,1.57e-7,1.62e-7,4.2336e-5,CPU,shin-compute-002
LV,modified_brown,2000,ExaModels,2000,6,30,3031,9.645e-6,1.16e-7,1.5976e-5,1.17e-7,2.6395e-5,2.6033e-5,1.52e-7,2.3e-7,5.7083e-5,CPU,shin-compute-002
LV,modified_brown,200000,ExaModels,200000,6,30,300031,0.000939902,1.19e-7,0.001635302,1.19e-7,0.00262296,0.002658171,1.56e-7,5.1871e-5,0.001990781,CPU,shin-compute-002
LV,generalized_brown,20,ExaModels,20,18,54,58,8.4e-8,1.02e-7,3.93e-7,1.56e-7,1.026e-6,8.94e-7,2.12e-7,2.01e-7,8.669e-6,CPU,shin-compute-002
LV,generalized_brown,2000,ExaModels,2000,1998,5994,5998,6.426e-6,4.165e-6,3.5148e-5,1.4101e-5,0.000101458,8.3588e-5,1.6744e-5,1.6816e-5,0.000129898,CPU,shin-compute-002
LV,generalized_brown,200000,ExaModels,200000,199998,599994,599998,0.000545754,0.000421506,0.003642374,0.001480878,0.01057926,0.008540298,0.00171711,0.001572584,0.018870096,CPU,shin-compute-002
LV,chained_hs46,20,ExaModels,20,11,33,79,1.16e-7,1.69e-7,1.69e-7,2.11e-7,5.46e-7,2.79e-7,2.53e-7,2.9e-7,1.2201e-5,CPU,shin-compute-002
LV,chained_hs46,2000,ExaModels,2000,1331,3993,9319,8.739e-6,1.2902e-5,1.5008e-5,2.2285e-5,5.9102e-5,2.7963e-5,2.4258e-5,2.4894e-5,0.000100913,CPU,shin-compute-002
LV,chained_hs46,200000,ExaModels,200000,133331,399993,933319,0.000845288,0.001283914,0.001586134,0.002337662,0.006289616,0.002784276,0.002454545,0.002473815,0.013430191,CPU,shin-compute-002
LV,chained_hs47,20,ExaModels,20,11,30,57,4.7e-8,9.4e-8,7.7e-8,6.5e-8,1.67e-7,1.27e-7,1.28e-7,1.42e-7,1.4684e-5,CPU,shin-compute-002
LV,chained_hs47,2000,ExaModels,2000,1496,3990,7482,1.084e-6,2.398e-6,5.749e-6,2.945e-6,1.607e-5,1.2852e-5,7.68e-6,7.949e-6,0.00011155,CPU,shin-compute-002
LV,chained_hs47,200000,ExaModels,200000,149996,399990,749982,0.000104504,0.000325807,0.000613735,0.000466497,0.001817916,0.001148064,0.00084541,0.00091394,0.014706993,CPU,shin-compute-002
LV,chained_hs48,20,ExaModels,20,12,48,54,4.8e-8,1.04e-7,8.3e-8,9.0e-8,1.41e-7,1.24e-7,1.53e-7,1.6e-7,1.1574e-5,CPU,shin-compute-002
LV,chained_hs48,2000,ExaModels,2000,1332,5328,5994,1.02e-6,2.822e-6,5.325e-6,6.184e-6,1.1848e-5,9.8e-6,1.0224e-5,1.0696e-5,0.000100768,CPU,shin-compute-002
LV,chained_hs48,200000,ExaModels,200000,133332,533328,599994,9.8493e-5,0.000308274,0.000551746,0.000742342,0.001297446,0.000999096,0.001021195,0.001084749,0.012937278,CPU,shin-compute-002
LV,chained_hs49,20,ExaModels,20,12,36,48,1.16e-7,9.4e-8,1.69e-7,9.0e-8,2.96e-7,2.8e-7,1.18e-7,1.21e-7,1.0497e-5,CPU,shin-compute-002
LV,chained_hs49,2000,ExaModels,2000,1332,3996,5328,8.471e-6,2.439e-6,1.5429e-5,6.507e-6,2.7869e-5,2.7194e-5,6.145e-6,6.27e-6,9.914e-5,CPU,shin-compute-002
LV,chained_hs49,200000,ExaModels,200000,133332,399996,533328,0.000849504,0.00028438,0.001585486,0.000743757,0.00307789,0.002781739,0.000686606,0.000746409,0.013206355,CPU,shin-compute-002
LV,chained_hs50,20,ExaModels,20,11,33,51,4.6e-8,9.9e-8,7.8e-8,8.6e-8,1.64e-7,1.3e-7,1.45e-7,1.61e-7,1.561e-5,CPU,shin-compute-002
LV,chained_hs50,2000,ExaModels,2000,1496,4488,6486,1.086e-6,2.787e-6,5.925e-6,5.273e-6,1.609e-5,1.1869e-5,1.0676e-5,1.0865e-5,0.000113418,CPU,shin-compute-002
LV,chained_hs50,200000,ExaModels,200000,149996,449988,649986,0.000104863,0.000342149,0.000616963,0.000688238,0.001721882,0.001148176,0.001109985,0.001106736,0.014986522,CPU,shin-compute-002
LV,chained_hs51,20,ExaModels,20,11,26,39,7.5e-8,9.0e-8,9.6e-8,6.7e-8,1.75e-7,1.56e-7,1.15e-7,1.19e-7,1.2621e-5,CPU,shin-compute-002
LV,chained_hs51,2000,ExaModels,2000,1496,3491,4989,4.812e-6,2.128e-6,7.805e-6,2.199e-6,1.6282e-5,1.4396e-5,5.335e-6,5.627e-6,0.000108265,CPU,shin-compute-002
LV,chained_hs51,200000,ExaModels,200000,149996,349991,499989,0.000423692,0.000321461,0.0008044,0.000431936,0.001856098,0.001482464,0.000691361,0.000699398,0.014794615,CPU,shin-compute-002
LV,chained_hs52,20,ExaModels,20,11,26,39,7.5e-8,9.0e-8,9.7e-8,6.2e-8,1.79e-7,1.59e-7,1.15e-7,1.17e-7,1.155e-5,CPU,shin-compute-002
LV,chained_hs52,2000,ExaModels,2000,1496,3491,4989,4.444e-6,2.356e-6,7.963e-6,2.402e-6,1.7308e-5,1.4486e-5,5.858e-6,5.57e-6,0.000107066,CPU,shin-compute-002
LV,chained_hs52,200000,ExaModels,200000,149996,349991,499989,0.000441562,0.000314825,0.000827541,0.00043214,0.001841893,0.001499429,0.000681873,0.000698083,0.014739467,CPU,shin-compute-002
LV,chained_hs53,20,ExaModels,20,11,26,39,7.5e-8,9.0e-8,9.6e-8,6.3e-8,1.71e-7,1.58e-7,1.16e-7,1.18e-7,1.1711e-5,CPU,shin-compute-002
LV,chained_hs53,2000,ExaModels,2000,1496,3491,4989,4.392e-6,2.13e-6,7.814e-6,2.343e-6,1.5847e-5,1.4823e-5,5.363e-6,5.406e-6,0.000107153,CPU,shin-compute-002
LV,chained_hs53,200000,ExaModels,200000,149996,349991,499989,0.000423266,0.000319159,0.000802504,0.000430917,0.001777075,0.001485909,0.000688328,0.00069737,0.014908629,CPU,shin-compute-002
COPS,bearing,"(5, 5)",ExaModels,49,28,28,360,3.241e-6,1.01e-7,4.534e-6,5.1e-8,4.307e-6,4.524e-6,8.6e-8,9.4e-8,2.7193e-5,CPU,shin-compute-002
COPS,bearing,"(35, 35)",ExaModels,1369,148,148,12960,0.000103319,2.12e-7,0.00014323,1.05e-7,0.000142118,0.000147278,4.43e-7,2.01e-7,6.3866e-5,CPU,shin-compute-002
COPS,bearing,"(320, 320)",ExaModels,103684,1288,1288,1030410,0.008113334,1.311e-6,0.011000717,5.04e-7,0.011519593,0.011445768,3.268e-6,1.7434e-5,0.002787252,CPU,shin-compute-002
COPS,camshape,20,ExaModels,20,43,100,115,2.0e-8,1.58e-7,3.4e-8,2.54e-7,3.25e-7,2.1e-8,2.86e-7,3.01e-7,3.7867e-5,CPU,shin-compute-002
COPS,camshape,2000,ExaModels,2000,4003,10000,11995,2.0e-8,6.793e-6,2.66e-7,2.2449e-5,3.3438e-5,1.04e-7,2.0729e-5,2.2936e-5,0.00030059,CPU,shin-compute-002
COPS,camshape,170000,ExaModels,170000,340003,850000,1019995,2.0e-8,0.000601938,6.7335e-5,0.001979388,0.003053494,4.0783e-5,0.00187167,0.001982315,0.032824518,CPU,shin-compute-002
COPS,catmix,3,ExaModels,71,62,266,144,5.5e-8,1.54e-6,7.0e-8,2.219e-6,1.458e-6,1.26e-7,2.493e-6,2.485e-6,2.5395e-5,CPU,shin-compute-002
COPS,catmix,200,ExaModels,4602,4002,17602,10191,1.383e-6,9.3251e-5,2.637e-6,0.000145318,9.3534e-5,8.306e-6,0.000156004,0.000160141,0.000338948,CPU,shin-compute-002
COPS,catmix,20000,ExaModels,460002,400002,1760002,1019991,0.000137502,0.009616535,0.000309207,0.016349792,0.010434152,0.000892773,0.016768967,0.016649593,0.053814923,CPU,shin-compute-002
COPS,chain,50,ExaModels,48,38,159,88,2.0e-8,2.12e-7,3.2e-8,3.44e-7,4.46e-7,2.2e-8,4.75e-7,5.02e-7,4.2964e-5,CPU,shin-compute-002
COPS,chain,5000,ExaModels,5000,3752,17491,9992,2.0e-8,1.1242e-5,1.282e-6,3.3687e-5,4.6857e-5,1.256e-6,4.5572e-5,4.6504e-5,0.000328652,CPU,shin-compute-002
COPS,chain,500000,ExaModels,500000,375002,1749991,999992,2.0e-8,0.001196722,0.000139174,0.003880548,0.005019492,0.000137484,0.004658075,0.004763839,0.045069885,CPU,shin-compute-002
COPS,channel,5,ExaModels,200,200,1521,120,2.0e-8,1.96e-6,3.0e-8,3.395e-6,3.67e-7,3.4e-8,5.411e-6,5.383e-6,3.8673e-5,CPU,shin-compute-002
COPS,channel,400,ExaModels,16000,16000,123181,9600,2.0e-8,0.000145433,3.701e-6,0.000294854,2.6059e-5,4.268e-6,0.000458764,0.000427051,0.001909499,CPU,shin-compute-002
COPS,channel,42000,ExaModels,1680000,1680000,12935981,1008000,2.0e-8,0.022470022,0.000593065,0.050566049,0.003118473,0.000557288,0.051721458,0.049148609,0.518689869,CPU,shin-compute-002
COPS,dirichlet,5,ExaModels,10564,8331,62619,71172,2.0e-8,0.000548845,2.733e-6,0.001268197,0.001535581,2.603e-6,0.001308673,0.001325006,0.008428422,CPU,shin-compute-002
COPS,dirichlet,20,ExaModels,33199,24261,197154,227097,1.9e-8,0.001734834,8.131e-6,0.004010532,0.004934906,8.284e-6,0.004207404,0.004181451,0.025508487,CPU,shin-compute-002
COPS,dirichlet,100,ExaModels,153919,109221,914674,1058697,1.9e-8,0.008710164,3.6633e-5,0.019648573,0.023123123,3.9381e-5,0.01956602,0.019848779,0.121335755,CPU,shin-compute-002
COPS,elec,5,ExaModels,15,5,15,225,9.5e-8,7.3e-8,1.85e-7,3.5e-8,5.64e-7,6.31e-7,9.2e-8,9.4e-8,2.1638e-5,CPU,shin-compute-002
COPS,elec,50,ExaModels,150,50,150,25875,6.939e-6,1.57e-7,1.6908e-5,1.15e-7,6.085e-5,7.2415e-5,3.65e-7,3.79e-7,3.5805e-5,CPU,shin-compute-002
COPS,elec,200,ExaModels,600,200,600,418500,0.000108458,3.78e-7,0.000281272,3.91e-7,0.001051944,0.001168077,1.285e-6,1.259e-6,0.000178568,CPU,shin-compute-002
COPS,gasoil,2,ExaModels,55,52,262,734,1.977e-6,1.534e-6,2.77e-6,1.63e-6,5.284e-6,4.153e-6,1.824e-6,1.923e-6,2.7854e-5,CPU,shin-compute-002
COPS,gasoil,200,ExaModels,5203,5200,27190,11822,1.924e-6,0.000140577,3.59e-6,0.000157752,0.000148747,5.001e-6,0.000176841,0.000180809,0.000440313,CPU,shin-compute-002
COPS,gasoil,18000,ExaModels,468003,468000,2447990,1008622,1.931e-6,0.013287895,0.000132058,0.016528267,0.013731787,0.000128483,0.016674025,0.016898415,0.05628033,CPU,shin-compute-002
COPS,glider,2,ExaModels,16,15,63,252,1.9e-8,2.587e-6,1.902e-6,3.026e-6,1.0922e-5,2.1e-8,3.364e-6,3.308e-6,0.000991376,CPU,shin-compute-002
COPS,glider,80,ExaModels,406,327,2247,10080,1.9e-8,2.2922e-5,1.897e-6,4.7697e-5,0.000351921,4.7e-8,4.951e-5,4.9542e-5,0.001033544,CPU,shin-compute-002
COPS,glider,8000,ExaModels,40006,32007,224007,1008000,2.0e-8,0.002205957,1.2733e-5,0.004717101,0.036080086,9.82e-6,0.004711892,0.004883875,0.004008945,CPU,shin-compute-002
COPS,marine,2,ExaModels,79,56,194,644,2.448e-6,7.06e-7,5.144e-6,6.78e-7,7.193e-6,7.28e-6,9.94e-7,9.9e-7,2.7344e-5,CPU,shin-compute-002
COPS,marine,150,ExaModels,4815,4792,16326,11596,2.426e-6,4.5786e-5,5.846e-6,5.1796e-5,5.2947e-5,7.839e-6,7.5651e-5,7.1915e-5,0.000388086,CPU,shin-compute-002
COPS,marine,14000,ExaModels,448015,447992,1525976,1036496,2.466e-6,0.004574588,0.000124103,0.005741831,0.004827973,0.000121251,0.007304196,0.006952267,0.054313177,CPU,shin-compute-002
COPS,methanol,2,ExaModels,65,60,312,993,1.681e-6,1.617e-6,2.223e-6,1.756e-6,5.967e-6,3.29e-6,2.034e-6,2.03e-6,7.7282e-5,CPU,shin-compute-002
COPS,methanol,50,ExaModels,1505,1500,8088,12801,1.715e-6,3.7492e-5,2.367e-6,4.349e-5,6.2836e-5,3.515e-6,4.9551e-5,4.9208e-5,0.000187825,CPU,shin-compute-002
COPS,methanol,4000,ExaModels,120005,120000,647988,984501,1.755e-6,0.003038189,3.0547e-5,0.003623135,0.004971344,3.1357e-5,0.004018426,0.003992768,0.012479059,CPU,shin-compute-002
COPS,minsurf,"(5, 5)",ExaModels,49,102,102,504,2.675e-6,2.4e-7,6.021e-6,8.4e-8,8.74e-6,9.427e-6,2.23e-7,2.34e-7,3.3995e-5,CPU,shin-compute-002
COPS,minsurf,"(30, 30)",ExaModels,1024,1476,1476,13454,7.0121e-5,2.308e-6,0.000153946,5.59e-7,0.000236597,0.000244095,2.462e-6,2.317e-6,0.00011963,CPU,shin-compute-002
COPS,minsurf,"(280, 280)",ExaModels,79524,100816,100816,1105454,0.005890072,0.000251391,0.013240921,5.1392e-5,0.02033097,0.021088866,0.000253051,0.000259669,0.009610072,CPU,shin-compute-002
COPS,pinene,2,ExaModels,105,100,438,595,1.352e-6,2.398e-6,1.84e-6,2.378e-6,4.424e-6,2.636e-6,2.836e-6,2.918e-6,3.9625e-5,CPU,shin-compute-002
COPS,pinene,100,ExaModels,5005,5000,22880,10885,1.353e-6,0.000113121,2.764e-6,0.000115704,0.000102096,3.454e-6,0.000136584,0.000141822,0.000429882,CPU,shin-compute-002
COPS,pinene,10000,ExaModels,500005,500000,2289980,1050385,1.379e-6,0.012000518,0.000139905,0.013735919,0.010865754,0.000137622,0.01502307,0.01489403,0.058240999,CPU,shin-compute-002
COPS,polygon,10,ExaModels,10,16,50,140,7.5e-8,2.23e-7,1.16e-7,3.18e-7,7.04e-7,2.16e-7,3.58e-7,3.77e-7,1.1918e-5,CPU,shin-compute-002
COPS,polygon,100,ExaModels,100,1276,5000,12740,3.72e-7,1.6731e-5,8.61e-7,3.1536e-5,6.5919e-5,1.898e-6,3.7369e-5,3.4254e-5,8.4126e-5,CPU,shin-compute-002
COPS,polygon,800,ExaModels,800,80201,320000,801990,2.748e-6,0.001089162,6.751e-6,0.001995679,0.003908882,1.4496e-5,0.002125359,0.002124216,0.006535635,CPU,shin-compute-002
COPS,robot,2,ExaModels,28,24,84,134,2.0e-8,3.15e-7,3.8e-8,4.08e-7,8.13e-7,2.1e-8,4.64e-7,4.76e-7,4.7993e-5,CPU,shin-compute-002
COPS,robot,150,ExaModels,1360,912,5412,10050,2.0e-8,9.996e-6,9.2e-8,2.4872e-5,5.5738e-5,7.9e-8,2.7108e-5,2.7143e-5,0.000116165,CPU,shin-compute-002
COPS,robot,15000,ExaModels,135010,90012,540012,1005000,2.0e-8,0.001000347,3.3068e-5,0.002660035,0.006233762,3.3572e-5,0.002647588,0.002696077,0.009632147,CPU,shin-compute-002
COPS,rocket,2,ExaModels,13,10,42,118,2.0e-8,1.8e-7,3.2e-8,1.9e-7,5.19e-7,2.1e-8,2.41e-7,2.44e-7,4.5452e-5,CPU,shin-compute-002
COPS,rocket,200,ExaModels,805,604,3804,11800,2.0e-8,6.324e-6,7.1e-8,1.4035e-5,4.7918e-5,6.0e-8,1.5812e-5,1.5629e-5,8.8342e-5,CPU,shin-compute-002
COPS,rocket,17000,ExaModels,68005,51004,323004,1003000,2.0e-8,0.000539132,1.5331e-5,0.001250287,0.004302419,1.6158e-5,0.001355872,0.001340482,0.004644184,CPU,shin-compute-002
COPS,steering,5,ExaModels,31,28,108,120,2.0e-8,2.43e-7,3.3e-8,3.64e-7,5.2e-7,2.1e-8,4.32e-7,4.55e-7,1.7724e-5,CPU,shin-compute-002
COPS,steering,400,ExaModels,2006,1608,8008,9600,2.0e-8,9.869e-6,1.15e-7,2.427e-5,3.7804e-5,1.04e-7,2.8067e-5,2.8598e-5,0.000124578,CPU,shin-compute-002
COPS,steering,42000,ExaModels,210006,168008,840008,1008000,2.0e-8,0.001060486,5.628e-5,0.002703372,0.004091516,5.3227e-5,0.003021762,0.003143921,0.01775546,CPU,shin-compute-002
COPS,torsion,"(5, 5)",ExaModels,49,49,49,360,8.23e-7,1.33e-7,1.611e-6,4.9e-8,1.52e-6,1.699e-6,1.21e-7,1.28e-7,1.3802e-5,CPU,shin-compute-002
COPS,torsion,"(35, 35)",ExaModels,1369,1369,1369,12960,2.7501e-5,2.063e-6,5.8217e-5,6.55e-7,5.4412e-5,6.044e-5,1.848e-6,1.93e-6,0.00010549,CPU,shin-compute-002
COPS,torsion,"(320, 320)",ExaModels,103684,103684,103684,1030410,0.002252514,0.000188624,0.004693844,5.6052e-5,0.004746842,0.004785293,0.000187457,0.00018576,0.010846203,CPU,shin-compute-002
OPF-polar,pglib_opf_case3_lmbd.m,pglib_opf_case3_lmbd.m,ExaModels,24,28,103,141,2.0e-8,3.29e-7,3.3e-8,4.97e-7,8.35e-7,3.7e-8,6.07e-7,6.35e-7,0.000422131,CPU,shin-compute-002
OPF-polar,pglib_opf_case5_pjm.m,pglib_opf_case5_pjm.m,ExaModels,44,53,201,279,2.0e-8,5.28e-7,4.0e-8,9.3e-7,1.582e-6,4.2e-8,1.102e-6,1.135e-6,0.000435852,CPU,shin-compute-002
OPF-polar,pglib_opf_case14_ieee.m,pglib_opf_case14_ieee.m,ExaModels,118,169,639,913,2.1e-8,1.632e-6,4.7e-8,3.153e-6,5.556e-6,4.2e-8,3.685e-6,3.444e-6,0.00050617,CPU,shin-compute-002
OPF-polar,pglib_opf_case24_ieee_rts.m,pglib_opf_case24_ieee_rts.m,ExaModels,266,315,1255,1753,2.0e-8,2.817e-6,1.06e-7,5.517e-6,1.0585e-5,1.42e-7,6.335e-6,6.592e-6,0.000631375,CPU,shin-compute-002
OPF-polar,pglib_opf_case30_ieee.m,pglib_opf_case30_ieee.m,ExaModels,236,348,1303,1870,2.0e-8,3.143e-6,5.4e-8,6.105e-6,1.1399e-5,5.5e-8,6.81e-6,7.639e-6,0.000584809,CPU,shin-compute-002
OPF-polar,pglib_opf_case30_as.m,pglib_opf_case30_as.m,ExaModels,236,348,1303,1870,2.0e-8,2.855e-6,5.5e-8,5.878e-6,1.0563e-5,5.5e-8,6.757e-6,7.112e-6,0.000573248,CPU,shin-compute-002
OPF-polar,pglib_opf_case39_epri.m,pglib_opf_case39_epri.m,ExaModels,282,401,1479,2112,2.0e-8,3.237e-6,6.5e-8,7.312e-6,1.1818e-5,7.2e-8,7.611e-6,7.945e-6,0.000615177,CPU,shin-compute-002
OPF-polar,pglib_opf_case57_ieee.m,pglib_opf_case57_ieee.m,ExaModels,448,675,2529,3641,2.0e-8,6.014e-6,6.6e-8,1.2233e-5,2.244e-5,6.8e-8,1.3291e-5,1.3927e-5,0.000743958,CPU,shin-compute-002
OPF-polar,pglib_opf_case60_c.m,pglib_opf_case60_c.m,ExaModels,518,737,2807,4015,2.0e-8,6.084e-6,9.5e-8,1.4312e-5,2.2367e-5,1.02e-7,1.4725e-5,1.5335e-5,0.000764087,CPU,shin-compute-002
OPF-polar,pglib_opf_case73_ieee_rts.m,pglib_opf_case73_ieee_rts.m,ExaModels,824,987,3945,5525,2.0e-8,8.495e-6,2.43e-7,1.8245e-5,3.3924e-5,2.92e-7,2.0317e-5,2.2366e-5,0.001081257,CPU,shin-compute-002
OPF-polar,pglib_opf_case89_pegase.m,pglib_opf_case89_pegase.m,ExaModels,1042,1649,6503,9430,2.1e-8,1.4738e-5,9.6e-8,3.2395e-5,5.3955e-5,1.03e-7,3.5196e-5,3.724e-5,0.001130338,CPU,shin-compute-002
OPF-polar,pglib_opf_case118_ieee.m,pglib_opf_case118_ieee.m,ExaModels,1088,1539,5925,8474,2.0e-8,1.3128e-5,1.82e-7,2.8292e-5,5.2313e-5,2.03e-7,3.1007e-5,3.2329e-5,0.001244852,CPU,shin-compute-002
OPF-polar,pglib_opf_case162_ieee_dtc.m,pglib_opf_case162_ieee_dtc.m,ExaModels,1484,2313,8869,12832,2.1e-8,1.9799e-5,1.15e-7,4.6317e-5,7.9811e-5,1.2e-7,4.7963e-5,5.0852e-5,0.001417553,CPU,shin-compute-002
OPF-polar,pglib_opf_case179_goc.m,pglib_opf_case179_goc.m,ExaModels,1468,2200,8307,11959,2.0e-8,1.862e-5,1.5e-7,3.9408e-5,6.811e-5,1.65e-7,4.3884e-5,4.6943e-5,0.001470048,CPU,shin-compute-002
OPF-polar,pglib_opf_case197_snem.m,pglib_opf_case197_snem.m,ExaModels,1608,2397,9045,13013,2.0e-8,2.0264e-5,1.66e-7,4.684e-5,8.1078e-5,1.82e-7,4.7698e-5,5.1374e-5,0.001610713,CPU,shin-compute-002
OPF-polar,pglib_opf_case200_activ.m,pglib_opf_case200_activ.m,ExaModels,1456,2116,7827,11218,2.0e-8,1.7418e-5,1.8e-7,4.0082e-5,6.3314e-5,1.85e-7,3.9897e-5,4.2828e-5,0.001616062,CPU,shin-compute-002
OPF-polar,pglib_opf_case240_pserc.m,pglib_opf_case240_pserc.m,ExaModels,2558,3617,14207,20335,2.0e-8,3.1854e-5,6.59e-7,6.7258e-5,0.000114901,7.04e-7,7.5003e-5,7.8438e-5,0.002295398,CPU,shin-compute-002
OPF-polar,pglib_opf_case300_ieee.m,pglib_opf_case300_ieee.m,ExaModels,2382,3478,13069,18753,2.0e-8,2.9274e-5,2.63e-7,6.0779e-5,0.00011657,3.41e-7,6.8819e-5,7.2103e-5,0.002189644,CPU,shin-compute-002
OPF-polar,pglib_opf_case500_goc.m,pglib_opf_case500_goc.m,ExaModels,4254,6097,23183,33203,2.0e-8,5.2153e-5,1.511e-6,0.000111031,0.000207408,1.71e-6,0.000120542,0.000129441,0.00380741,CPU,shin-compute-002
OPF-polar,pglib_opf_case588_sdet.m,pglib_opf_case588_sdet.m,ExaModels,4110,5979,21947,31455,2.0e-8,4.7981e-5,1.244e-6,0.000104796,0.000196595,1.381e-6,0.000113819,0.000128021,0.003422358,CPU,shin-compute-002
OPF-polar,pglib_opf_case793_goc.m,pglib_opf_case793_goc.m,ExaModels,5432,7978,29171,41855,2.0e-8,6.57e-5,1.557e-6,0.000137732,0.000260631,1.726e-6,0.000150967,0.000161994,0.004752012,CPU,shin-compute-002
OPF-polar,pglib_opf_case1354_pegase.m,pglib_opf_case1354_pegase.m,ExaModels,11192,16646,62959,90572,2.0e-8,0.000163223,3.87e-6,0.000313221,0.000539482,3.739e-6,0.000355122,0.000379513,0.008523485,CPU,shin-compute-002
OPF-polar,pglib_opf_case1803_snem.m,pglib_opf_case1803_snem.m,ExaModels,15246,23172,87917,126816,2.0e-8,0.000214025,4.412e-6,0.000445698,0.000830526,4.951e-6,0.000490346,0.000524939,0.0113697,CPU,shin-compute-002
OPF-polar,pglib_opf_case1888_rte.m,pglib_opf_case1888_rte.m,ExaModels,14480,21494,80287,115430,2.0e-8,0.000187901,4.867e-6,0.000400004,0.000749564,4.447e-6,0.000449133,0.000474798,0.011059659,CPU,shin-compute-002
OPF-polar,pglib_opf_case1951_rte.m,pglib_opf_case1951_rte.m,ExaModels,15018,22075,82515,118492,2.0e-8,0.000200184,4.984e-6,0.000412963,0.000770873,4.554e-6,0.000459562,0.000496652,0.011536342,CPU,shin-compute-002
OPF-polar,pglib_opf_case2000_goc.m,pglib_opf_case2000_goc.m,ExaModels,19008,29432,113467,164090,2.1e-8,0.000285938,5.43e-6,0.000585706,0.001090182,5.355e-6,0.000647761,0.00068977,0.014995479,CPU,shin-compute-002
OPF-polar,pglib_opf_case2312_goc.m,pglib_opf_case2312_goc.m,ExaModels,17128,25716,95467,137422,2.0e-8,0.000230437,4.889e-6,0.000475912,0.000867961,5.354e-6,0.000523433,0.000571204,0.013143254,CPU,shin-compute-002
OPF-polar,pglib_opf_case2383wp_k.m,pglib_opf_case2383wp_k.m,ExaModels,17004,25039,92301,132517,3.9e-8,0.000223031,4.668e-6,0.000468266,0.00081773,5.622e-6,0.000503755,0.000537188,0.012159669,CPU,shin-compute-002
OPF-polar,pglib_opf_case2736sp_k.m,pglib_opf_case2736sp_k.m,ExaModels,19088,28356,104083,149578,2.0e-8,0.000256869,6.055e-6,0.000533394,0.000931385,5.768e-6,0.000591997,0.000614367,0.014501148,CPU,shin-compute-002
OPF-polar,pglib_opf_case2737sop_k.m,pglib_opf_case2737sop_k.m,ExaModels,18988,28358,103983,149529,2.0e-8,0.000257409,5.65e-6,0.000536092,0.000903224,5.582e-6,0.000576708,0.000613505,0.014321932,CPU,shin-compute-002
OPF-polar,pglib_opf_case2742_goc.m,pglib_opf_case2742_goc.m,ExaModels,24540,38196,146039,211278,2.0e-8,0.000384975,7.129e-6,0.000769928,0.001414531,6.809e-6,0.000850399,0.00091277,0.016794845,CPU,shin-compute-002
OPF-polar,pglib_opf_case2746wop_k.m,pglib_opf_case2746wop_k.m,ExaModels,19582,28642,105565,151431,2.1e-8,0.000267953,6.41e-6,0.000544187,0.000942118,6.216e-6,0.000606141,0.000641935,0.014737441,CPU,shin-compute-002
OPF-polar,pglib_opf_case2746wp_k.m,pglib_opf_case2746wp_k.m,ExaModels,19520,28446,104775,150224,2.0e-8,0.000259989,6.095e-6,0.000538053,0.000909401,6.605e-6,0.000587694,0.000648145,0.014745452,CPU,shin-compute-002
OPF-polar,pglib_opf_case2848_rte.m,pglib_opf_case2848_rte.m,ExaModels,21822,32129,119999,172351,2.0e-8,0.000305677,6.651e-6,0.000618646,0.001053075,7.458e-6,0.000709861,0.000755504,0.01639373,CPU,shin-compute-002
OPF-polar,pglib_opf_case2853_sdet.m,pglib_opf_case2853_sdet.m,ExaModels,23028,33154,124975,179049,2.0e-8,0.000317211,8.447e-6,0.000646465,0.001193914,8.329e-6,0.000728162,0.00077342,0.01725895,CPU,shin-compute-002
OPF-polar,pglib_opf_case2868_rte.m,pglib_opf_case2868_rte.m,ExaModels,22090,32393,121099,173849,2.1e-8,0.00030936,7.075e-6,0.000630966,0.001133678,7.489e-6,0.000699465,0.000757325,0.016716541,CPU,shin-compute-002
OPF-polar,pglib_opf_case2869_pegase.m,pglib_opf_case2869_pegase.m,ExaModels,25086,37813,144219,207856,2.0e-8,0.000379542,8.256e-6,0.000771162,0.001282547,8.042e-6,0.000873889,0.000914268,0.017695504,CPU,shin-compute-002
OPF-polar,pglib_opf_case3012wp_k.m,pglib_opf_case3012wp_k.m,ExaModels,21082,31029,113955,163577,2.0e-8,0.00029365,6.653e-6,0.000590154,0.001040617,6.119e-6,0.000638556,0.000694642,0.015891527,CPU,shin-compute-002
OPF-polar,pglib_opf_case3022_goc.m,pglib_opf_case3022_goc.m,ExaModels,23238,34990,130749,188311,2.1e-8,0.000331676,7.263e-6,0.000687164,0.001261914,6.384e-6,0.000740202,0.0008112,0.017082849,CPU,shin-compute-002
OPF-polar,pglib_opf_case3120sp_k.m,pglib_opf_case3120sp_k.m,ExaModels,21608,32092,117627,169030,2.0e-8,0.000306977,6.811e-6,0.000613004,0.001033283,6.625e-6,0.00066157,0.000705941,0.015955275,CPU,shin-compute-002
OPF-polar,pglib_opf_case3375wp_k.m,pglib_opf_case3375wp_k.m,ExaModels,24350,35876,132537,190311,2.0e-8,0.000339502,8.006e-6,0.000678146,0.001215149,7.324e-6,0.000755016,0.000825153,0.017850004,CPU,shin-compute-002
OPF-polar,pglib_opf_case3970_goc.m,pglib_opf_case3970_goc.m,ExaModels,35270,54428,207937,300527,2.0e-8,0.000571346,1.0601e-5,0.001108178,0.001979217,1.031e-5,0.001243928,0.001318869,0.023668285,CPU,shin-compute-002
OPF-polar,pglib_opf_case4020_goc.m,pglib_opf_case4020_goc.m,ExaModels,36696,56957,218385,315864,2.0e-8,0.000603935,1.0393e-5,0.001168318,0.002078947,1.05e-5,0.001311621,0.001393429,0.025730008,CPU,shin-compute-002
OPF-polar,pglib_opf_case4601_goc.m,pglib_opf_case4601_goc.m,ExaModels,38814,59596,225989,326366,2.0e-8,0.000633329,1.0821e-5,0.001205624,0.002206725,1.1413e-5,0.001360888,0.001413146,0.027398996,CPU,shin-compute-002
OPF-polar,pglib_opf_case4619_goc.m,pglib_opf_case4619_goc.m,ExaModels,42532,66289,254433,368185,2.0e-8,0.000715871,1.2083e-5,0.001377068,0.002495209,1.2681e-5,0.001554519,0.001643514,0.030581896,CPU,shin-compute-002
OPF-polar,pglib_opf_case4661_sdet.m,pglib_opf_case4661_sdet.m,ExaModels,34758,51302,190681,273914,2.0e-8,0.00052757,1.0198e-5,0.001009951,0.001836162,1.1014e-5,0.001151395,0.001211453,0.026182286,CPU,shin-compute-002
OPF-polar,pglib_opf_case4837_goc.m,pglib_opf_case4837_goc.m,ExaModels,41398,64030,243289,351666,2.0e-8,0.000674803,1.1797e-5,0.001306078,0.002336897,1.1541e-5,0.001479369,0.001576763,0.028773495,CPU,shin-compute-002
OPF-polar,pglib_opf_case4917_goc.m,pglib_opf_case4917_goc.m,ExaModels,37872,56917,212749,306345,2.0e-8,0.00059612,1.1402e-5,0.001137779,0.002024028,1.0365e-5,0.001282755,0.00136235,0.029298302,CPU,shin-compute-002
OPF-polar,pglib_opf_case5658_epigrids.m,pglib_opf_case5658_epigrids.m,ExaModels,48552,74821,284425,410958,2.1e-8,0.000814469,1.423e-5,0.001547325,0.002791542,1.4286e-5,0.001777209,0.001870529,0.03410278,CPU,shin-compute-002
OPF-polar,pglib_opf_case6468_rte.m,pglib_opf_case6468_rte.m,ExaModels,49734,75937,283735,409335,2.0e-8,0.000834583,1.4588e-5,0.001580582,0.002578708,1.492e-5,0.00181231,0.001886,0.039399478,CPU,shin-compute-002
OPF-polar,pglib_opf_case6470_rte.m,pglib_opf_case6470_rte.m,ExaModels,50482,75976,284613,409921,1.9e-8,0.000813299,1.4691e-5,0.001553697,0.002666256,1.5605e-5,0.001770742,0.001906988,0.037021697,CPU,shin-compute-002
OPF-polar,pglib_opf_case6495_rte.m,pglib_opf_case6495_rte.m,ExaModels,50426,76124,284921,410506,1.9e-8,0.000827372,1.3561e-5,0.001550443,0.002558427,1.4572e-5,0.001798856,0.001892212,0.03744339,CPU,shin-compute-002
OPF-polar,pglib_opf_case6515_rte.m,pglib_opf_case6515_rte.m,ExaModels,50546,76290,285509,411342,2.0e-8,0.000813295,1.3532e-5,0.001564692,0.002789756,1.5148e-5,0.001759554,0.001905478,0.03833917,CPU,shin-compute-002
OPF-polar,pglib_opf_case7336_epigrids.m,pglib_opf_case7336_epigrids.m,ExaModels,62116,95306,361611,522192,2.0e-8,0.00107683,1.8265e-5,0.001976826,0.0034908,1.8148e-5,0.002229526,0.00237081,0.045165162,CPU,shin-compute-002
OPF-polar,pglib_opf_case8387_pegase.m,pglib_opf_case8387_pegase.m,ExaModels,78748,118702,457335,659323,2.0e-8,0.001405066,2.577e-5,0.002602931,0.004567357,2.5589e-5,0.00313929,0.003271463,0.060943815,CPU,shin-compute-002
OPF-polar,pglib_opf_case9241_pegase.m,pglib_opf_case9241_pegase.m,ExaModels,85568,130826,502843,726083,2.0e-8,0.001536824,2.3617e-5,0.002868839,0.004942935,2.2821e-5,0.003439634,0.003637969,0.060655234,CPU,shin-compute-002
OPF-polar,pglib_opf_case9591_goc.m,pglib_opf_case9591_goc.m,ExaModels,83572,130588,497363,719807,2.0e-8,0.001519094,2.4224e-5,0.002755331,0.004815182,1.9585e-5,0.003183027,0.003386617,0.059224176,CPU,shin-compute-002
OPF-polar,pglib_opf_case10000_goc.m,pglib_opf_case10000_goc.m,ExaModels,76804,112352,419823,602508,2.0e-8,0.001261144,2.0293e-5,0.002314955,0.003822579,1.9191e-5,0.002577752,0.00271864,0.05801848,CPU,shin-compute-002
OPF-polar,pglib_opf_case10192_epigrids.m,pglib_opf_case10192_epigrids.m,ExaModels,89850,139456,532137,769576,2.0e-8,0.001589761,2.2516e-5,0.002986259,0.004910987,1.9458e-5,0.003308048,0.003537445,0.064222618,CPU,shin-compute-002
OPF-polar,pglib_opf_case10480_goc.m,pglib_opf_case10480_goc.m,ExaModels,96750,150874,579285,838333,1.9e-8,0.001747128,2.7328e-5,0.003169838,0.005409998,2.0893e-5,0.003680936,0.004003998,0.066222484,CPU,shin-compute-002
OPF-polar,pglib_opf_case13659_pegase.m,pglib_opf_case13659_pegase.m,ExaModels,117370,170588,649513,931958,2.0e-8,0.002214308,3.647e-5,0.00385969,0.006708223,4.0081e-5,0.005218762,0.005398352,0.087703938,CPU,shin-compute-002
OPF-polar,pglib_opf_case19402_goc.m,pglib_opf_case19402_goc.m,ExaModels,179562,281733,1081867,1566751,2.0e-8,0.003740692,3.9367e-5,0.006527173,0.011593158,3.9449e-5,0.007328998,0.008087745,0.124909836,CPU,shin-compute-002
OPF-polar,pglib_opf_case20758_epigrids.m,pglib_opf_case20758_epigrids.m,ExaModels,179236,274918,1046155,1510782,2.0e-8,0.003491227,5.5442e-5,0.006392737,0.011271001,4.6708e-5,0.006983668,0.007909135,0.13346445,CPU,shin-compute-002
OPF-polar,pglib_opf_case24464_goc.m,pglib_opf_case24464_goc.m,ExaModels,203374,313641,1186591,1714423,2.1e-8,0.004215294,4.9302e-5,0.007479203,0.013047022,4.8399e-5,0.008495891,0.009102025,0.148123995,CPU,shin-compute-002
OPF-polar,pglib_opf_case30000_goc.m,pglib_opf_case30000_goc.m,ExaModels,208624,307752,1128843,1620818,2.0e-8,0.003899241,5.814e-5,0.007039795,0.012424021,6.6888e-5,0.007752675,0.008396218,0.161563515,CPU,shin-compute-002
OPF-polar,pglib_opf_case78484_epigrids.m,pglib_opf_case78484_epigrids.m,ExaModels,674562,1039062,3950953,5708389,2.0e-8,0.02385493,0.000216343,0.033251058,0.048958717,0.000221358,0.03810962,0.041932786,0.537534072,CPU,shin-compute-002
OPF-rect,pglib_opf_case3_lmbd.m,pglib_opf_case3_lmbd.m,ExaModels,24,31,122,150,2.0e-8,2.72e-7,3.1e-8,4.95e-7,5.39e-7,3.2e-8,5.9e-7,5.7e-7,0.000379636,CPU,shin-compute-002
OPF-rect,pglib_opf_case5_pjm.m,pglib_opf_case5_pjm.m,ExaModels,44,58,234,290,2.0e-8,3.99e-7,3.8e-8,8.9e-7,1.178e-6,4.2e-8,1.113e-6,1.046e-6,0.000420764,CPU,shin-compute-002
OPF-rect,pglib_opf_case14_ieee.m,pglib_opf_case14_ieee.m,ExaModels,118,183,736,932,2.0e-8,9.48e-7,4.4e-8,2.739e-6,3.169e-6,4.2e-8,3.263e-6,3.009e-6,0.000474853,CPU,shin-compute-002
OPF-rect,pglib_opf_case24_ieee_rts.m,pglib_opf_case24_ieee_rts.m,ExaModels,266,339,1428,1776,1.9e-8,1.623e-6,1.01e-7,5.104e-6,5.689e-6,1.15e-7,6.082e-6,5.583e-6,0.000582594,CPU,shin-compute-002
OPF-rect,pglib_opf_case30_ieee.m,pglib_opf_case30_ieee.m,ExaModels,236,378,1506,1911,2.0e-8,1.727e-6,5.4e-8,6.03e-6,6.676e-6,5.2e-8,6.626e-6,6.017e-6,0.000581851,CPU,shin-compute-002
OPF-rect,pglib_opf_case30_as.m,pglib_opf_case30_as.m,ExaModels,236,378,1506,1911,2.1e-8,1.814e-6,5.2e-8,5.605e-6,6.755e-6,5.5e-8,6.623e-6,6.157e-6,0.000567821,CPU,shin-compute-002
OPF-rect,pglib_opf_case39_epri.m,pglib_opf_case39_epri.m,ExaModels,282,440,1728,2179,2.0e-8,1.955e-6,6.6e-8,6.203e-6,7.01e-6,6.9e-8,7.355e-6,6.809e-6,0.000569348,CPU,shin-compute-002
OPF-rect,pglib_opf_case57_ieee.m,pglib_opf_case57_ieee.m,ExaModels,448,732,2918,3712,1.9e-8,3.404e-6,6.5e-8,1.1877e-5,1.202e-5,6.5e-8,1.2683e-5,1.1812e-5,0.000741968,CPU,shin-compute-002
OPF-rect,pglib_opf_case60_c.m,pglib_opf_case60_c.m,ExaModels,518,797,3224,4082,2.0e-8,3.675e-6,9.1e-8,1.2138e-5,1.4485e-5,1.05e-7,1.4153e-5,1.2882e-5,0.000718569,CPU,shin-compute-002
OPF-rect,pglib_opf_case73_ieee_rts.m,pglib_opf_case73_ieee_rts.m,ExaModels,824,1060,4478,5580,2.0e-8,5.064e-6,2.38e-7,1.7324e-5,1.847e-5,2.71e-7,1.9188e-5,1.7967e-5,0.001062329,CPU,shin-compute-002
OPF-rect,pglib_opf_case89_pegase.m,pglib_opf_case89_pegase.m,ExaModels,1042,1738,7280,9369,2.0e-8,8.624e-6,9.5e-8,2.8318e-5,3.4134e-5,1.03e-7,3.2351e-5,3.0734e-5,0.001090642,CPU,shin-compute-002
OPF-rect,pglib_opf_case118_ieee.m,pglib_opf_case118_ieee.m,ExaModels,1088,1657,6770,8577,2.0e-8,7.689e-6,1.63e-7,2.7779e-5,2.8297e-5,1.84e-7,2.8955e-5,2.7715e-5,0.001260623,CPU,shin-compute-002
OPF-rect,pglib_opf_case162_ieee_dtc.m,pglib_opf_case162_ieee_dtc.m,ExaModels,1484,2475,10086,12915,1.9e-8,1.1869e-5,1.12e-7,3.8069e-5,4.254e-5,1.17e-7,4.4213e-5,4.1943e-5,0.001699078,CPU,shin-compute-002
OPF-rect,pglib_opf_case179_goc.m,pglib_opf_case179_goc.m,ExaModels,1468,2379,9550,12152,1.9e-8,1.121e-5,1.4e-7,3.597e-5,3.7999e-5,1.34e-7,3.8862e-5,3.686e-5,0.001771706,CPU,shin-compute-002
OPF-rect,pglib_opf_case197_snem.m,pglib_opf_case197_snem.m,ExaModels,1608,2594,10406,13232,2.0e-8,1.2146e-5,1.56e-7,3.7021e-5,4.14e-5,1.68e-7,4.2737e-5,4.1862e-5,0.001979919,CPU,shin-compute-002
OPF-rect,pglib_opf_case200_activ.m,pglib_opf_case200_activ.m,ExaModels,1456,2316,9118,11531,2.0e-8,1.0328e-5,1.53e-7,3.349e-5,3.8376e-5,1.7e-7,3.8575e-5,3.714e-5,0.001834294,CPU,shin-compute-002
OPF-rect,pglib_opf_case240_pserc.m,pglib_opf_case240_pserc.m,ExaModels,2558,3857,16064,20402,1.9e-8,1.8496e-5,7.35e-7,6.1103e-5,6.7118e-5,7.56e-7,6.9543e-5,6.4821e-5,0.002459785,CPU,shin-compute-002
OPF-rect,pglib_opf_case300_ieee.m,pglib_opf_case300_ieee.m,ExaModels,2382,3778,15092,19134,2.0e-8,1.7228e-5,2.38e-7,5.6596e-5,6.3243e-5,2.71e-7,6.4052e-5,6.0228e-5,0.00258122,CPU,shin-compute-002
OPF-rect,pglib_opf_case500_goc.m,pglib_opf_case500_goc.m,ExaModels,4254,6597,26640,33750,2.0e-8,3.0638e-5,1.426e-6,0.000100228,0.000112588,1.612e-6,0.000113514,0.00010775,0.003847318,CPU,shin-compute-002
OPF-rect,pglib_opf_case588_sdet.m,pglib_opf_case588_sdet.m,ExaModels,4110,6567,25672,32438,1.9e-8,2.9379e-5,1.054e-6,9.3593e-5,0.000109242,1.16e-6,0.000107304,0.000100921,0.00349961,CPU,shin-compute-002
OPF-rect,pglib_opf_case793_goc.m,pglib_opf_case793_goc.m,ExaModels,5432,8771,34170,43204,1.9e-8,3.9207e-5,1.492e-6,0.000126488,0.0001449,1.353e-6,0.000146714,0.000134144,0.004971468,CPU,shin-compute-002
OPF-rect,pglib_opf_case1354_pegase.m,pglib_opf_case1354_pegase.m,ExaModels,11192,18000,72358,92009,2.0e-8,8.9885e-5,3.226e-6,0.00028706,0.000324677,3.783e-6,0.000328156,0.000301931,0.008387492,CPU,shin-compute-002
OPF-rect,pglib_opf_case1803_snem.m,pglib_opf_case1803_snem.m,ExaModels,15246,24975,100720,128441,1.9e-8,0.000135617,4.377e-6,0.000411724,0.000460034,4.135e-6,0.000457297,0.000422466,0.01111836,CPU,shin-compute-002
OPF-rect,pglib_opf_case1888_rte.m,pglib_opf_case1888_rte.m,ExaModels,14480,23382,92902,117923,1.9e-8,0.000121317,3.958e-6,0.000376505,0.000422699,4.643e-6,0.000422713,0.000384702,0.010702705,CPU,shin-compute-002
OPF-rect,pglib_opf_case1951_rte.m,pglib_opf_case1951_rte.m,ExaModels,15018,24026,95512,121107,1.9e-8,0.000127693,3.754e-6,0.000386858,0.000435293,3.978e-6,0.000435962,0.000398367,0.011195956,CPU,shin-compute-002
OPF-rect,pglib_opf_case2000_goc.m,pglib_opf_case2000_goc.m,ExaModels,19008,31432,128734,164827,1.9e-8,0.000186514,5.042e-6,0.000543264,0.000603356,4.948e-6,0.000606954,0.000558617,0.013933641,CPU,shin-compute-002
OPF-rect,pglib_opf_case2312_goc.m,pglib_opf_case2312_goc.m,ExaModels,17128,28028,110742,140647,1.9e-8,0.000154519,4.353e-6,0.000451983,0.000510179,5.189e-6,0.00050812,0.000465387,0.012881528,CPU,shin-compute-002
OPF-rect,pglib_opf_case2383wp_k.m,pglib_opf_case2383wp_k.m,ExaModels,17004,27422,107626,136260,1.9e-8,0.000148348,5.721e-6,0.000436732,0.000498605,4.764e-6,0.000490774,0.000449862,0.012102,CPU,shin-compute-002
OPF-rect,pglib_opf_case2736sp_k.m,pglib_opf_case2736sp_k.m,ExaModels,19088,31092,121566,153987,1.9e-8,0.000176001,4.669e-6,0.000502877,0.000569494,4.887e-6,0.000560136,0.00051659,0.014304676,CPU,shin-compute-002
OPF-rect,pglib_opf_case2737sop_k.m,pglib_opf_case2737sop_k.m,ExaModels,18988,31095,121470,153942,1.9e-8,0.00017475,4.275e-6,0.000503515,0.000571696,4.426e-6,0.000556866,0.000514385,0.014229325,CPU,shin-compute-002
OPF-rect,pglib_opf_case2742_goc.m,pglib_opf_case2742_goc.m,ExaModels,24540,40938,166354,212903,1.9e-8,0.000275154,6.08e-6,0.000709377,0.000794674,4.467e-6,0.000789721,0.000737678,0.016436268,CPU,shin-compute-002
OPF-rect,pglib_opf_case2746wop_k.m,pglib_opf_case2746wop_k.m,ExaModels,19582,31388,123164,155804,1.9e-8,0.000180411,6.562e-6,0.000508724,0.000581072,6.565e-6,0.000570721,0.00052658,0.014606212,CPU,shin-compute-002
OPF-rect,pglib_opf_case2746wp_k.m,pglib_opf_case2746wp_k.m,ExaModels,19520,31192,122318,154653,1.9e-8,0.000178051,6.625e-6,0.000506577,0.000573111,5.51e-6,0.000565574,0.000519545,0.014397846,CPU,shin-compute-002
OPF-rect,pglib_opf_case2848_rte.m,pglib_opf_case2848_rte.m,ExaModels,21822,34977,138944,176194,1.9e-8,0.000215214,5.574e-6,0.00059235,0.000665224,5.742e-6,0.000655326,0.000612626,0.01611861,CPU,shin-compute-002
OPF-rect,pglib_opf_case2853_sdet.m,pglib_opf_case2853_sdet.m,ExaModels,23028,36007,144230,182622,1.9e-8,0.000221879,6.51e-6,0.000598526,0.000686536,6.798e-6,0.000664487,0.000627152,0.017127911,CPU,shin-compute-002
OPF-rect,pglib_opf_case2868_rte.m,pglib_opf_case2868_rte.m,ExaModels,22090,35261,140188,177708,1.9e-8,0.000218142,5.607e-6,0.000594825,0.000671266,5.719e-6,0.000657306,0.00061509,0.016329967,CPU,shin-compute-002
OPF-rect,pglib_opf_case2869_pegase.m,pglib_opf_case2869_pegase.m,ExaModels,25086,40682,164860,210171,1.9e-8,0.000274527,6.279e-6,0.000716815,0.000803573,6.273e-6,0.00079484,0.000750106,0.017369665,CPU,shin-compute-002
OPF-rect,pglib_opf_case3012wp_k.m,pglib_opf_case3012wp_k.m,ExaModels,21082,34041,133148,168484,4.5e-8,0.00020007,5.563e-6,0.000557061,0.00064279,5.512e-6,0.00061158,0.000573838,0.015469544,CPU,shin-compute-002
OPF-rect,pglib_opf_case3022_goc.m,pglib_opf_case3022_goc.m,ExaModels,23238,38012,151108,192132,1.9e-8,0.000232751,5.864e-6,0.000635274,0.000725095,5.819e-6,0.000700987,0.000659029,0.016947133,CPU,shin-compute-002
OPF-rect,pglib_opf_case3120sp_k.m,pglib_opf_case3120sp_k.m,ExaModels,21608,35212,137494,174127,1.9e-8,0.000209113,5.624e-6,0.00057514,0.00067476,5.558e-6,0.000636652,0.000593027,0.01559155,CPU,shin-compute-002
OPF-rect,pglib_opf_case3375wp_k.m,pglib_opf_case3375wp_k.m,ExaModels,24350,39250,154356,195488,1.9e-8,0.00024211,6.135e-6,0.000645302,0.000741099,5.835e-6,0.000728977,0.00067866,0.017754245,CPU,shin-compute-002
OPF-rect,pglib_opf_case3970_goc.m,pglib_opf_case3970_goc.m,ExaModels,35270,58398,237100,303128,1.9e-8,0.000474256,7.935e-6,0.001014378,0.001159499,8.05e-6,0.001133978,0.00107378,0.024149017,CPU,shin-compute-002
OPF-rect,pglib_opf_case4020_goc.m,pglib_opf_case4020_goc.m,ExaModels,36696,60977,248442,317971,1.9e-8,0.000505147,8.498e-6,0.001067391,0.001219456,9.075e-6,0.00119416,0.001129491,0.025401671,CPU,shin-compute-002
OPF-rect,pglib_opf_case4601_goc.m,pglib_opf_case4601_goc.m,ExaModels,38814,64197,258792,330375,1.9e-8,0.000526483,9.384e-6,0.001116425,0.001269032,9.157e-6,0.001247317,0.001176584,0.02710144,CPU,shin-compute-002
OPF-rect,pglib_opf_case4619_goc.m,pglib_opf_case4619_goc.m,ExaModels,42532,70908,289210,370364,1.9e-8,0.000605198,1.2483e-5,0.001261845,0.001420493,1.2259e-5,0.001410824,0.001328035,0.0300622,CPU,shin-compute-002
OPF-rect,pglib_opf_case4661_sdet.m,pglib_opf_case4661_sdet.m,ExaModels,34758,55963,221320,280567,1.9e-8,0.00043003,1.0701e-5,0.000951012,0.001076799,1.0883e-5,0.001056192,0.000998088,0.025820836,CPU,shin-compute-002
OPF-rect,pglib_opf_case4837_goc.m,pglib_opf_case4837_goc.m,ExaModels,41398,68867,278168,355487,1.9e-8,0.000577419,9.213e-6,0.001200307,0.001363674,9.424e-6,0.001339835,0.001265101,0.028235672,CPU,shin-compute-002
OPF-rect,pglib_opf_case4917_goc.m,pglib_opf_case4917_goc.m,ExaModels,37872,61834,245870,312564,1.9e-8,0.000488825,8.557e-6,0.00105476,0.001224511,8.967e-6,0.001181922,0.001118401,0.029103831,CPU,shin-compute-002
OPF-rect,pglib_opf_case5658_epigrids.m,pglib_opf_case5658_epigrids.m,ExaModels,48552,80479,325202,415449,1.9e-8,0.000695056,1.1091e-5,0.001417775,0.001625937,1.072e-5,0.001587524,0.001503912,0.033909283,CPU,shin-compute-002
OPF-rect,pglib_opf_case6468_rte.m,pglib_opf_case6468_rte.m,ExaModels,49734,82405,327608,417210,2.0e-8,0.00070245,1.1982e-5,0.001450227,0.001666936,1.2207e-5,0.001632767,0.001520833,0.037691007,CPU,shin-compute-002
OPF-rect,pglib_opf_case6470_rte.m,pglib_opf_case6470_rte.m,ExaModels,50482,82446,328504,417794,1.9e-8,0.000685684,1.4418e-5,0.001441775,0.001645614,1.5541e-5,0.001625314,0.001520773,0.037899939,CPU,shin-compute-002
OPF-rect,pglib_opf_case6495_rte.m,pglib_opf_case6495_rte.m,ExaModels,50426,82619,328940,418451,1.9e-8,0.000683074,1.4958e-5,0.001442483,0.001647409,1.395e-5,0.001617832,0.001519904,0.038093543,CPU,shin-compute-002
OPF-rect,pglib_opf_case6515_rte.m,pglib_opf_case6515_rte.m,ExaModels,50546,82805,329644,419331,1.9e-8,0.000684206,1.4892e-5,0.001439847,0.001645763,1.4361e-5,0.001618791,0.001521556,0.038231167,CPU,shin-compute-002
OPF-rect,pglib_opf_case7336_epigrids.m,pglib_opf_case7336_epigrids.m,ExaModels,62116,102642,413994,528501,2.0e-8,0.000873348,1.7107e-5,0.001810279,0.002048189,1.8826e-5,0.002026952,0.001913608,0.043708452,CPU,shin-compute-002
OPF-rect,pglib_opf_case8387_pegase.m,pglib_opf_case8387_pegase.m,ExaModels,78748,127089,520006,663752,1.9e-8,0.001121388,2.3408e-5,0.002378679,0.002663961,2.3879e-5,0.002773885,0.002595805,0.058980218,CPU,shin-compute-002
OPF-rect,pglib_opf_case9241_pegase.m,pglib_opf_case9241_pegase.m,ExaModels,85568,140067,571906,730952,2.0e-8,0.00124425,2.6432e-5,0.002618581,0.002967832,2.6032e-5,0.003056772,0.002923057,0.060649448,CPU,shin-compute-002
OPF-rect,pglib_opf_case9591_goc.m,pglib_opf_case9591_goc.m,ExaModels,83572,140179,567558,726344,1.9e-8,0.001228534,2.3223e-5,0.002518169,0.002846658,2.2159e-5,0.002820861,0.002693111,0.057201499,CPU,shin-compute-002
OPF-rect,pglib_opf_case10000_goc.m,pglib_opf_case10000_goc.m,ExaModels,76804,122352,486210,616125,2.0e-8,0.001063923,2.3167e-5,0.002110305,0.002416059,2.5118e-5,0.002367806,0.002249408,0.056313019,CPU,shin-compute-002
OPF-rect,pglib_opf_case10192_epigrids.m,pglib_opf_case10192_epigrids.m,ExaModels,89850,149645,606916,776313,1.9e-8,0.001320009,2.4628e-5,0.00268616,0.003036434,2.5501e-5,0.003023059,0.002898127,0.062023046,CPU,shin-compute-002
OPF-rect,pglib_opf_case10480_goc.m,pglib_opf_case10480_goc.m,ExaModels,96750,161354,658324,843138,1.9e-8,0.001433549,2.7344e-5,0.002944188,0.003314554,2.728e-5,0.003316972,0.003193923,0.065997538,CPU,shin-compute-002
OPF-rect,pglib_opf_case13659_pegase.m,pglib_opf_case13659_pegase.m,ExaModels,117370,184247,745084,945663,2.0e-8,0.001677245,3.9276e-5,0.003567725,0.004036784,4.1619e-5,0.004343883,0.004230674,0.085884901,CPU,shin-compute-002
OPF-rect,pglib_opf_case19402_goc.m,pglib_opf_case19402_goc.m,ExaModels,179562,301135,1228884,1574954,1.9e-8,0.003017853,4.6507e-5,0.005999792,0.00691506,4.8173e-5,0.006476275,0.006398666,0.122325811,CPU,shin-compute-002
OPF-rect,pglib_opf_case20758_epigrids.m,pglib_opf_case20758_epigrids.m,ExaModels,179236,295676,1195874,1527131,2.0e-8,0.00281747,5.2767e-5,0.005624387,0.006669169,5.2564e-5,0.006153242,0.006104583,0.127469321,CPU,shin-compute-002
OPF-rect,pglib_opf_case24464_goc.m,pglib_opf_case24464_goc.m,ExaModels,203374,338105,1360080,1736650,2.0e-8,0.003491054,5.7607e-5,0.006779956,0.007917353,6.0829e-5,0.007301773,0.00718816,0.142523697,CPU,shin-compute-002
OPF-rect,pglib_opf_case30000_goc.m,pglib_opf_case30000_goc.m,ExaModels,208624,337752,1319630,1670035,2.0e-8,0.003197903,6.3474e-5,0.006463299,0.007538479,6.4598e-5,0.006769995,0.006606386,0.151347496,CPU,shin-compute-002
OPF-rect,pglib_opf_case78484_epigrids.m,pglib_opf_case78484_epigrids.m,ExaModels,674562,1117540,4516896,5770274,1.9e-8,0.022146268,0.000213865,0.033200265,0.037965628,0.000215719,0.03270071,0.034017958,0.524087274,CPU,shin-compute-002
OPF-polar,pglib_opf_case3_lmbd.m,pglib_opf_case3_lmbd.m,JuMP,24,28,97,134,6.5e-8,4.25e-7,9.03e-7,1.737e-6,9.654e-6,0.0,0.0,0.0,0.001274613,unknown,unknown
OPF-polar,pglib_opf_case5_pjm.m,pglib_opf_case5_pjm.m,JuMP,44,53,191,264,6.8e-8,7.17e-7,9.28e-7,3.136e-6,1.903e-5,0.0,0.0,0.0,0.002498771,unknown,unknown
OPF-polar,pglib_opf_case14_ieee.m,pglib_opf_case14_ieee.m,JuMP,118,169,612,881,6.5e-8,2.292e-6,1.191e-6,1.0582e-5,6.4396e-5,0.0,0.0,0.0,0.007100773,unknown,unknown
OPF-polar,pglib_opf_case24_ieee_rts.m,pglib_opf_case24_ieee_rts.m,JuMP,266,315,1208,1695,1.37e-7,4.341e-6,2.577e-6,1.9276e-5,0.000165996,0.0,0.0,0.0,0.014703326,unknown,unknown
OPF-polar,pglib_opf_case30_ieee.m,pglib_opf_case30_ieee.m,JuMP,236,348,1245,1806,6.5e-8,4.718e-6,1.539e-6,2.1972e-5,0.000170656,0.0,0.0,0.0,0.016495455,unknown,unknown
OPF-polar,pglib_opf_case30_as.m,pglib_opf_case30_as.m,JuMP,236,348,1245,1812,7.3e-8,4.366e-6,1.66e-6,2.197e-5,0.000174516,0.0,0.0,0.0,0.014321009,unknown,unknown
OPF-polar,pglib_opf_case39_epri.m,pglib_opf_case39_epri.m,JuMP,282,401,1401,2024,6.6e-8,4.493e-6,2.101e-6,2.2912e-5,0.000198686,0.0,0.0,0.0,0.016033966,unknown,unknown
OPF-polar,pglib_opf_case57_ieee.m,pglib_opf_case57_ieee.m,JuMP,448,675,2418,3523,7.5e-8,8.973e-6,2.914e-6,5.919e-5,0.000396175,0.0,0.0,0.0,0.034029936,unknown,unknown
OPF-polar,pglib_opf_case60_c.m,pglib_opf_case60_c.m,JuMP,518,737,2699,3884,8.5e-8,1.0971e-5,4.07e-6,7.0388e-5,0.000403739,0.0,0.0,0.0,0.035977768,unknown,unknown
OPF-polar,pglib_opf_case73_ieee_rts.m,pglib_opf_case73_ieee_rts.m,JuMP,824,987,3802,5349,3.21e-7,1.3987e-5,7.876e-6,0.000103666,0.000530361,0.0,0.0,0.0,0.045946647,unknown,unknown
OPF-polar,pglib_opf_case89_pegase.m,pglib_opf_case89_pegase.m,JuMP,1042,1649,6395,9310,8.3e-8,3.1709e-5,5.803e-6,0.000235031,0.001077923,0.0,0.0,0.0,0.084098943,unknown,unknown
OPF-polar,pglib_opf_case118_ieee.m,pglib_opf_case118_ieee.m,JuMP,1088,1539,5703,8198,8.3e-8,2.3468e-5,8.38e-6,0.000204758,0.001236622,0.0,0.0,0.0,0.080643957,unknown,unknown
OPF-polar,pglib_opf_case162_ieee_dtc.m,pglib_opf_case162_ieee_dtc.m,JuMP,1484,2313,8579,12530,7.2e-8,4.9859e-5,8.314e-6,0.000294334,0.0013222,0.0,0.0,0.0,0.101357047,unknown,unknown
OPF-polar,pglib_opf_case179_goc.m,pglib_opf_case179_goc.m,JuMP,1468,2200,7989,11612,9.8e-8,3.9444e-5,9.212e-6,0.000293472,0.001339416,0.0,0.0,0.0,0.096676431,unknown,unknown
OPF-polar,pglib_opf_case197_snem.m,pglib_opf_case197_snem.m,JuMP,1608,2397,8659,12592,1.13e-7,4.8788e-5,1.1538e-5,0.000279212,0.001392007,0.0,0.0,0.0,0.11828366,unknown,unknown
OPF-polar,pglib_opf_case200_activ.m,pglib_opf_case200_activ.m,JuMP,1456,2116,7431,10815,1.63e-7,3.5237e-5,1.1374e-5,0.000242952,0.001209951,0.0,0.0,0.0,0.095989641,unknown,unknown
OPF-polar,pglib_opf_case240_pserc.m,pglib_opf_case240_pserc.m,JuMP,2558,3617,13727,19712,2.21e-7,7.8794e-5,2.3237e-5,0.000417193,0.002592624,0.0,0.0,0.0,0.188234338,unknown,unknown
OPF-polar,pglib_opf_case300_ieee.m,pglib_opf_case300_ieee.m,JuMP,2382,3478,12500,18115,1.23e-7,7.2884e-5,1.7675e-5,0.000410594,0.002157687,0.0,0.0,0.0,0.170715242,unknown,unknown
OPF-polar,pglib_opf_case500_goc.m,pglib_opf_case500_goc.m,JuMP,4254,6097,22214,32123,3.98e-7,0.000145256,4.0746e-5,0.00073932,0.005703042,0.0,0.0,0.0,0.351342583,unknown,unknown
OPF-polar,pglib_opf_case588_sdet.m,pglib_opf_case588_sdet.m,JuMP,4110,5979,20839,30252,1.72e-7,0.00012713,3.452e-5,0.000717118,0.006374921,0.0,0.0,0.0,0.324914539,unknown,unknown
OPF-polar,pglib_opf_case793_goc.m,pglib_opf_case793_goc.m,JuMP,5432,7978,27681,40316,2.77e-7,0.000179961,4.5356e-5,0.000933245,0.01021046,0.0,0.0,0.0,0.565675132,unknown,unknown
OPF-polar,pglib_opf_case1354_pegase.m,pglib_opf_case1354_pegase.m,JuMP,11192,16646,61333,88686,3.58e-7,0.000456399,0.000108138,0.004803015,0.023162868,0.0,0.0,0.0,1.008494049,unknown,unknown
OPF-polar,pglib_opf_case1803_snem.m,pglib_opf_case1803_snem.m,JuMP,15246,23172,84547,123216,3.31e-7,0.000572624,0.00013177,0.006434729,0.055961325,0.0,0.0,0.0,1.315987228,unknown,unknown
OPF-polar,pglib_opf_case1888_rte.m,pglib_opf_case1888_rte.m,JuMP,14480,21494,76556,111409,4.41e-7,0.000537717,0.000139545,0.006952679,0.032642864,0.0,0.0,0.0,1.456561029,unknown,unknown
OPF-polar,pglib_opf_case1951_rte.m,pglib_opf_case1951_rte.m,JuMP,15018,22075,78637,114248,4.5e-7,0.00047129,0.000148805,0.005259458,0.029780303,0.0,0.0,0.0,1.355658242,unknown,unknown
OPF-polar,pglib_opf_case2000_goc.m,pglib_opf_case2000_goc.m,JuMP,19008,29432,109591,160098,5.98e-7,0.000798579,0.000165391,0.009489461,0.04443716,0.0,0.0,0.0,1.673921542,unknown,unknown
OPF-polar,pglib_opf_case2312_goc.m,pglib_opf_case2312_goc.m,JuMP,17128,25716,91153,132924,4.17e-7,0.000596725,0.00015923,0.009143471,0.036775938,0.0,0.0,0.0,1.423643292,unknown,unknown
OPF-polar,pglib_opf_case2383wp_k.m,pglib_opf_case2383wp_k.m,JuMP,17004,25039,87535,127424,1.26e-7,0.000531294,0.000135997,0.00645942,0.033922788,0.0,0.0,0.0,1.64644764,unknown,unknown
OPF-polar,pglib_opf_case2736sp_k.m,pglib_opf_case2736sp_k.m,JuMP,19088,28356,98612,143837,1.75e-7,0.000679855,0.000144243,0.00822474,0.042729759,0.0,0.0,0.0,1.992584723,unknown,unknown
OPF-polar,pglib_opf_case2737sop_k.m,pglib_opf_case2737sop_k.m,JuMP,18988,28358,98515,143842,1.3e-7,0.000604702,0.000125877,0.00789138,0.043504339,0.0,0.0,0.0,1.948940923,unknown,unknown
OPF-polar,pglib_opf_case2742_goc.m,pglib_opf_case2742_goc.m,JuMP,24540,38196,140570,205675,4.09e-7,0.000956111,0.000224259,0.013648074,0.066528671,0.0,0.0,0.0,2.706373852,unknown,unknown
OPF-polar,pglib_opf_case2746wop_k.m,pglib_opf_case2746wop_k.m,JuMP,19582,28642,100080,145515,1.6e-7,0.000617296,0.000148838,0.007777551,0.040091081,0.0,0.0,0.0,1.573905628,unknown,unknown
OPF-polar,pglib_opf_case2746wp_k.m,pglib_opf_case2746wp_k.m,JuMP,19520,28446,99283,144276,1.83e-7,0.000636828,0.000148217,0.007490111,0.043013941,0.0,0.0,0.0,1.647884063,unknown,unknown
OPF-polar,pglib_opf_case2848_rte.m,pglib_opf_case2848_rte.m,JuMP,21822,32129,114351,166192,6.59e-7,0.000723268,0.000222333,0.0097226,0.047512881,0.0,0.0,0.0,2.370061071,unknown,unknown
OPF-polar,pglib_opf_case2853_sdet.m,pglib_opf_case2853_sdet.m,JuMP,23028,33154,119665,172920,1.122e-6,0.00090429,0.000282913,0.010742485,0.050471699,0.0,0.0,0.0,2.047390089,unknown,unknown
OPF-polar,pglib_opf_case2868_rte.m,pglib_opf_case2868_rte.m,JuMP,22090,32393,115396,167585,7.9e-7,0.000784488,0.000246123,0.011000616,0.048274076,0.0,0.0,0.0,2.277587957,unknown,unknown
OPF-polar,pglib_opf_case2869_pegase.m,pglib_opf_case2869_pegase.m,JuMP,25086,37813,140724,203851,7.26e-7,0.002577205,0.00026147,0.014105034,0.057425367,0.0,0.0,0.0,2.579527366,unknown,unknown
OPF-polar,pglib_opf_case3012wp_k.m,pglib_opf_case3012wp_k.m,JuMP,21082,31029,107940,157177,1.75e-7,0.000718324,0.000159423,0.010231857,0.046650533,0.0,0.0,0.0,1.858946092,unknown,unknown
OPF-polar,pglib_opf_case3022_goc.m,pglib_opf_case3022_goc.m,JuMP,23238,34990,125203,182548,6.92e-7,0.001056057,0.000224622,0.011011037,0.053227814,0.0,0.0,0.0,2.341878527,unknown,unknown
OPF-polar,pglib_opf_case3120sp_k.m,pglib_opf_case3120sp_k.m,JuMP,21608,32092,111396,162501,1.82e-7,0.000725621,0.0001632,0.011324354,0.048461588,0.0,0.0,0.0,1.785853057,unknown,unknown
OPF-polar,pglib_opf_case3375wp_k.m,pglib_opf_case3375wp_k.m,JuMP,24350,35876,125798,183093,3.18e-7,0.000815694,0.000211498,0.01043225,0.052830261,0.0,0.0,0.0,2.47278385,unknown,unknown
OPF-polar,pglib_opf_case3970_goc.m,pglib_opf_case3970_goc.m,JuMP,35270,54428,200010,292282,7.2e-7,0.002131799,0.000375602,0.019371227,0.088024239,0.0,0.0,0.0,3.634539733,unknown,unknown
OPF-polar,pglib_opf_case4020_goc.m,pglib_opf_case4020_goc.m,JuMP,36696,56957,210388,307538,5.06e-7,0.002559002,0.000358242,0.019535636,0.089253367,0.0,0.0,0.0,3.711046486,unknown,unknown
OPF-polar,pglib_opf_case4601_goc.m,pglib_opf_case4601_goc.m,JuMP,38814,59596,216804,316835,6.56e-7,0.002024701,0.000379284,0.020602366,0.093550698,0.0,0.0,0.0,3.515828702,unknown,unknown
OPF-polar,pglib_opf_case4619_goc.m,pglib_opf_case4619_goc.m,JuMP,42532,66289,245400,358834,5.13e-7,0.0028162,0.000413929,0.02457113,0.107375017,0.0,0.0,0.0,4.275367841,unknown,unknown
OPF-polar,pglib_opf_case4661_sdet.m,pglib_opf_case4661_sdet.m,JuMP,34758,51302,182055,264564,9.18e-7,0.002713237,0.000404837,0.019175275,0.076141092,0.0,0.0,0.0,2.956655606,unknown,unknown
OPF-polar,pglib_opf_case4837_goc.m,pglib_opf_case4837_goc.m,JuMP,41398,64030,233663,341758,5.57e-7,0.004106907,0.000435421,0.022034702,0.095347598,0.0,0.0,0.0,4.016789453,unknown,unknown
OPF-polar,pglib_opf_case4917_goc.m,pglib_opf_case4917_goc.m,JuMP,37872,56917,203613,296835,1.141e-6,0.002119842,0.000411659,0.021825176,0.092021955,0.0,0.0,0.0,3.751953623,unknown,unknown
OPF-polar,pglib_opf_case5658_epigrids.m,pglib_opf_case5658_epigrids.m,JuMP,48552,74821,273109,399168,6.02e-7,0.004345905,0.000477535,0.02674783,0.118112158,0.0,0.0,0.0,4.646219497,unknown,unknown
OPF-polar,pglib_opf_case6468_rte.m,pglib_opf_case6468_rte.m,JuMP,49734,75937,270896,396097,4.9e-7,0.003529992,0.000479003,0.026691189,0.115184032,0.0,0.0,0.0,4.416093487,unknown,unknown
OPF-polar,pglib_opf_case6470_rte.m,pglib_opf_case6470_rte.m,JuMP,50482,75976,271746,396293,9.31e-7,0.003596886,0.000549339,0.028206702,0.116524469,0.0,0.0,0.0,4.596728836,unknown,unknown
OPF-polar,pglib_opf_case6495_rte.m,pglib_opf_case6495_rte.m,JuMP,50426,76124,272030,396935,8.68e-7,0.004135392,0.000576691,0.0289778,0.117967003,0.0,0.0,0.0,4.265694969,unknown,unknown
OPF-polar,pglib_opf_case6515_rte.m,pglib_opf_case6515_rte.m,JuMP,50546,76290,272581,397730,8.67e-7,0.003787026,0.0005771,0.027595805,0.11593334,0.0,0.0,0.0,4.61138109,unknown,unknown
OPF-polar,pglib_opf_case7336_epigrids.m,pglib_opf_case7336_epigrids.m,JuMP,62116,95306,346941,506838,8.0e-7,0.005851354,0.000698912,0.036151369,0.144241882,0.0,0.0,0.0,5.789633616,unknown,unknown
OPF-polar,pglib_opf_case8387_pegase.m,pglib_opf_case8387_pegase.m,JuMP,78748,118702,441065,641188,2.276e-6,0.007391277,0.0010652,0.043282504,0.186226378,0.0,0.0,0.0,7.313672493,unknown,unknown
OPF-polar,pglib_opf_case9241_pegase.m,pglib_opf_case9241_pegase.m,JuMP,85568,130826,491980,713775,1.781e-6,0.012380108,0.001043333,0.058214083,0.204268168,0.0,0.0,0.0,8.610777672,unknown,unknown
OPF-polar,pglib_opf_case9591_goc.m,pglib_opf_case9591_goc.m,JuMP,83572,130588,478303,700437,5.86e-7,0.008665847,0.000808864,0.048638324,0.207079203,0.0,0.0,0.0,11.200365896,unknown,unknown
OPF-polar,pglib_opf_case10000_goc.m,pglib_opf_case10000_goc.m,JuMP,76804,112352,400333,581513,2.681e-6,0.005648007,0.000946437,0.039283495,0.170126026,0.0,0.0,0.0,6.569174654,unknown,unknown
OPF-polar,pglib_opf_case10192_epigrids.m,pglib_opf_case10192_epigrids.m,JuMP,89850,139456,511761,749183,2.463e-6,0.00812776,0.001027261,0.049881861,0.219993075,0.0,0.0,0.0,9.696966141,unknown,unknown
OPF-polar,pglib_opf_case10480_goc.m,pglib_opf_case10480_goc.m,JuMP,96750,150874,558573,817120,1.579e-6,0.009811818,0.001049834,0.055689633,0.24624807,0.0,0.0,0.0,10.029996377,unknown,unknown
OPF-polar,pglib_opf_case13659_pegase.m,pglib_opf_case13659_pegase.m,JuMP,117370,170588,632457,910810,4.904e-6,0.013928539,0.00161982,0.071540296,0.265876203,0.0,0.0,0.0,12.520340838,unknown,unknown
OPF-polar,pglib_opf_case19402_goc.m,pglib_opf_case19402_goc.m,JuMP,179562,281733,1045514,1529676,1.797e-6,0.017353152,0.001992159,0.120932469,0.471205513,0.0,0.0,0.0,23.070557353,unknown,unknown
OPF-polar,pglib_opf_case20758_epigrids.m,pglib_opf_case20758_epigrids.m,JuMP,179236,274918,1005090,1469424,6.578e-6,0.016672264,0.002187545,0.104792943,0.468138766,0.0,0.0,0.0,22.700781546,unknown,unknown
OPF-polar,pglib_opf_case24464_goc.m,pglib_opf_case24464_goc.m,JuMP,203374,313641,1156996,1683585,2.704e-6,0.030253096,0.002387668,0.140364817,0.557348922,0.0,0.0,0.0,27.238938104,unknown,unknown
OPF-polar,pglib_opf_case30000_goc.m,pglib_opf_case30000_goc.m,JuMP,208624,307752,1069981,1558802,2.407e-6,0.019013358,0.002459927,0.114571678,0.475641655,0.0,0.0,0.0,25.414296491,unknown,unknown
OPF-polar,pglib_opf_case78484_epigrids.m,pglib_opf_case78484_epigrids.m,JuMP,674562,1039062,3794009,5544672,8.065e-6,0.08777469,0.009943461,0.507298611,1.972272568,0.0,0.0,0.0,89.277904778,unknown,unknown
OPF-rect,pglib_opf_case3_lmbd.m,pglib_opf_case3_lmbd.m,JuMP,24,34,115,128,7.7e-8,1.256e-6,9.88e-7,4.459e-6,2.082e-6,0.0,0.0,0.0,0.000660368,unknown,unknown
OPF-rect,pglib_opf_case5_pjm.m,pglib_opf_case5_pjm.m,JuMP,44,63,223,248,6.9e-8,2.191e-6,1.014e-6,8.198e-6,4.079e-6,0.0,0.0,0.0,0.000907121,unknown,unknown
OPF-rect,pglib_opf_case14_ieee.m,pglib_opf_case14_ieee.m,JuMP,118,197,709,758,7.2e-8,7.522e-6,1.307e-6,2.4912e-5,1.275e-5,0.0,0.0,0.0,0.002333914,unknown,unknown
OPF-rect,pglib_opf_case24_ieee_rts.m,pglib_opf_case24_ieee_rts.m,JuMP,266,363,1381,1564,1.42e-7,1.3303e-5,2.712e-6,4.35e-5,2.2718e-5,0.0,0.0,0.0,0.004511423,unknown,unknown
OPF-rect,pglib_opf_case30_ieee.m,pglib_opf_case30_ieee.m,JuMP,236,408,1449,1598,6.7e-8,1.5005e-5,1.539e-6,4.9874e-5,2.6054e-5,0.0,0.0,0.0,0.004659496,unknown,unknown
OPF-rect,pglib_opf_case30_as.m,pglib_opf_case30_as.m,JuMP,236,408,1449,1604,8.7e-8,1.4853e-5,1.662e-6,4.8983e-5,2.6713e-5,0.0,0.0,0.0,0.004464512,unknown,unknown
OPF-rect,pglib_opf_case39_epri.m,pglib_opf_case39_epri.m,JuMP,282,479,1649,1856,7.3e-8,1.714e-5,2.108e-6,5.4222e-5,2.7674e-5,0.0,0.0,0.0,0.005327285,unknown,unknown
OPF-rect,pglib_opf_case57_ieee.m,pglib_opf_case57_ieee.m,JuMP,448,789,2809,3058,7.3e-8,2.7373e-5,2.658e-6,0.000104243,5.3099e-5,0.0,0.0,0.0,0.008997416,unknown,unknown
OPF-rect,pglib_opf_case60_c.m,pglib_opf_case60_c.m,JuMP,518,857,3127,3176,8.7e-8,3.3724e-5,4.068e-6,0.000144385,6.5689e-5,0.0,0.0,0.0,0.009306107,unknown,unknown
OPF-rect,pglib_opf_case73_ieee_rts.m,pglib_opf_case73_ieee_rts.m,JuMP,824,1133,4337,4912,3.21e-7,4.9198e-5,7.29e-6,0.000167063,9.9031e-5,0.0,0.0,0.0,0.014520305,unknown,unknown
OPF-rect,pglib_opf_case89_pegase.m,pglib_opf_case89_pegase.m,JuMP,1042,1827,7241,8356,7.5e-8,9.671e-5,5.798e-6,0.000327028,0.000207417,0.0,0.0,0.0,0.020866511,unknown,unknown
OPF-rect,pglib_opf_case118_ieee.m,pglib_opf_case118_ieee.m,JuMP,1088,1775,6561,7460,8.3e-8,8.4125e-5,7.028e-6,0.000287975,0.000176634,0.0,0.0,0.0,0.020753187,unknown,unknown
OPF-rect,pglib_opf_case162_ieee_dtc.m,pglib_opf_case162_ieee_dtc.m,JuMP,1484,2637,9829,11112,7.4e-8,0.000131877,7.87e-6,0.000416706,0.000269572,0.0,0.0,0.0,0.030906987,unknown,unknown
OPF-rect,pglib_opf_case179_goc.m,pglib_opf_case179_goc.m,JuMP,1468,2558,9271,9926,8.8e-8,0.000120749,9.209e-6,0.000406327,0.000262527,0.0,0.0,0.0,0.027788341,unknown,unknown
OPF-rect,pglib_opf_case197_snem.m,pglib_opf_case197_snem.m,JuMP,1608,2791,10027,11672,1.02e-7,0.000133609,1.2204e-5,0.000414439,0.000290578,0.0,0.0,0.0,0.031565855,unknown,unknown
OPF-rect,pglib_opf_case200_activ.m,pglib_opf_case200_activ.m,JuMP,1456,2516,8725,10149,1.6e-7,0.000111282,1.0463e-5,0.000347565,0.000231104,0.0,0.0,0.0,0.03127402,unknown,unknown
OPF-rect,pglib_opf_case240_pserc.m,pglib_opf_case240_pserc.m,JuMP,2558,4097,15583,16868,2.26e-7,0.0002036,2.438e-5,0.000612765,0.000429035,0.0,0.0,0.0,0.047849095,unknown,unknown
OPF-rect,pglib_opf_case300_ieee.m,pglib_opf_case300_ieee.m,JuMP,2382,4078,14553,16112,1.27e-7,0.000196226,1.7671e-5,0.000626375,0.000407169,0.0,0.0,0.0,0.046165455,unknown,unknown
OPF-rect,pglib_opf_case500_goc.m,pglib_opf_case500_goc.m,JuMP,4254,7097,25701,29786,3.63e-7,0.000343159,3.9511e-5,0.001095419,0.00072893,0.0,0.0,0.0,0.087474596,unknown,unknown
OPF-rect,pglib_opf_case588_sdet.m,pglib_opf_case588_sdet.m,JuMP,4110,7155,24631,27968,1.69e-7,0.000338053,3.358e-5,0.001170135,0.00069105,0.0,0.0,0.0,0.079781347,unknown,unknown
OPF-rect,pglib_opf_case793_goc.m,pglib_opf_case793_goc.m,JuMP,5432,9564,32775,38034,2.7e-7,0.000533067,4.4085e-5,0.001794141,0.001082192,0.0,0.0,0.0,0.116241999,unknown,unknown
OPF-rect,pglib_opf_case1354_pegase.m,pglib_opf_case1354_pegase.m,JuMP,11192,19354,71813,83234,3.67e-7,0.001279121,0.000114178,0.005279624,0.003637441,0.0,0.0,0.0,0.274045393,unknown,unknown
OPF-rect,pglib_opf_case1803_snem.m,pglib_opf_case1803_snem.m,JuMP,15246,26778,97585,113590,3.21e-7,0.002277181,0.000131686,0.008133835,0.006918917,0.0,0.0,0.0,0.503120411,unknown,unknown
OPF-rect,pglib_opf_case1888_rte.m,pglib_opf_case1888_rte.m,JuMP,14480,25270,89215,100844,4.02e-7,0.001697775,0.000139809,0.00632529,0.007003586,0.0,0.0,0.0,0.427726362,unknown,unknown
OPF-rect,pglib_opf_case1951_rte.m,pglib_opf_case1951_rte.m,JuMP,15018,25977,91657,102432,4.5e-7,0.0017488,0.000148739,0.007232924,0.006031495,0.0,0.0,0.0,0.466606894,unknown,unknown
OPF-rect,pglib_opf_case2000_goc.m,pglib_opf_case2000_goc.m,JuMP,19008,33432,124981,146424,5.95e-7,0.003129593,0.000175033,0.009505804,0.009719008,0.0,0.0,0.0,0.655016202,unknown,unknown
OPF-rect,pglib_opf_case2312_goc.m,pglib_opf_case2312_goc.m,JuMP,17128,30340,106737,124404,4.24e-7,0.002556704,0.000146369,0.009217308,0.007795568,0.0,0.0,0.0,0.668919486,unknown,unknown
OPF-rect,pglib_opf_case2383wp_k.m,pglib_opf_case2383wp_k.m,JuMP,17004,29805,102859,117240,1.33e-7,0.002569278,0.000128601,0.00848496,0.007548558,0.0,0.0,0.0,0.677531355,unknown,unknown
OPF-rect,pglib_opf_case2736sp_k.m,pglib_opf_case2736sp_k.m,JuMP,19088,33828,116095,135048,1.52e-7,0.003190464,0.000152482,0.009629462,0.008823446,0.0,0.0,0.0,0.688808067,unknown,unknown
OPF-rect,pglib_opf_case2737sop_k.m,pglib_opf_case2737sop_k.m,JuMP,18988,33832,116007,135062,1.28e-7,0.003635471,0.000126139,0.009240598,0.009086709,0.0,0.0,0.0,0.577678351,unknown,unknown
OPF-rect,pglib_opf_case2742_goc.m,pglib_opf_case2742_goc.m,JuMP,24540,43680,160899,188620,3.46e-7,0.004401573,0.000212141,0.013264206,0.01398669,0.0,0.0,0.0,0.812672436,unknown,unknown
OPF-rect,pglib_opf_case2746wop_k.m,pglib_opf_case2746wop_k.m,JuMP,19582,34134,117685,136544,1.63e-7,0.003060314,0.000176906,0.009376414,0.009117478,0.0,0.0,0.0,0.560136492,unknown,unknown
OPF-rect,pglib_opf_case2746wp_k.m,pglib_opf_case2746wp_k.m,JuMP,19520,33938,116825,135466,2.07e-7,0.004874769,0.000148666,0.011811763,0.01054813,0.0,0.0,0.0,0.595940245,unknown,unknown
OPF-rect,pglib_opf_case2848_rte.m,pglib_opf_case2848_rte.m,JuMP,21822,37825,133343,152468,6.63e-7,0.004734614,0.000222187,0.011931758,0.011461736,0.0,0.0,0.0,0.607309356,unknown,unknown
OPF-rect,pglib_opf_case2853_sdet.m,pglib_opf_case2853_sdet.m,JuMP,23028,38860,139315,156618,1.024e-6,0.005663542,0.000266377,0.0136072,0.012147244,0.0,0.0,0.0,0.565661196,unknown,unknown
OPF-rect,pglib_opf_case2868_rte.m,pglib_opf_case2868_rte.m,JuMP,22090,38129,134517,153158,6.98e-7,0.003412477,0.000259823,0.009778232,0.010913572,0.0,0.0,0.0,0.617059056,unknown,unknown
OPF-rect,pglib_opf_case2869_pegase.m,pglib_opf_case2869_pegase.m,JuMP,25086,43551,163607,188462,6.62e-7,0.005300777,0.000278152,0.016507247,0.013467344,0.0,0.0,0.0,0.790655897,unknown,unknown
OPF-rect,pglib_opf_case3012wp_k.m,pglib_opf_case3012wp_k.m,JuMP,21082,37053,127141,147682,1.96e-7,0.003550325,0.000159433,0.009726973,0.010601383,0.0,0.0,0.0,0.705328533,unknown,unknown
OPF-rect,pglib_opf_case3022_goc.m,pglib_opf_case3022_goc.m,JuMP,23238,41034,146059,167764,6.97e-7,0.005609789,0.000224417,0.014561008,0.012095073,0.0,0.0,0.0,0.692606262,unknown,unknown
OPF-rect,pglib_opf_case3120sp_k.m,pglib_opf_case3120sp_k.m,JuMP,21608,38332,131271,152700,1.61e-7,0.00356234,0.000163107,0.009595973,0.01051845,0.0,0.0,0.0,0.569739899,unknown,unknown
OPF-rect,pglib_opf_case3375wp_k.m,pglib_opf_case3375wp_k.m,JuMP,24350,42624,147625,171344,2.93e-7,0.005029417,0.000226528,0.013849211,0.012020415,0.0,0.0,0.0,0.761730555,unknown,unknown
OPF-rect,pglib_opf_case3970_goc.m,pglib_opf_case3970_goc.m,JuMP,35270,62368,229185,268329,6.09e-7,0.007502449,0.000365311,0.019510315,0.019949922,0.0,0.0,0.0,1.267967341,unknown,unknown
OPF-rect,pglib_opf_case4020_goc.m,pglib_opf_case4020_goc.m,JuMP,36696,64997,240487,281733,5.23e-7,0.008211602,0.000358061,0.020382454,0.021720249,0.0,0.0,0.0,1.305118202,unknown,unknown
OPF-rect,pglib_opf_case4601_goc.m,pglib_opf_case4601_goc.m,JuMP,38814,68798,249623,292062,7.5e-7,0.008335938,0.000412267,0.021755107,0.022611084,0.0,0.0,0.0,1.337595609,unknown,unknown
OPF-rect,pglib_opf_case4619_goc.m,pglib_opf_case4619_goc.m,JuMP,42532,75527,280381,328615,5.26e-7,0.011517711,0.000414208,0.027515232,0.026611561,0.0,0.0,0.0,1.44734044,unknown,unknown
OPF-rect,pglib_opf_case4661_sdet.m,pglib_opf_case4661_sdet.m,JuMP,34758,60624,213389,246806,1.002e-6,0.007773701,0.000382055,0.020058821,0.018723445,0.0,0.0,0.0,1.232934694,unknown,unknown
OPF-rect,pglib_opf_case4837_goc.m,pglib_opf_case4837_goc.m,JuMP,41398,73704,268589,314564,5.55e-7,0.009151856,0.00040031,0.023678104,0.024838488,0.0,0.0,0.0,1.477220763,unknown,unknown
OPF-rect,pglib_opf_case4917_goc.m,pglib_opf_case4917_goc.m,JuMP,37872,66751,237431,274769,1.174e-6,0.008014527,0.00041059,0.022088252,0.021661325,0.0,0.0,0.0,1.314123535,unknown,unknown
OPF-rect,pglib_opf_case5658_epigrids.m,pglib_opf_case5658_epigrids.m,JuMP,48552,86137,313885,367368,6.2e-7,0.009638934,0.000508734,0.027495688,0.029453337,0.0,0.0,0.0,1.775048307,unknown,unknown
OPF-rect,pglib_opf_case6468_rte.m,pglib_opf_case6468_rte.m,JuMP,49734,88873,314865,365810,5.84e-7,0.011939809,0.000521024,0.029840744,0.027735394,0.0,0.0,0.0,1.839364882,unknown,unknown
OPF-rect,pglib_opf_case6470_rte.m,pglib_opf_case6470_rte.m,JuMP,50482,88916,315709,365612,8.84e-7,0.013718349,0.00054879,0.030814884,0.02980684,0.0,0.0,0.0,1.611493803,unknown,unknown
OPF-rect,pglib_opf_case6495_rte.m,pglib_opf_case6495_rte.m,JuMP,50426,89114,316147,365864,7.95e-7,0.014875174,0.000548984,0.034048495,0.031049194,0.0,0.0,0.0,1.68136259,unknown,unknown
OPF-rect,pglib_opf_case6515_rte.m,pglib_opf_case6515_rte.m,JuMP,50546,89320,316817,366514,8.02e-7,0.013873895,0.0005951,0.033198153,0.031742623,0.0,0.0,0.0,1.689502059,unknown,unknown
OPF-rect,pglib_opf_case7336_epigrids.m,pglib_opf_case7336_epigrids.m,JuMP,62116,109978,399325,467070,7.98e-7,0.013817735,0.00073048,0.037129414,0.037133011,0.0,0.0,0.0,2.061992483,unknown,unknown
OPF-rect,pglib_opf_case8387_pegase.m,pglib_opf_case8387_pegase.m,JuMP,78748,135476,504239,580410,2.206e-6,0.019254494,0.000979623,0.050233048,0.04661813,0.0,0.0,0.0,3.992584255,unknown,unknown
OPF-rect,pglib_opf_case9241_pegase.m,pglib_opf_case9241_pegase.m,JuMP,85568,149308,568661,651944,1.779e-6,0.023203286,0.001039899,0.061716499,0.052628836,0.0,0.0,0.0,3.42276274,unknown,unknown
OPF-rect,pglib_opf_case9591_goc.m,pglib_opf_case9591_goc.m,JuMP,83572,149770,548619,643433,5.87e-7,0.022779223,0.000816638,0.053767367,0.050630706,0.0,0.0,0.0,4.347644812,unknown,unknown
OPF-rect,pglib_opf_case10000_goc.m,pglib_opf_case10000_goc.m,JuMP,76804,132352,467229,542865,2.54e-6,0.027582903,0.000946767,0.047284132,0.045367965,0.0,0.0,0.0,3.016818508,unknown,unknown
OPF-rect,pglib_opf_case10192_epigrids.m,pglib_opf_case10192_epigrids.m,JuMP,89850,159834,586541,687875,2.329e-6,0.023544297,0.000983264,0.05452318,0.055251364,0.0,0.0,0.0,3.940406534,unknown,unknown
OPF-rect,pglib_opf_case10480_goc.m,pglib_opf_case10480_goc.m,JuMP,96750,171834,637859,747934,1.586e-6,0.030318991,0.001052691,0.068718294,0.061174282,0.0,0.0,0.0,4.756145233,unknown,unknown
OPF-rect,pglib_opf_case13659_pegase.m,pglib_opf_case13659_pegase.m,JuMP,117370,197906,738289,835838,4.757e-6,0.032660617,0.00161856,0.074039157,0.066968148,0.0,0.0,0.0,5.354751251,unknown,unknown
OPF-rect,pglib_opf_case19402_goc.m,pglib_opf_case19402_goc.m,JuMP,179562,320537,1194981,1401511,1.746e-6,0.06231636,0.001936327,0.132388327,0.116585006,0.0,0.0,0.0,8.67716275,unknown,unknown
OPF-rect,pglib_opf_case20758_epigrids.m,pglib_opf_case20758_epigrids.m,JuMP,179236,316434,1155259,1352801,6.581e-6,0.060068207,0.002149814,0.128575943,0.124539548,0.0,0.0,0.0,7.821746727,unknown,unknown
OPF-rect,pglib_opf_case24464_goc.m,pglib_opf_case24464_goc.m,JuMP,203374,362569,1349817,1573878,2.782e-6,0.080557456,0.002388449,0.172394697,0.137433873,0.0,0.0,0.0,9.782966964,unknown,unknown
OPF-rect,pglib_opf_case30000_goc.m,pglib_opf_case30000_goc.m,JuMP,208624,367752,1261905,1467582,2.273e-6,0.076164123,0.00245877,0.150020668,0.129637682,0.0,0.0,0.0,9.96552126,unknown,unknown
OPF-rect,pglib_opf_case78484_epigrids.m,pglib_opf_case78484_epigrids.m,JuMP,674562,1196018,4359963,5102458,7.409e-6,0.250332094,0.009330309,0.530241192,0.491253671,0.0,0.0,0.0,32.232699268,unknown,unknown
LV,rosenrock,20,ExaModels,20,18,54,165,0.003616142,0.000714473,0.003061277,0.001682378,0.002351785,0.006788314,0.004411924,0.003423985,0.400145685,oneAPI-Intel(R) Arc(TM) A770 Graphics,shin-compute-002
LV,rosenrock,2000,ExaModels,2000,1998,5994,17985,0.006679452,0.00093751,0.007986033,0.002079143,0.002335923,0.005321427,0.003562349,0.003337087,0.164938489,oneAPI-Intel(R) Arc(TM) A770 Graphics,shin-compute-002
LV,rosenrock,200000,ExaModels,200000,199998,599994,1799985,0.00364957,0.000875304,0.00441102,0.002519758,0.002890196,0.004359031,0.003299009,0.003106928,1.298985578,oneAPI-Intel(R) Arc(TM) A770 Graphics,shin-compute-002
LV,wood,20,ExaModels,20,13,39,102,0.002491792,0.002752569,0.003376067,0.002008115,0.003090776,0.00611106,0.003385252,0.003677036,0.405117121,oneAPI-Intel(R) Arc(TM) A770 Graphics,shin-compute-002
LV,wood,2000,ExaModels,2000,1993,5979,12972,0.002355303,0.002664245,0.00274167,0.002230742,0.003314409,0.004875046,0.009788326,0.004610783,0.591231374,oneAPI-Intel(R) Arc(TM) A770 Graphics,shin-compute-002
LV,wood,200000,ExaModels,200000,199993,599979,1299972,0.003379883,0.002607151,0.002659081,0.003227272,0.003055123,0.004333599,0.004845899,0.00469203,0.611034731,oneAPI-Intel(R) Arc(TM) A770 Graphics,shin-compute-002
LV,chained_powell,20,ExaModels,20,2,4,79,0.002358236,0.001247474,0.003860846,0.002070257,0.006004642,0.004052974,0.005058443,0.003836326,0.311423679,oneAPI-Intel(R) Arc(TM) A770 Graphics,shin-compute-002
LV,chained_powell,2000,ExaModels,2000,2,4,7999,0.002272955,0.001445476,0.002918062,0.00190769,0.002733165,0.005482152,0.024536992,0.004237654,0.608259777,oneAPI-Intel(R) Arc(TM) A770 Graphics,shin-compute-002
LV,chained_powell,200000,ExaModels,200000,2,4,799999,0.002725522,0.001054574,0.003195596,0.020855776,0.003338552,0.003939509,0.005864334,0.003303674,0.888103497,oneAPI-Intel(R) Arc(TM) A770 Graphics,shin-compute-002
LV,cragg_levy,20,ExaModels,20,18,54,135,0.002444896,0.002874221,0.003691404,0.00221747,0.002904668,0.006656138,0.003192052,0.036089647,0.374982403,oneAPI-Intel(R) Arc(TM) A770 Graphics,shin-compute-002
LV,cragg_levy,2000,ExaModels,2000,1998,5994,14985,0.003628635,0.000538943,0.003007856,0.002357395,0.002340867,0.005506652,0.004463363,0.004171092,0.491605981,oneAPI-Intel(R) Arc(TM) A770 Graphics,shin-compute-002
LV,cragg_levy,200000,ExaModels,200000,199998,599994,1499985,0.003610855,0.000838583,0.005355872,0.001674407,0.005609999,0.006034348,0.010321534,0.004447042,0.547594786,oneAPI-Intel(R) Arc(TM) A770 Graphics,shin-compute-002
LV,broyden_tridiagonal,20,ExaModels,20,16,80,194,0.003800952,0.001237636,0.005075721,0.001626006,0.003237701,0.005298485,0.002700171,0.00290864,0.34468991,oneAPI-Intel(R) Arc(TM) A770 Graphics,shin-compute-002
LV,broyden_tridiagonal,2000,ExaModels,2000,1996,9980,21974,0.004651193,0.000565617,0.0043493,0.001744245,0.003472179,0.006393299,0.004331783,0.023202559,0.872669277,oneAPI-Intel(R) Arc(TM) A770 Graphics,shin-compute-002
LV,broyden_tridiagonal,200000,ExaModels,200000,199996,999980,2199974,0.007272872,0.000802422,0.006383194,0.001775821,0.007274665,0.005598427,0.003902663,0.011280825,1.059816847,oneAPI-Intel(R) Arc(TM) A770 Graphics,shin-compute-002
LV,broyden_banded,20,ExaModels,40,29,167,258,0.002536158,0.003420549,0.0037494,0.049792798,0.017307033,0.03149824,0.00765222,0.006893547,0.744174748,oneAPI-Intel(R) Arc(TM) A770 Graphics,shin-compute-002
LV,broyden_banded,2000,ExaModels,4000,2999,18977,27978,0.002752006,0.048615403,0.003400466,0.03028906,0.006288264,0.004704808,0.006746938,0.014047029,1.217814151,oneAPI-Intel(R) Arc(TM) A770 Graphics,shin-compute-002
LV,broyden_banded,200000,ExaModels,400000,299999,1899977,2799978,0.007075871,0.006040781,0.007866891,0.006881746,0.008824587,0.005898928,0.013654896,0.026993617,2.052655716,oneAPI-Intel(R) Arc(TM) A770 Graphics,shin-compute-002
LV,trigo_tridiagonal,20,ExaModels,20,4,14,69,0.002388581,0.003647878,0.003311291,0.003646369,0.004301383,0.006820911,0.00543476,0.004898957,0.692055518,oneAPI-Intel(R) Arc(TM) A770 Graphics,shin-compute-002
LV,trigo_tridiagonal,2000,ExaModels,2000,4,14,6009,0.004923816,0.003208583,0.00314194,0.00590904,0.028223288,0.003807899,0.006143076,0.005381759,0.648175338,oneAPI-Intel(R) Arc(TM) A770 Graphics,shin-compute-002
LV,trigo_tridiagonal,200000,ExaModels,200000,4,14,600009,0.005956863,0.005466938,0.003917527,0.027601243,0.004569552,0.003741959,0.00486103,0.005638033,1.046640069,oneAPI-Intel(R) Arc(TM) A770 Graphics,shin-compute-002
LV,augmented_lagrangian,20,ExaModels,20,18,54,106,0.009096928,0.00056711,0.002494319,0.001233271,0.00324612,0.008774512,0.004034488,0.007622292,0.409669945,oneAPI-Intel(R) Arc(TM) A770 Graphics,shin-compute-002
LV,augmented_lagrangian,2000,ExaModels,2000,1998,5994,10798,0.002629552,0.004359759,0.00349294,0.001714719,0.002466198,0.005614362,0.005581273,0.00231447,0.863243489,oneAPI-Intel(R) Arc(TM) A770 Graphics,shin-compute-002
LV,augmented_lagrangian,200000,ExaModels,200000,199998,599994,1079998,0.004776697,0.000694509,0.006179971,0.002032858,0.006560924,0.010911476,0.005983835,0.00393393,0.71384131,oneAPI-Intel(R) Arc(TM) A770 Graphics,shin-compute-002
LV,modified_brown,20,ExaModels,20,6,30,61,0.002664069,0.00549539,0.002142532,0.005781602,0.060122701,0.004375815,0.006378199,0.007292119,0.723757939,oneAPI-Intel(R) Arc(TM) A770 Graphics,shin-compute-002
LV,modified_brown,2000,ExaModels,2000,6,30,3031,0.003146834,0.002688542,0.004656684,0.021103736,0.006271833,0.004268988,0.005801073,0.022001914,0.681225483,oneAPI-Intel(R) Arc(TM) A770 Graphics,shin-compute-002
LV,modified_brown,200000,ExaModels,200000,6,30,300031,0.027347895,0.00650679,0.005413212,0.007333068,0.008817093,0.006035459,0.00813173,0.009641157,1.318694695,oneAPI-Intel(R) Arc(TM) A770 Graphics,shin-compute-002
LV,generalized_brown,20,ExaModels,20,18,54,58,0.001985174,0.001082897,0.002875059,0.003569185,0.016398585,0.003103484,0.003169422,0.003713576,0.458092732,oneAPI-Intel(R) Arc(TM) A770 Graphics,shin-compute-002
LV,generalized_brown,2000,ExaModels,2000,1998,5994,5998,0.001987376,0.000775267,0.003431174,0.002004093,0.037267103,0.004728587,0.008527347,0.017165804,0.360788401,oneAPI-Intel(R) Arc(TM) A770 Graphics,shin-compute-002
LV,generalized_brown,200000,ExaModels,200000,199998,599994,599998,0.009368124,0.000690279,0.005794192,0.002320943,0.002505103,0.007212485,0.004238054,0.00326863,0.343260486,oneAPI-Intel(R) Arc(TM) A770 Graphics,shin-compute-002
LV,chained_hs46,20,ExaModels,20,11,33,79,0.001980292,0.001321584,0.002815571,0.002793073,0.002880005,0.003283522,0.011166709,0.003243382,0.994562022,oneAPI-Intel(R) Arc(TM) A770 Graphics,shin-compute-002
LV,chained_hs46,2000,ExaModels,2000,1331,3993,9319,0.001897448,0.000932206,0.003866265,0.016686083,0.002818552,0.005582114,0.004122447,0.006071411,0.440702828,oneAPI-Intel(R) Arc(TM) A770 Graphics,shin-compute-002
LV,chained_hs46,200000,ExaModels,200000,133331,399993,933319,0.006265425,0.001671592,0.013538327,0.015582952,0.034270035,0.00449629,0.004349911,0.011914614,0.650485165,oneAPI-Intel(R) Arc(TM) A770 Graphics,shin-compute-002
LV,chained_hs47,20,ExaModels,20,11,30,57,0.002170639,0.013971984,0.001725165,0.014402438,0.027815774,0.004236203,0.004985055,0.004445042,1.055158166,oneAPI-Intel(R) Arc(TM) A770 Graphics,shin-compute-002
LV,chained_hs47,2000,ExaModels,2000,1496,3990,7482,0.002400767,0.024499867,0.004181,0.00442786,0.007350753,0.003625635,0.021902734,0.017877683,0.693325811,oneAPI-Intel(R) Arc(TM) A770 Graphics,shin-compute-002
LV,chained_hs47,200000,ExaModels,200000,149996,399990,749982,0.005730792,0.004048368,0.003834741,0.004452186,0.003679666,0.004451083,0.072703123,0.015118758,0.928872445,oneAPI-Intel(R) Arc(TM) A770 Graphics,shin-compute-002
LV,chained_hs48,20,ExaModels,20,12,48,54,0.002231992,0.000914331,0.00292656,0.016395055,0.003421614,0.003943783,0.008807611,0.007938652,1.154752661,oneAPI-Intel(R) Arc(TM) A770 Graphics,shin-compute-002
LV,chained_hs48,2000,ExaModels,2000,1332,5328,5994,0.003875699,0.001041194,0.006097349,0.010880698,0.003258239,0.010982847,0.004062912,0.003073741,1.145221565,oneAPI-Intel(R) Arc(TM) A770 Graphics,shin-compute-002
LV,chained_hs48,200000,ExaModels,200000,133332,533328,599994,0.011848697,0.001557575,0.018138897,0.003498685,0.003794889,0.003582003,0.00505821,0.03360488,0.304723079,oneAPI-Intel(R) Arc(TM) A770 Graphics,shin-compute-002
LV,chained_hs49,20,ExaModels,20,12,36,48,0.003226044,0.001014727,0.006295237,0.003230203,0.003590637,0.029828728,0.004917094,0.003958563,0.689840671,oneAPI-Intel(R) Arc(TM) A770 Graphics,shin-compute-002
LV,chained_hs49,2000,ExaModels,2000,1332,3996,5328,0.002415933,0.001598415,0.004282717,0.003416387,0.010048641,0.025389039,0.004482716,0.005081637,0.752710343,oneAPI-Intel(R) Arc(TM) A770 Graphics,shin-compute-002
LV,chained_hs49,200000,ExaModels,200000,133332,399996,533328,0.004163167,0.001284218,0.022109481,0.002168923,0.013380918,0.003844991,0.004247674,0.039812447,0.589312047,oneAPI-Intel(R) Arc(TM) A770 Graphics,shin-compute-002
LV,chained_hs50,20,ExaModels,20,11,33,51,0.002238916,0.002541863,0.003553025,0.003504056,0.00525727,0.004290235,0.020018748,0.032550843,0.375674638,oneAPI-Intel(R) Arc(TM) A770 Graphics,shin-compute-002
LV,chained_hs50,2000,ExaModels,2000,1496,4488,6486,0.001939741,0.002029415,0.010537233,0.007100234,0.043704455,0.012639929,0.006566356,0.00512452,0.829853344,oneAPI-Intel(R) Arc(TM) A770 Graphics,shin-compute-002
LV,chained_hs50,200000,ExaModels,200000,149996,449988,649986,0.004722393,0.001586729,0.004803127,0.022737788,0.005256676,0.0071613,0.016812263,0.010342887,0.655564974,oneAPI-Intel(R) Arc(TM) A770 Graphics,shin-compute-002
LV,chained_hs51,20,ExaModels,20,11,26,39,0.00409434,0.001813747,0.003305043,0.006136506,0.019541454,0.032509317,0.003878921,0.00589505,0.953795811,oneAPI-Intel(R) Arc(TM) A770 Graphics,shin-compute-002
LV,chained_hs51,2000,ExaModels,2000,1496,3491,4989,0.003584382,0.001578895,0.003535762,0.007572815,0.003935725,0.003375519,0.004059842,0.056503217,0.830103763,oneAPI-Intel(R) Arc(TM) A770 Graphics,shin-compute-002
LV,chained_hs51,200000,ExaModels,200000,149996,349991,499989,0.017329927,0.001894652,0.007664665,0.009380514,0.00399574,0.004590439,0.00897495,0.008850722,0.928934571,oneAPI-Intel(R) Arc(TM) A770 Graphics,shin-compute-002
LV,chained_hs52,20,ExaModels,20,11,26,39,0.010045683,0.003078203,0.038139838,0.003014002,0.016106297,0.003820377,0.006427517,0.003669861,0.583434782,oneAPI-Intel(R) Arc(TM) A770 Graphics,shin-compute-002
LV,chained_hs52,2000,ExaModels,2000,1496,3491,4989,0.002340243,0.001549286,0.002997811,0.003992705,0.003933625,0.004299856,0.033442963,0.00409787,0.65432393,oneAPI-Intel(R) Arc(TM) A770 Graphics,shin-compute-002
LV,chained_hs52,200000,ExaModels,200000,149996,349991,499989,0.003066542,0.001726775,0.005956517,0.017939939,0.003227846,0.004240782,0.006894295,0.005055248,0.775266723,oneAPI-Intel(R) Arc(TM) A770 Graphics,shin-compute-002
LV,chained_hs53,20,ExaModels,20,11,26,39,0.002995402,0.00167798,0.010656797,0.046006743,0.007808417,0.004184297,0.03651276,0.013552302,0.614883017,oneAPI-Intel(R) Arc(TM) A770 Graphics,shin-compute-002
LV,chained_hs53,2000,ExaModels,2000,1496,3491,4989,0.002758209,0.001994552,0.005323784,0.027196799,0.005004426,0.014560934,0.004666314,0.005132575,2.034399084,oneAPI-Intel(R) Arc(TM) A770 Graphics,shin-compute-002
LV,chained_hs53,200000,ExaModels,200000,149996,349991,499989,0.003898863,0.001982249,0.005448821,0.003241474,0.004135891,0.008394724,0.007425783,0.015933299,2.181894463,oneAPI-Intel(R) Arc(TM) A770 Graphics,shin-compute-002
COPS,bearing,"(5, 5)",ExaModels,49,28,28,360,0.005921276,0.015523041,0.013575116,0.00509953,0.006710289,0.007769458,0.058290994,0.037545646,0.741734557,oneAPI-Intel(R) Arc(TM) A770 Graphics,shin-compute-002
COPS,bearing,"(35, 35)",ExaModels,1369,148,148,12960,0.041776078,0.002821621,0.007280555,0.004262033,0.025979656,0.087905651,0.023825356,0.008984124,1.763203568,oneAPI-Intel(R) Arc(TM) A770 Graphics,shin-compute-002
COPS,bearing,"(320, 320)",ExaModels,103684,1288,1288,1030410,0.005135369,0.005964186,0.010553986,0.019077111,0.012829607,0.034939909,0.007606827,0.00644913,2.044920565,oneAPI-Intel(R) Arc(TM) A770 Graphics,shin-compute-002
COPS,camshape,20,ExaModels,20,43,100,115,0.002614225,0.007243443,0.00275923,0.007976869,0.012066652,0.004205864,0.014503055,0.057679086,2.024275991,oneAPI-Intel(R) Arc(TM) A770 Graphics,shin-compute-002
COPS,camshape,2000,ExaModels,2000,4003,10000,11995,0.003892996,0.017558517,0.003441939,0.00883703,0.088721651,0.005395388,0.01004151,0.05645169,1.468318401,oneAPI-Intel(R) Arc(TM) A770 Graphics,shin-compute-002
COPS,camshape,170000,ExaModels,170000,340003,850000,1019995,0.002183052,0.004649207,0.049580238,0.008811102,0.006875658,0.010788173,0.00770457,0.008504305,1.168000138,oneAPI-Intel(R) Arc(TM) A770 Graphics,shin-compute-002
COPS,catmix,3,ExaModels,71,62,266,144,0.035833873,0.01883957,0.059829684,0.016566354,0.008776343,0.00413729,0.01370162,0.012591873,1.196635859,oneAPI-Intel(R) Arc(TM) A770 Graphics,shin-compute-002
COPS,catmix,200,ExaModels,4602,4002,17602,10191,0.004292469,0.004050053,0.004720675,0.008539873,0.006057081,0.005761862,0.009882897,0.009540034,1.201770379,oneAPI-Intel(R) Arc(TM) A770 Graphics,shin-compute-002
COPS,catmix,20000,ExaModels,460002,400002,1760002,1019991,0.003274133,0.004425974,0.030037638,0.008577566,0.010361658,0.004985065,0.038791201,0.208074384,1.448595456,oneAPI-Intel(R) Arc(TM) A770 Graphics,shin-compute-002
COPS,chain,50,ExaModels,48,38,159,88,0.002454858,0.004787976,0.002953652,0.029650845,0.00861817,0.003048557,0.010142627,0.030274686,1.898203221,oneAPI-Intel(R) Arc(TM) A770 Graphics,shin-compute-002
COPS,chain,5000,ExaModels,5000,3752,17491,9992,0.002512608,0.005361056,0.002369979,0.007118365,0.070057598,0.01191444,0.085684182,0.016847676,2.678108899,oneAPI-Intel(R) Arc(TM) A770 Graphics,shin-compute-002
COPS,chain,500000,ExaModels,500000,375002,1749991,999992,0.005031284,0.00502975,0.003852312,0.006760069,0.041225926,0.029749307,0.022247645,0.063117349,3.298340143,oneAPI-Intel(R) Arc(TM) A770 Graphics,shin-compute-002
COPS,channel,5,ExaModels,200,200,1521,120,0.002676542,0.019189567,0.000515849,0.066327033,0.006532772,0.004210551,0.062517027,0.00927787,1.160008542,oneAPI-Intel(R) Arc(TM) A770 Graphics,shin-compute-002
COPS,channel,400,ExaModels,16000,16000,123181,9600,0.002512167,0.014025834,0.000835917,0.036385065,0.007483356,0.004977263,0.011428872,0.010398048,1.156194748,oneAPI-Intel(R) Arc(TM) A770 Graphics,shin-compute-002
COPS,channel,42000,ExaModels,1680000,1680000,12935981,1008000,0.00586671,0.010600669,0.000912923,0.008866373,0.040184561,0.049625457,0.01436021,0.014243603,4.495656677,oneAPI-Intel(R) Arc(TM) A770 Graphics,shin-compute-002
COPS,dirichlet,5,ExaModels,10564,8331,62619,71172,0.004858724,0.025730183,0.013045527,0.137850189,0.019503924,0.039205948,0.041700893,0.138992214,1.056163755,oneAPI-Intel(R) Arc(TM) A770 Graphics,shin-compute-002
COPS,dirichlet,20,ExaModels,33199,24261,197154,227097,0.00240607,0.007291165,0.010697377,0.069806269,0.043242761,0.064398991,0.036805947,0.110437251,1.221814028,oneAPI-Intel(R) Arc(TM) A770 Graphics,shin-compute-002
COPS,dirichlet,100,ExaModels,153919,109221,914674,1058697,0.002602227,0.014829266,0.005939443,0.010460714,0.009003528,0.068297875,0.008457638,0.015046956,2.65259033,oneAPI-Intel(R) Arc(TM) A770 Graphics,shin-compute-002
COPS,elec,5,ExaModels,15,5,15,225,0.003333495,0.000523336,0.002681121,0.002396491,0.002453191,0.004221604,0.039011265,0.012337352,0.568670519,oneAPI-Intel(R) Arc(TM) A770 Graphics,shin-compute-002
COPS,elec,50,ExaModels,150,50,150,25875,0.002786724,0.000452814,0.005838258,0.019983247,0.006423986,0.022518485,0.003084901,0.003581288,0.49415291,oneAPI-Intel(R) Arc(TM) A770 Graphics,shin-compute-002
COPS,elec,200,ExaModels,600,200,600,418500,0.003803383,0.000492525,0.005870901,0.001747621,0.00247593,0.055897534,0.002196467,0.002839088,0.858355256,oneAPI-Intel(R) Arc(TM) A770 Graphics,shin-compute-002
COPS,gasoil,2,ExaModels,55,52,262,734,0.009205284,0.011303116,0.010049559,0.011260843,0.008299027,0.004797222,0.007107767,0.035858599,2.068780594,oneAPI-Intel(R) Arc(TM) A770 Graphics,shin-compute-002
COPS,gasoil,200,ExaModels,5203,5200,27190,11822,0.002299734,0.042189054,0.002529339,0.007162343,0.009604906,0.011171582,0.09373501,0.007318832,1.814580714,oneAPI-Intel(R) Arc(TM) A770 Graphics,shin-compute-002
COPS,gasoil,18000,ExaModels,468003,468000,2447990,1008622,0.005311473,0.005477801,0.005165799,0.005219026,0.009305753,0.23856236,0.03406185,0.091619961,2.491692587,oneAPI-Intel(R) Arc(TM) A770 Graphics,shin-compute-002
COPS,marine,2,ExaModels,79,56,194,644,0.00394824,0.007113031,0.003713404,0.021422156,0.010617196,0.005529388,0.035229087,0.015379033,1.334028647,oneAPI-Intel(R) Arc(TM) A770 Graphics,shin-compute-002
COPS,marine,150,ExaModels,4815,4792,16326,11596,0.006907748,0.004265892,0.025045717,0.006163385,0.04125375,0.058381614,0.008959547,0.021909579,2.39138268,oneAPI-Intel(R) Arc(TM) A770 Graphics,shin-compute-002
COPS,marine,14000,ExaModels,448015,447992,1525976,1036496,0.003386121,0.014394848,0.003820723,0.029218726,0.012577956,0.103185192,0.036648442,0.048743605,2.441782992,oneAPI-Intel(R) Arc(TM) A770 Graphics,shin-compute-002
COPS,methanol,2,ExaModels,65,60,312,993,0.002483327,0.0168355,0.003048222,0.035254442,0.036338084,0.010181207,0.110709544,0.03748915,2.161984165,oneAPI-Intel(R) Arc(TM) A770 Graphics,shin-compute-002
COPS,methanol,50,ExaModels,1505,1500,8088,12801,0.004061881,0.04865339,0.002295474,0.00785672,0.037035872,0.01865833,0.01863433,0.037328988,2.442158245,oneAPI-Intel(R) Arc(TM) A770 Graphics,shin-compute-002
COPS,methanol,4000,ExaModels,120005,120000,647988,984501,0.003215392,0.010021592,0.00374276,0.007723995,0.037041063,0.193194061,0.015139782,0.05085592,2.128762407,oneAPI-Intel(R) Arc(TM) A770 Graphics,shin-compute-002
COPS,minsurf,"(5, 5)",ExaModels,49,102,102,504,0.00579656,0.006271156,0.026455604,0.023997109,0.055531051,0.005146727,0.009867092,0.07823589,0.631322065,oneAPI-Intel(R) Arc(TM) A770 Graphics,shin-compute-002
COPS,minsurf,"(30, 30)",ExaModels,1024,1476,1476,13454,0.003927671,0.047724402,0.00855824,0.033299743,0.016298343,0.03459212,0.00659837,0.009433984,2.374211337,oneAPI-Intel(R) Arc(TM) A770 Graphics,shin-compute-002
COPS,minsurf,"(280, 280)",ExaModels,79524,100816,100816,1105454,0.060898572,0.008054246,0.033448611,0.005729815,0.032538753,0.042390466,0.005790969,0.040854562,1.815466746,oneAPI-Intel(R) Arc(TM) A770 Graphics,shin-compute-002
COPS,pinene,2,ExaModels,105,100,438,595,0.004680452,0.005174555,0.013077505,0.032699186,0.108216645,0.004639457,0.03964361,0.042059766,1.411330259,oneAPI-Intel(R) Arc(TM) A770 Graphics,shin-compute-002
COPS,pinene,100,ExaModels,5005,5000,22880,10885,0.005504411,0.02412487,0.006726634,0.070076257,0.024148968,0.020780123,0.084476899,0.020867075,2.408683439,oneAPI-Intel(R) Arc(TM) A770 Graphics,shin-compute-002
COPS,pinene,10000,ExaModels,500005,500000,2289980,1050385,0.003099718,0.006489034,0.004370836,0.013689999,0.015287533,0.129892266,0.017397731,0.061672356,2.690066258,oneAPI-Intel(R) Arc(TM) A770 Graphics,shin-compute-002
COPS,polygon,10,ExaModels,10,16,50,140,0.002073943,0.002310639,0.006948761,0.019961955,0.004360832,0.00528091,0.00562781,0.011175507,0.634134551,oneAPI-Intel(R) Arc(TM) A770 Graphics,shin-compute-002
COPS,polygon,100,ExaModels,100,1276,5000,12740,0.003275917,0.001753549,0.020735458,0.056881221,0.004401395,0.025465453,0.035549926,0.00538885,0.886986217,oneAPI-Intel(R) Arc(TM) A770 Graphics,shin-compute-002
COPS,polygon,800,ExaModels,800,80201,320000,801990,0.02350848,0.002172143,0.006101043,0.003633461,0.004878803,0.031417923,0.007412704,0.010583776,2.460076677,oneAPI-Intel(R) Arc(TM) A770 Graphics,shin-compute-002
COPS,robot,2,ExaModels,28,24,84,134,0.002395462,0.0512867,0.021919693,0.056084246,0.104597166,0.022122274,0.030699769,0.06400179,2.841391298,oneAPI-Intel(R) Arc(TM) A770 Graphics,shin-compute-002
COPS,robot,150,ExaModels,1360,912,5412,10050,0.002075751,0.128070473,0.002685653,0.070782689,0.291265133,0.015851325,0.041358533,0.104050681,3.425162894,oneAPI-Intel(R) Arc(TM) A770 Graphics,shin-compute-002
COPS,robot,15000,ExaModels,135010,90012,540012,1005000,0.001901516,0.077216946,0.002969351,0.168459632,0.030811594,0.195960814,0.227514006,0.202528941,3.46516193,oneAPI-Intel(R) Arc(TM) A770 Graphics,shin-compute-002
COPS,rocket,2,ExaModels,13,10,42,118,0.009125809,0.006124523,0.003682265,0.013138518,0.012331639,0.01791536,0.075223594,0.039921829,3.031934301,oneAPI-Intel(R) Arc(TM) A770 Graphics,shin-compute-002
COPS,rocket,200,ExaModels,805,604,3804,11800,0.00206952,0.00714021,0.002796563,0.034126956,0.119552839,0.005507365,0.058797864,0.034484101,1.233943292,oneAPI-Intel(R) Arc(TM) A770 Graphics,shin-compute-002
COPS,rocket,17000,ExaModels,68005,51004,323004,1003000,0.002031681,0.022513902,0.005144015,0.116805121,0.007951295,0.15568467,0.050329908,0.042319884,1.592300771,oneAPI-Intel(R) Arc(TM) A770 Graphics,shin-compute-002
COPS,steering,5,ExaModels,31,28,108,120,0.00703558,0.003207891,0.004519655,0.040847464,0.02543795,0.02294426,0.01042509,0.011903059,2.610094968,oneAPI-Intel(R) Arc(TM) A770 Graphics,shin-compute-002
COPS,steering,400,ExaModels,2006,1608,8008,9600,0.00541605,0.006500876,0.004040995,0.033744712,0.006733697,0.024252768,0.070543282,0.02148794,0.967741843,oneAPI-Intel(R) Arc(TM) A770 Graphics,shin-compute-002
COPS,steering,42000,ExaModels,210006,168008,840008,1008000,0.006834691,0.004665591,0.014395573,0.016055775,0.005981832,0.252863141,0.044915947,0.068921807,3.297079228,oneAPI-Intel(R) Arc(TM) A770 Graphics,shin-compute-002
COPS,torsion,"(5, 5)",ExaModels,49,49,49,360,0.015564251,0.004850991,0.022123095,0.007566691,0.01956866,0.069360046,0.003916736,0.004618514,1.295574402,oneAPI-Intel(R) Arc(TM) A770 Graphics,shin-compute-002
COPS,torsion,"(35, 35)",ExaModels,1369,1369,1369,12960,0.009565248,0.000747291,0.0069381,0.002537189,0.005196224,0.007040503,0.014652271,0.005644196,0.654064076,oneAPI-Intel(R) Arc(TM) A770 Graphics,shin-compute-002
COPS,torsion,"(320, 320)",ExaModels,103684,103684,103684,1030410,0.006669869,0.000912932,0.016567447,0.002052954,0.026561111,0.027001655,0.008396652,0.05092951,1.539720405,oneAPI-Intel(R) Arc(TM) A770 Graphics,shin-compute-002
OPF-polar,pglib_opf_case3_lmbd.m,pglib_opf_case3_lmbd.m,ExaModels,24,28,103,141,0.002110699,0.046900957,0.003587726,0.078404195,0.088192178,NaN,NaN,NaN,1.39274843,oneAPI-Intel(R) Arc(TM) A770 Graphics,shin-compute-002
OPF-polar,pglib_opf_case5_pjm.m,pglib_opf_case5_pjm.m,ExaModels,44,53,201,279,0.002912319,0.047199015,0.005626952,0.012145551,0.018050025,NaN,NaN,NaN,2.158726923,oneAPI-Intel(R) Arc(TM) A770 Graphics,shin-compute-002
OPF-polar,pglib_opf_case14_ieee.m,pglib_opf_case14_ieee.m,ExaModels,118,169,639,913,0.011676274,0.01014795,0.003641156,0.018174811,0.067818738,NaN,NaN,NaN,2.940341179,oneAPI-Intel(R) Arc(TM) A770 Graphics,shin-compute-002
OPF-polar,pglib_opf_case24_ieee_rts.m,pglib_opf_case24_ieee_rts.m,ExaModels,266,315,1255,1753,0.008133627,0.041311545,0.011175671,0.197732736,0.08127351,NaN,NaN,NaN,2.675613104,oneAPI-Intel(R) Arc(TM) A770 Graphics,shin-compute-002
OPF-polar,pglib_opf_case30_ieee.m,pglib_opf_case30_ieee.m,ExaModels,236,348,1303,1870,0.015645435,0.029638191,0.004538812,0.010626781,0.048967122,NaN,NaN,NaN,2.161796883,oneAPI-Intel(R) Arc(TM) A770 Graphics,shin-compute-002
OPF-polar,pglib_opf_case30_as.m,pglib_opf_case30_as.m,ExaModels,236,348,1303,1870,0.024460475,0.0082925,0.004708243,0.013136049,0.013681173,NaN,NaN,NaN,1.505885547,oneAPI-Intel(R) Arc(TM) A770 Graphics,shin-compute-002
OPF-polar,pglib_opf_case39_epri.m,pglib_opf_case39_epri.m,ExaModels,282,401,1479,2112,0.007457532,0.033525538,0.00369655,0.027490283,0.032006222,NaN,NaN,NaN,1.965830954,oneAPI-Intel(R) Arc(TM) A770 Graphics,shin-compute-002
OPF-polar,pglib_opf_case57_ieee.m,pglib_opf_case57_ieee.m,ExaModels,448,675,2529,3641,0.021574134,0.042841844,0.018043809,0.020063809,0.050408648,NaN,NaN,NaN,1.887427418,oneAPI-Intel(R) Arc(TM) A770 Graphics,shin-compute-002
OPF-polar,pglib_opf_case60_c.m,pglib_opf_case60_c.m,ExaModels,518,737,2807,4015,0.017624677,0.010126143,0.005926115,0.126401654,0.018292983,NaN,NaN,NaN,1.470807439,oneAPI-Intel(R) Arc(TM) A770 Graphics,shin-compute-002
OPF-polar,pglib_opf_case73_ieee_rts.m,pglib_opf_case73_ieee_rts.m,ExaModels,824,987,3945,5525,0.008483962,0.008805637,0.013058174,0.218431199,0.018267334,NaN,NaN,NaN,2.217485511,oneAPI-Intel(R) Arc(TM) A770 Graphics,shin-compute-002
OPF-polar,pglib_opf_case89_pegase.m,pglib_opf_case89_pegase.m,ExaModels,1042,1649,6503,9430,0.018106406,0.025723458,0.011346148,0.013499776,0.019121608,NaN,NaN,NaN,2.194297564,oneAPI-Intel(R) Arc(TM) A770 Graphics,shin-compute-002
OPF-polar,pglib_opf_case118_ieee.m,pglib_opf_case118_ieee.m,ExaModels,1088,1539,5925,8474,0.002896907,0.018042693,0.013790421,0.019748363,0.023262389,NaN,NaN,NaN,3.559200105,oneAPI-Intel(R) Arc(TM) A770 Graphics,shin-compute-002
OPF-polar,pglib_opf_case162_ieee_dtc.m,pglib_opf_case162_ieee_dtc.m,ExaModels,1484,2313,8869,12832,0.014646334,0.013621509,0.016579566,0.078805463,0.104962405,NaN,NaN,NaN,1.664793689,oneAPI-Intel(R) Arc(TM) A770 Graphics,shin-compute-002
OPF-polar,pglib_opf_case179_goc.m,pglib_opf_case179_goc.m,ExaModels,1468,2200,8307,11959,0.002794903,0.013002977,0.046959003,0.014359414,0.10189448,NaN,NaN,NaN,1.79273277,oneAPI-Intel(R) Arc(TM) A770 Graphics,shin-compute-002
OPF-polar,pglib_opf_case197_snem.m,pglib_opf_case197_snem.m,ExaModels,1608,2397,9045,13013,0.002315085,0.008707823,0.024634159,0.251257863,0.06456761,NaN,NaN,NaN,1.63340881,oneAPI-Intel(R) Arc(TM) A770 Graphics,shin-compute-002
OPF-polar,pglib_opf_case200_activ.m,pglib_opf_case200_activ.m,ExaModels,1456,2116,7827,11218,0.002366603,0.013276634,0.004728698,0.025824886,0.08199635,NaN,NaN,NaN,1.643559577,oneAPI-Intel(R) Arc(TM) A770 Graphics,shin-compute-002
OPF-polar,pglib_opf_case240_pserc.m,pglib_opf_case240_pserc.m,ExaModels,2558,3617,14207,20335,0.013128594,0.020386337,0.016491967,0.043543629,0.024857476,NaN,NaN,NaN,3.560787011,oneAPI-Intel(R) Arc(TM) A770 Graphics,shin-compute-002
OPF-polar,pglib_opf_case300_ieee.m,pglib_opf_case300_ieee.m,ExaModels,2382,3478,13069,18753,0.006935876,0.009163281,0.023141644,0.011232522,0.026558912,NaN,NaN,NaN,2.351230312,oneAPI-Intel(R) Arc(TM) A770 Graphics,shin-compute-002
OPF-polar,pglib_opf_case500_goc.m,pglib_opf_case500_goc.m,ExaModels,4254,6097,23183,33203,0.015579791,0.062246061,0.004907082,0.037433855,0.046977928,NaN,NaN,NaN,3.028464943,oneAPI-Intel(R) Arc(TM) A770 Graphics,shin-compute-002
OPF-polar,pglib_opf_case588_sdet.m,pglib_opf_case588_sdet.m,ExaModels,4110,5979,21947,31455,0.028541225,0.009189268,0.004625809,0.016923338,0.018143389,NaN,NaN,NaN,2.242979261,oneAPI-Intel(R) Arc(TM) A770 Graphics,shin-compute-002
OPF-polar,pglib_opf_case793_goc.m,pglib_opf_case793_goc.m,ExaModels,5432,7978,29171,41855,0.010285688,0.035678194,0.020442301,0.091140186,0.124750507,NaN,NaN,NaN,2.633761687,oneAPI-Intel(R) Arc(TM) A770 Graphics,shin-compute-002
OPF-polar,pglib_opf_case1354_pegase.m,pglib_opf_case1354_pegase.m,ExaModels,11192,16646,62959,90572,0.002029554,0.047571936,0.003507358,0.016542655,0.174033247,NaN,NaN,NaN,1.534684777,oneAPI-Intel(R) Arc(TM) A770 Graphics,shin-compute-002
OPF-polar,pglib_opf_case1803_snem.m,pglib_opf_case1803_snem.m,ExaModels,15246,23172,87917,126816,0.003151167,0.014850815,0.003291207,0.050059853,0.211649351,NaN,NaN,NaN,2.116331888,oneAPI-Intel(R) Arc(TM) A770 Graphics,shin-compute-002
OPF-polar,pglib_opf_case1888_rte.m,pglib_opf_case1888_rte.m,ExaModels,14480,21494,80287,115430,0.004354159,0.031848517,0.005824431,0.035474539,0.102812343,NaN,NaN,NaN,1.474593448,oneAPI-Intel(R) Arc(TM) A770 Graphics,shin-compute-002
OPF-polar,pglib_opf_case1951_rte.m,pglib_opf_case1951_rte.m,ExaModels,15018,22075,82515,118492,0.006115133,0.007470645,0.012798538,0.062626922,0.087662273,NaN,NaN,NaN,3.715626643,oneAPI-Intel(R) Arc(TM) A770 Graphics,shin-compute-002
OPF-polar,pglib_opf_case2000_goc.m,pglib_opf_case2000_goc.m,ExaModels,19008,29432,113467,164090,0.003381648,0.013090882,0.004072183,0.050504841,0.140810214,NaN,NaN,NaN,2.252305356,oneAPI-Intel(R) Arc(TM) A770 Graphics,shin-compute-002
OPF-polar,pglib_opf_case2312_goc.m,pglib_opf_case2312_goc.m,ExaModels,17128,25716,95467,137422,0.002506344,0.088537925,0.005800623,0.061249362,0.018774135,NaN,NaN,NaN,3.047542696,oneAPI-Intel(R) Arc(TM) A770 Graphics,shin-compute-002
OPF-polar,pglib_opf_case2383wp_k.m,pglib_opf_case2383wp_k.m,ExaModels,17004,25039,92301,132517,0.010790646,0.008526952,0.005957267,0.009874126,0.023933503,NaN,NaN,NaN,1.735668477,oneAPI-Intel(R) Arc(TM) A770 Graphics,shin-compute-002
OPF-polar,pglib_opf_case2736sp_k.m,pglib_opf_case2736sp_k.m,ExaModels,19088,28356,104083,149578,0.003263933,0.035819934,0.004982646,0.045213301,0.108103813,NaN,NaN,NaN,2.076169909,oneAPI-Intel(R) Arc(TM) A770 Graphics,shin-compute-002
OPF-polar,pglib_opf_case2737sop_k.m,pglib_opf_case2737sop_k.m,ExaModels,18988,28358,103983,149529,0.003466031,0.007661609,0.004517103,0.146535945,0.020213215,NaN,NaN,NaN,2.823255064,oneAPI-Intel(R) Arc(TM) A770 Graphics,shin-compute-002
OPF-polar,pglib_opf_case2742_goc.m,pglib_opf_case2742_goc.m,ExaModels,24540,38196,146039,211278,0.014140145,0.058786291,0.022884965,0.103672336,0.021656254,NaN,NaN,NaN,2.798269406,oneAPI-Intel(R) Arc(TM) A770 Graphics,shin-compute-002
OPF-polar,pglib_opf_case2746wop_k.m,pglib_opf_case2746wop_k.m,ExaModels,19582,28642,105565,151431,0.003139768,0.026721281,0.023836312,0.146239771,0.024984837,NaN,NaN,NaN,3.006744318,oneAPI-Intel(R) Arc(TM) A770 Graphics,shin-compute-002
OPF-polar,pglib_opf_case2746wp_k.m,pglib_opf_case2746wp_k.m,ExaModels,19520,28446,104775,150224,0.008493506,0.064947138,0.004860171,0.169058525,0.052409205,NaN,NaN,NaN,1.870851837,oneAPI-Intel(R) Arc(TM) A770 Graphics,shin-compute-002
OPF-polar,pglib_opf_case2848_rte.m,pglib_opf_case2848_rte.m,ExaModels,21822,32129,119999,172351,0.004815809,0.025840254,0.004602918,0.207011679,0.081037652,NaN,NaN,NaN,2.210089096,oneAPI-Intel(R) Arc(TM) A770 Graphics,shin-compute-002
OPF-polar,pglib_opf_case2853_sdet.m,pglib_opf_case2853_sdet.m,ExaModels,23028,33154,124975,179049,0.009076013,0.026706293,0.015280947,0.045721027,0.021121994,NaN,NaN,NaN,2.103287302,oneAPI-Intel(R) Arc(TM) A770 Graphics,shin-compute-002
OPF-polar,pglib_opf_case2868_rte.m,pglib_opf_case2868_rte.m,ExaModels,22090,32393,121099,173849,0.006055068,0.053635552,0.016998606,0.021301924,0.028436298,NaN,NaN,NaN,1.706570676,oneAPI-Intel(R) Arc(TM) A770 Graphics,shin-compute-002
OPF-polar,pglib_opf_case2869_pegase.m,pglib_opf_case2869_pegase.m,ExaModels,25086,37813,144219,207856,0.003737409,0.136294974,0.004670128,0.018780527,0.067918939,NaN,NaN,NaN,2.274707813,oneAPI-Intel(R) Arc(TM) A770 Graphics,shin-compute-002
OPF-polar,pglib_opf_case3012wp_k.m,pglib_opf_case3012wp_k.m,ExaModels,21082,31029,113955,163577,0.003964458,0.08385196,0.025913443,0.143982091,0.0178025,NaN,NaN,NaN,2.013166477,oneAPI-Intel(R) Arc(TM) A770 Graphics,shin-compute-002
OPF-polar,pglib_opf_case3022_goc.m,pglib_opf_case3022_goc.m,ExaModels,23238,34990,130749,188311,0.007497465,0.01920967,0.026760278,0.193133501,0.038141898,NaN,NaN,NaN,2.472883956,oneAPI-Intel(R) Arc(TM) A770 Graphics,shin-compute-002
OPF-polar,pglib_opf_case3120sp_k.m,pglib_opf_case3120sp_k.m,ExaModels,21608,32092,117627,169030,0.002360174,0.060696933,0.005120909,0.192969306,0.093212482,NaN,NaN,NaN,1.980774593,oneAPI-Intel(R) Arc(TM) A770 Graphics,shin-compute-002
OPF-polar,pglib_opf_case3375wp_k.m,pglib_opf_case3375wp_k.m,ExaModels,24350,35876,132537,190311,0.002441705,0.035551795,0.035372765,0.100554082,0.026443939,NaN,NaN,NaN,2.257954309,oneAPI-Intel(R) Arc(TM) A770 Graphics,shin-compute-002
OPF-polar,pglib_opf_case3970_goc.m,pglib_opf_case3970_goc.m,ExaModels,35270,54428,207937,300527,0.007653357,0.034760019,0.006007434,0.018536696,0.020292737,NaN,NaN,NaN,2.444071965,oneAPI-Intel(R) Arc(TM) A770 Graphics,shin-compute-002
OPF-polar,pglib_opf_case4020_goc.m,pglib_opf_case4020_goc.m,ExaModels,36696,56957,218385,315864,0.008313847,0.027787027,0.033030053,0.012077644,0.033161884,NaN,NaN,NaN,2.032073439,oneAPI-Intel(R) Arc(TM) A770 Graphics,shin-compute-002
OPF-polar,pglib_opf_case4601_goc.m,pglib_opf_case4601_goc.m,ExaModels,38814,59596,225989,326366,0.017444671,0.054188966,0.014573842,0.282117439,0.068193499,NaN,NaN,NaN,1.98131811,oneAPI-Intel(R) Arc(TM) A770 Graphics,shin-compute-002
OPF-polar,pglib_opf_case4619_goc.m,pglib_opf_case4619_goc.m,ExaModels,42532,66289,254433,368185,0.006551267,0.037008349,0.025206676,0.104472903,0.023009984,NaN,NaN,NaN,2.099808954,oneAPI-Intel(R) Arc(TM) A770 Graphics,shin-compute-002
OPF-polar,pglib_opf_case4661_sdet.m,pglib_opf_case4661_sdet.m,ExaModels,34758,51302,190681,273914,0.002001373,0.044874004,0.009563316,0.049686958,0.167783801,NaN,NaN,NaN,2.165205668,oneAPI-Intel(R) Arc(TM) A770 Graphics,shin-compute-002
OPF-polar,pglib_opf_case4837_goc.m,pglib_opf_case4837_goc.m,ExaModels,41398,64030,243289,351666,0.019272672,0.048917745,0.032989193,0.052180114,0.018342344,NaN,NaN,NaN,2.229434336,oneAPI-Intel(R) Arc(TM) A770 Graphics,shin-compute-002
OPF-polar,pglib_opf_case4917_goc.m,pglib_opf_case4917_goc.m,ExaModels,37872,56917,212749,306345,0.004692058,0.050964778,0.014304107,0.06060919,0.089798119,NaN,NaN,NaN,2.774881202,oneAPI-Intel(R) Arc(TM) A770 Graphics,shin-compute-002
OPF-polar,pglib_opf_case5658_epigrids.m,pglib_opf_case5658_epigrids.m,ExaModels,48552,74821,284425,410958,0.002333183,0.064748045,0.016554152,0.085941895,0.105838325,NaN,NaN,NaN,3.561678147,oneAPI-Intel(R) Arc(TM) A770 Graphics,shin-compute-002
OPF-polar,pglib_opf_case6468_rte.m,pglib_opf_case6468_rte.m,ExaModels,49734,75937,283735,409335,0.002138483,0.023543775,0.004432878,0.149606054,0.051680864,NaN,NaN,NaN,1.892294241,oneAPI-Intel(R) Arc(TM) A770 Graphics,shin-compute-002
OPF-polar,pglib_opf_case6470_rte.m,pglib_opf_case6470_rte.m,ExaModels,50482,75976,284613,409921,0.00705898,0.066624131,0.043822167,0.091892538,0.132652684,NaN,NaN,NaN,1.917203327,oneAPI-Intel(R) Arc(TM) A770 Graphics,shin-compute-002
OPF-polar,pglib_opf_case6495_rte.m,pglib_opf_case6495_rte.m,ExaModels,50426,76124,284921,410506,0.003444619,0.059235293,0.002686833,0.031333091,0.047515236,NaN,NaN,NaN,2.363013586,oneAPI-Intel(R) Arc(TM) A770 Graphics,shin-compute-002
OPF-polar,pglib_opf_case6515_rte.m,pglib_opf_case6515_rte.m,ExaModels,50546,76290,285509,411342,0.003830557,0.128589247,0.004108181,0.09631352,0.021321623,NaN,NaN,NaN,1.817161309,oneAPI-Intel(R) Arc(TM) A770 Graphics,shin-compute-002
OPF-polar,pglib_opf_case7336_epigrids.m,pglib_opf_case7336_epigrids.m,ExaModels,62116,95306,361611,522192,0.004946972,0.097362226,0.006356752,0.098202774,0.127131569,NaN,NaN,NaN,2.041929475,oneAPI-Intel(R) Arc(TM) A770 Graphics,shin-compute-002
OPF-polar,pglib_opf_case8387_pegase.m,pglib_opf_case8387_pegase.m,ExaModels,78748,118702,457335,659323,0.002894153,0.010220836,0.004096722,0.056708893,0.165001481,NaN,NaN,NaN,1.657673039,oneAPI-Intel(R) Arc(TM) A770 Graphics,shin-compute-002
OPF-polar,pglib_opf_case9241_pegase.m,pglib_opf_case9241_pegase.m,ExaModels,85568,130826,502843,726083,0.003276746,0.042067666,0.013622094,0.106365239,0.026721818,NaN,NaN,NaN,2.363136723,oneAPI-Intel(R) Arc(TM) A770 Graphics,shin-compute-002
OPF-polar,pglib_opf_case9591_goc.m,pglib_opf_case9591_goc.m,ExaModels,83572,130588,497363,719807,0.038891398,0.04671797,0.006277041,0.04915294,0.084448499,NaN,NaN,NaN,2.343891534,oneAPI-Intel(R) Arc(TM) A770 Graphics,shin-compute-002
OPF-polar,pglib_opf_case10000_goc.m,pglib_opf_case10000_goc.m,ExaModels,76804,112352,419823,602508,0.042369314,0.046715712,0.00637221,0.05329438,0.022014335,NaN,NaN,NaN,3.781902174,oneAPI-Intel(R) Arc(TM) A770 Graphics,shin-compute-002
OPF-polar,pglib_opf_case10192_epigrids.m,pglib_opf_case10192_epigrids.m,ExaModels,89850,139456,532137,769576,0.020177339,0.071533616,0.018535995,0.074115113,0.02154111,NaN,NaN,NaN,2.456503066,oneAPI-Intel(R) Arc(TM) A770 Graphics,shin-compute-002
OPF-polar,pglib_opf_case10480_goc.m,pglib_opf_case10480_goc.m,ExaModels,96750,150874,579285,838333,0.002548087,0.046292207,0.009125899,0.018143766,0.071025463,NaN,NaN,NaN,1.929625414,oneAPI-Intel(R) Arc(TM) A770 Graphics,shin-compute-002
OPF-polar,pglib_opf_case13659_pegase.m,pglib_opf_case13659_pegase.m,ExaModels,117370,170588,649513,931958,0.013426051,0.010946808,0.004484638,0.08659499,0.042162082,NaN,NaN,NaN,2.361721448,oneAPI-Intel(R) Arc(TM) A770 Graphics,shin-compute-002
OPF-polar,pglib_opf_case19402_goc.m,pglib_opf_case19402_goc.m,ExaModels,179562,281733,1081867,1566751,0.002990398,0.234015213,0.003730189,0.017085009,0.030329297,NaN,NaN,NaN,2.327564926,oneAPI-Intel(R) Arc(TM) A770 Graphics,shin-compute-002
OPF-polar,pglib_opf_case20758_epigrids.m,pglib_opf_case20758_epigrids.m,ExaModels,179236,274918,1046155,1510782,0.005204677,0.111127891,0.014776162,0.122258615,0.012313884,NaN,NaN,NaN,3.172933017,oneAPI-Intel(R) Arc(TM) A770 Graphics,shin-compute-002
OPF-polar,pglib_opf_case24464_goc.m,pglib_opf_case24464_goc.m,ExaModels,203374,313641,1186591,1714423,0.023596128,0.011150742,0.020509899,0.238199767,0.019325051,NaN,NaN,NaN,1.997754392,oneAPI-Intel(R) Arc(TM) A770 Graphics,shin-compute-002
OPF-polar,pglib_opf_case30000_goc.m,pglib_opf_case30000_goc.m,ExaModels,208624,307752,1128843,1620818,0.011403084,0.09449908,0.027698613,0.036213109,0.022586537,NaN,NaN,NaN,3.393427933,oneAPI-Intel(R) Arc(TM) A770 Graphics,shin-compute-002
OPF-polar,pglib_opf_case78484_epigrids.m,pglib_opf_case78484_epigrids.m,ExaModels,674562,1039062,3950953,5708389,0.002943938,0.020931346,0.004549321,0.257229442,0.021311169,NaN,NaN,NaN,5.979334062,oneAPI-Intel(R) Arc(TM) A770 Graphics,shin-compute-002
OPF-rect,pglib_opf_case3_lmbd.m,pglib_opf_case3_lmbd.m,ExaModels,24,31,122,150,0.002376691,0.064086109,0.012788083,0.019516661,0.137261765,NaN,NaN,NaN,1.91922553,oneAPI-Intel(R) Arc(TM) A770 Graphics,shin-compute-002
OPF-rect,pglib_opf_case5_pjm.m,pglib_opf_case5_pjm.m,ExaModels,44,58,234,290,0.002434279,0.052591027,0.003686498,0.04812527,0.01830312,NaN,NaN,NaN,1.582799856,oneAPI-Intel(R) Arc(TM) A770 Graphics,shin-compute-002
OPF-rect,pglib_opf_case14_ieee.m,pglib_opf_case14_ieee.m,ExaModels,118,183,736,932,0.014244182,0.016496731,0.00552876,0.139418996,0.0984927,NaN,NaN,NaN,1.552816493,oneAPI-Intel(R) Arc(TM) A770 Graphics,shin-compute-002
OPF-rect,pglib_opf_case24_ieee_rts.m,pglib_opf_case24_ieee_rts.m,ExaModels,266,339,1428,1776,0.002926694,0.009941648,0.020647903,0.051520159,0.02920693,NaN,NaN,NaN,2.678062405,oneAPI-Intel(R) Arc(TM) A770 Graphics,shin-compute-002
OPF-rect,pglib_opf_case30_ieee.m,pglib_opf_case30_ieee.m,ExaModels,236,378,1506,1911,0.017212636,0.051055466,0.011988035,0.048923661,0.019185747,NaN,NaN,NaN,3.218800155,oneAPI-Intel(R) Arc(TM) A770 Graphics,shin-compute-002
OPF-rect,pglib_opf_case30_as.m,pglib_opf_case30_as.m,ExaModels,236,378,1506,1911,0.004499459,0.011305186,0.00409131,0.081317752,0.094753354,NaN,NaN,NaN,2.612425709,oneAPI-Intel(R) Arc(TM) A770 Graphics,shin-compute-002
OPF-rect,pglib_opf_case39_epri.m,pglib_opf_case39_epri.m,ExaModels,282,440,1728,2179,0.004959219,0.00919921,0.005491983,0.220598051,0.114288861,NaN,NaN,NaN,2.77129247,oneAPI-Intel(R) Arc(TM) A770 Graphics,shin-compute-002
OPF-rect,pglib_opf_case57_ieee.m,pglib_opf_case57_ieee.m,ExaModels,448,732,2918,3712,0.005612005,0.044364244,0.039796109,0.059070205,0.198770555,NaN,NaN,NaN,1.874079164,oneAPI-Intel(R) Arc(TM) A770 Graphics,shin-compute-002
OPF-rect,pglib_opf_case60_c.m,pglib_opf_case60_c.m,ExaModels,518,797,3224,4082,0.002238621,0.012759149,0.003417883,0.013219183,0.157705177,NaN,NaN,NaN,2.175905717,oneAPI-Intel(R) Arc(TM) A770 Graphics,shin-compute-002
OPF-rect,pglib_opf_case73_ieee_rts.m,pglib_opf_case73_ieee_rts.m,ExaModels,824,1060,4478,5580,0.002420063,0.010237107,0.004286506,0.019098409,0.149043437,NaN,NaN,NaN,1.910390076,oneAPI-Intel(R) Arc(TM) A770 Graphics,shin-compute-002
OPF-rect,pglib_opf_case89_pegase.m,pglib_opf_case89_pegase.m,ExaModels,1042,1738,7280,9369,0.004222551,0.035886264,0.005917503,0.086614902,0.115291,NaN,NaN,NaN,2.11235554,oneAPI-Intel(R) Arc(TM) A770 Graphics,shin-compute-002
OPF-rect,pglib_opf_case118_ieee.m,pglib_opf_case118_ieee.m,ExaModels,1088,1657,6770,8577,0.002470807,0.014468068,0.007524534,0.016361691,0.036458955,NaN,NaN,NaN,2.199247438,oneAPI-Intel(R) Arc(TM) A770 Graphics,shin-compute-002
OPF-rect,pglib_opf_case162_ieee_dtc.m,pglib_opf_case162_ieee_dtc.m,ExaModels,1484,2475,10086,12915,0.032499476,0.011099387,0.003871899,0.030937651,0.017617146,NaN,NaN,NaN,2.404815674,oneAPI-Intel(R) Arc(TM) A770 Graphics,shin-compute-002
OPF-rect,pglib_opf_case179_goc.m,pglib_opf_case179_goc.m,ExaModels,1468,2379,9550,12152,0.004093237,0.007661159,0.00475179,0.151438508,0.009045429,NaN,NaN,NaN,2.324771485,oneAPI-Intel(R) Arc(TM) A770 Graphics,shin-compute-002
OPF-rect,pglib_opf_case197_snem.m,pglib_opf_case197_snem.m,ExaModels,1608,2594,10406,13232,0.003997081,0.016686223,0.004257426,0.011026425,0.073705627,NaN,NaN,NaN,1.693083367,oneAPI-Intel(R) Arc(TM) A770 Graphics,shin-compute-002
OPF-rect,pglib_opf_case200_activ.m,pglib_opf_case200_activ.m,ExaModels,1456,2316,9118,11531,0.00299166,0.009394252,0.004344565,0.275657529,0.044214069,NaN,NaN,NaN,2.050525617,oneAPI-Intel(R) Arc(TM) A770 Graphics,shin-compute-002
OPF-rect,pglib_opf_case240_pserc.m,pglib_opf_case240_pserc.m,ExaModels,2558,3857,16064,20402,0.002913623,0.007722716,0.003405857,0.242332793,0.055880333,NaN,NaN,NaN,1.62342214,oneAPI-Intel(R) Arc(TM) A770 Graphics,shin-compute-002
OPF-rect,pglib_opf_case300_ieee.m,pglib_opf_case300_ieee.m,ExaModels,2382,3778,15092,19134,0.003020049,0.017403907,0.006852512,0.114783326,0.019979166,NaN,NaN,NaN,2.187792968,oneAPI-Intel(R) Arc(TM) A770 Graphics,shin-compute-002
OPF-rect,pglib_opf_case500_goc.m,pglib_opf_case500_goc.m,ExaModels,4254,6597,26640,33750,0.015364295,0.039469673,0.004957181,0.012986723,0.014194623,NaN,NaN,NaN,2.118250344,oneAPI-Intel(R) Arc(TM) A770 Graphics,shin-compute-002
OPF-rect,pglib_opf_case588_sdet.m,pglib_opf_case588_sdet.m,ExaModels,4110,6567,25672,32438,0.003761161,0.007806461,0.014579923,0.289123237,0.081353885,NaN,NaN,NaN,2.183768962,oneAPI-Intel(R) Arc(TM) A770 Graphics,shin-compute-002
OPF-rect,pglib_opf_case793_goc.m,pglib_opf_case793_goc.m,ExaModels,5432,8771,34170,43204,0.018819444,0.008217135,0.00346437,0.090377659,0.027820728,NaN,NaN,NaN,1.410581321,oneAPI-Intel(R) Arc(TM) A770 Graphics,shin-compute-002
OPF-rect,pglib_opf_case1354_pegase.m,pglib_opf_case1354_pegase.m,ExaModels,11192,18000,72358,92009,0.002150935,0.00971274,0.003710544,0.072289415,0.010143945,NaN,NaN,NaN,1.563491832,oneAPI-Intel(R) Arc(TM) A770 Graphics,shin-compute-002
OPF-rect,pglib_opf_case1803_snem.m,pglib_opf_case1803_snem.m,ExaModels,15246,24975,100720,128441,0.001947109,0.038023212,0.002273479,0.011049518,0.011909174,NaN,NaN,NaN,0.855750897,oneAPI-Intel(R) Arc(TM) A770 Graphics,shin-compute-002
OPF-rect,pglib_opf_case1888_rte.m,pglib_opf_case1888_rte.m,ExaModels,14480,23382,92902,117923,0.001887853,0.023910694,0.002450737,0.015045582,0.010316521,NaN,NaN,NaN,0.714515223,oneAPI-Intel(R) Arc(TM) A770 Graphics,shin-compute-002
OPF-rect,pglib_opf_case1951_rte.m,pglib_opf_case1951_rte.m,ExaModels,15018,24026,95512,121107,0.001788574,0.032438222,0.002532927,0.01295992,0.01447412,NaN,NaN,NaN,0.797225253,oneAPI-Intel(R) Arc(TM) A770 Graphics,shin-compute-002
OPF-rect,pglib_opf_case2000_goc.m,pglib_opf_case2000_goc.m,ExaModels,19008,31432,128734,164827,0.001844926,0.027680342,0.002550699,0.018400199,0.011537528,NaN,NaN,NaN,0.834032089,oneAPI-Intel(R) Arc(TM) A770 Graphics,shin-compute-002
OPF-rect,pglib_opf_case2312_goc.m,pglib_opf_case2312_goc.m,ExaModels,17128,28028,110742,140647,0.001992269,0.03722134,0.002822507,0.019725353,0.013355937,NaN,NaN,NaN,0.842284043,oneAPI-Intel(R) Arc(TM) A770 Graphics,shin-compute-002
OPF-rect,pglib_opf_case2383wp_k.m,pglib_opf_case2383wp_k.m,ExaModels,17004,27422,107626,136260,0.001957575,0.048329585,0.002163704,0.013680777,0.013350735,NaN,NaN,NaN,0.888715954,oneAPI-Intel(R) Arc(TM) A770 Graphics,shin-compute-002
OPF-rect,pglib_opf_case2736sp_k.m,pglib_opf_case2736sp_k.m,ExaModels,19088,31092,121566,153987,0.001928168,0.035366316,0.002655311,0.019118913,0.011692473,NaN,NaN,NaN,0.849420149,oneAPI-Intel(R) Arc(TM) A770 Graphics,shin-compute-002
OPF-rect,pglib_opf_case2737sop_k.m,pglib_opf_case2737sop_k.m,ExaModels,18988,31095,121470,153942,0.00192616,0.040119625,0.002361491,0.013854124,0.014875782,NaN,NaN,NaN,0.872478342,oneAPI-Intel(R) Arc(TM) A770 Graphics,shin-compute-002
OPF-rect,pglib_opf_case2742_goc.m,pglib_opf_case2742_goc.m,ExaModels,24540,40938,166354,212903,0.002079111,0.039003727,0.002477191,0.020447749,0.01614064,NaN,NaN,NaN,0.828668164,oneAPI-Intel(R) Arc(TM) A770 Graphics,shin-compute-002
OPF-rect,pglib_opf_case2746wop_k.m,pglib_opf_case2746wop_k.m,ExaModels,19582,31388,123164,155804,0.001911649,0.032575848,0.002337663,0.024551207,0.01239748,NaN,NaN,NaN,0.807345129,oneAPI-Intel(R) Arc(TM) A770 Graphics,shin-compute-002
OPF-rect,pglib_opf_case2746wp_k.m,pglib_opf_case2746wp_k.m,ExaModels,19520,31192,122318,154653,0.001909668,0.030455077,0.002320046,0.017775877,0.011484952,NaN,NaN,NaN,0.822122734,oneAPI-Intel(R) Arc(TM) A770 Graphics,shin-compute-002
OPF-rect,pglib_opf_case2848_rte.m,pglib_opf_case2848_rte.m,ExaModels,21822,34977,138944,176194,0.001926337,0.031142883,0.00256438,0.014771303,0.013432285,NaN,NaN,NaN,0.841039175,oneAPI-Intel(R) Arc(TM) A770 Graphics,shin-compute-002
OPF-rect,pglib_opf_case2853_sdet.m,pglib_opf_case2853_sdet.m,ExaModels,23028,36007,144230,182622,0.001932727,0.035947035,0.002430678,0.014478308,0.015527396,NaN,NaN,NaN,0.782121195,oneAPI-Intel(R) Arc(TM) A770 Graphics,shin-compute-002
OPF-rect,pglib_opf_case2868_rte.m,pglib_opf_case2868_rte.m,ExaModels,22090,35261,140188,177708,0.002001789,0.03231438,0.002464272,0.027471652,0.010337239,NaN,NaN,NaN,0.892696517,oneAPI-Intel(R) Arc(TM) A770 Graphics,shin-compute-002
OPF-rect,pglib_opf_case2869_pegase.m,pglib_opf_case2869_pegase.m,ExaModels,25086,40682,164860,210171,0.001897205,0.042705258,0.002443609,0.015175817,0.014213874,NaN,NaN,NaN,0.81334592,oneAPI-Intel(R) Arc(TM) A770 Graphics,shin-compute-002
OPF-rect,pglib_opf_case3012wp_k.m,pglib_opf_case3012wp_k.m,ExaModels,21082,34041,133148,168484,0.001884605,0.026267742,0.002134716,0.02069372,0.016052943,NaN,NaN,NaN,0.851451443,oneAPI-Intel(R) Arc(TM) A770 Graphics,shin-compute-002
OPF-rect,pglib_opf_case3022_goc.m,pglib_opf_case3022_goc.m,ExaModels,23238,38012,151108,192132,0.002023941,0.03371151,0.002726047,0.018485612,0.011325334,NaN,NaN,NaN,0.766860462,oneAPI-Intel(R) Arc(TM) A770 Graphics,shin-compute-002
OPF-rect,pglib_opf_case3120sp_k.m,pglib_opf_case3120sp_k.m,ExaModels,21608,35212,137494,174127,0.001941838,0.035785198,0.002590769,0.013002993,0.015830732,NaN,NaN,NaN,0.765094314,oneAPI-Intel(R) Arc(TM) A770 Graphics,shin-compute-002
OPF-rect,pglib_opf_case3375wp_k.m,pglib_opf_case3375wp_k.m,ExaModels,24350,39250,154356,195488,0.00192703,0.031178828,0.002629629,0.019529592,0.014681829,NaN,NaN,NaN,0.859066989,oneAPI-Intel(R) Arc(TM) A770 Graphics,shin-compute-002
OPF-rect,pglib_opf_case3970_goc.m,pglib_opf_case3970_goc.m,ExaModels,35270,58398,237100,303128,0.001709427,0.032773295,0.002583378,0.021833882,0.011153945,NaN,NaN,NaN,0.821594858,oneAPI-Intel(R) Arc(TM) A770 Graphics,shin-compute-002
OPF-rect,pglib_opf_case4020_goc.m,pglib_opf_case4020_goc.m,ExaModels,36696,60977,248442,317971,0.001819415,0.02798812,0.002618998,0.03339899,0.013039977,NaN,NaN,NaN,0.909886262,oneAPI-Intel(R) Arc(TM) A770 Graphics,shin-compute-002
OPF-rect,pglib_opf_case4601_goc.m,pglib_opf_case4601_goc.m,ExaModels,38814,64197,258792,330375,0.001832736,0.030621414,0.00268245,0.013935743,0.019313389,NaN,NaN,NaN,0.87292033,oneAPI-Intel(R) Arc(TM) A770 Graphics,shin-compute-002
OPF-rect,pglib_opf_case4619_goc.m,pglib_opf_case4619_goc.m,ExaModels,42532,70908,289210,370364,0.001893082,0.026884422,0.002434396,0.025312062,0.010485321,NaN,NaN,NaN,0.802435509,oneAPI-Intel(R) Arc(TM) A770 Graphics,shin-compute-002
OPF-rect,pglib_opf_case4661_sdet.m,pglib_opf_case4661_sdet.m,ExaModels,34758,55963,221320,280567,0.002146027,0.030197504,0.002208728,0.013988981,0.011769938,NaN,NaN,NaN,0.843210183,oneAPI-Intel(R) Arc(TM) A770 Graphics,shin-compute-002
OPF-rect,pglib_opf_case4837_goc.m,pglib_opf_case4837_goc.m,ExaModels,41398,68867,278168,355487,0.001953689,0.025909866,0.002525962,0.016332064,0.018493813,NaN,NaN,NaN,0.819155154,oneAPI-Intel(R) Arc(TM) A770 Graphics,shin-compute-002
OPF-rect,pglib_opf_case4917_goc.m,pglib_opf_case4917_goc.m,ExaModels,37872,61834,245870,312564,0.001814926,0.018660269,0.002370605,0.018785119,0.01235801,NaN,NaN,NaN,0.822237559,oneAPI-Intel(R) Arc(TM) A770 Graphics,shin-compute-002
OPF-rect,pglib_opf_case5658_epigrids.m,pglib_opf_case5658_epigrids.m,ExaModels,48552,80479,325202,415449,0.002090034,0.024864081,0.002685103,0.028379318,0.01194581,NaN,NaN,NaN,0.859870823,oneAPI-Intel(R) Arc(TM) A770 Graphics,shin-compute-002
OPF-rect,pglib_opf_case6468_rte.m,pglib_opf_case6468_rte.m,ExaModels,49734,82405,327608,417210,0.001936648,0.019397077,0.003104756,0.030510763,0.010546696,NaN,NaN,NaN,0.905238721,oneAPI-Intel(R) Arc(TM) A770 Graphics,shin-compute-002
OPF-rect,pglib_opf_case6470_rte.m,pglib_opf_case6470_rte.m,ExaModels,50482,82446,328504,417794,0.002273307,0.010135757,0.00367983,0.011626818,0.014301813,NaN,NaN,NaN,0.840763717,oneAPI-Intel(R) Arc(TM) A770 Graphics,shin-compute-002
OPF-rect,pglib_opf_case6495_rte.m,pglib_opf_case6495_rte.m,ExaModels,50426,82619,328940,418451,0.007657608,0.007934846,0.003318493,0.009863563,0.0138899,NaN,NaN,NaN,0.512808254,oneAPI-Intel(R) Arc(TM) A770 Graphics,shin-compute-002
OPF-rect,pglib_opf_case6515_rte.m,pglib_opf_case6515_rte.m,ExaModels,50546,82805,329644,419331,0.007493024,0.012057349,0.003283358,0.012672846,0.01895701,NaN,NaN,NaN,1.236587166,oneAPI-Intel(R) Arc(TM) A770 Graphics,shin-compute-002
OPF-rect,pglib_opf_case7336_epigrids.m,pglib_opf_case7336_epigrids.m,ExaModels,62116,102642,413994,528501,0.007679006,0.012677556,0.00331196,0.013361234,0.016836705,NaN,NaN,NaN,1.272622137,oneAPI-Intel(R) Arc(TM) A770 Graphics,shin-compute-002
OPF-rect,pglib_opf_case8387_pegase.m,pglib_opf_case8387_pegase.m,ExaModels,78748,127089,520006,663752,0.014184672,0.013315717,0.003419342,0.013036475,0.015435978,NaN,NaN,NaN,1.326010719,oneAPI-Intel(R) Arc(TM) A770 Graphics,shin-compute-002
OPF-rect,pglib_opf_case9241_pegase.m,pglib_opf_case9241_pegase.m,ExaModels,85568,140067,571906,730952,0.014991582,0.013960097,0.003347145,0.013713375,0.014889702,NaN,NaN,NaN,1.322049121,oneAPI-Intel(R) Arc(TM) A770 Graphics,shin-compute-002
OPF-rect,pglib_opf_case9591_goc.m,pglib_opf_case9591_goc.m,ExaModels,83572,140179,567558,726344,0.007476185,0.01458124,0.003011698,0.015428069,0.015239641,NaN,NaN,NaN,1.359465261,oneAPI-Intel(R) Arc(TM) A770 Graphics,shin-compute-002
OPF-rect,pglib_opf_case10000_goc.m,pglib_opf_case10000_goc.m,ExaModels,76804,122352,486210,616125,0.014720391,0.013041156,0.003224558,0.014133877,0.017918578,NaN,NaN,NaN,1.29835055,oneAPI-Intel(R) Arc(TM) A770 Graphics,shin-compute-002
OPF-rect,pglib_opf_case10192_epigrids.m,pglib_opf_case10192_epigrids.m,ExaModels,89850,149645,606916,776313,0.007738743,0.012285621,0.003556754,0.014809768,0.022315091,NaN,NaN,NaN,1.337370781,oneAPI-Intel(R) Arc(TM) A770 Graphics,shin-compute-002
OPF-rect,pglib_opf_case10480_goc.m,pglib_opf_case10480_goc.m,ExaModels,96750,161354,658324,843138,0.007650944,0.012659246,0.003521266,0.015102651,0.017657226,NaN,NaN,NaN,1.332401675,oneAPI-Intel(R) Arc(TM) A770 Graphics,shin-compute-002
OPF-rect,pglib_opf_case13659_pegase.m,pglib_opf_case13659_pegase.m,ExaModels,117370,184247,745084,945663,0.013774418,0.012659459,0.003409123,0.014172533,0.012992291,NaN,NaN,NaN,1.422810069,oneAPI-Intel(R) Arc(TM) A770 Graphics,shin-compute-002
OPF-rect,pglib_opf_case19402_goc.m,pglib_opf_case19402_goc.m,ExaModels,179562,301135,1228884,1574954,0.007427027,0.013377526,0.003324531,0.013666001,0.017188854,NaN,NaN,NaN,1.639735825,oneAPI-Intel(R) Arc(TM) A770 Graphics,shin-compute-002
OPF-rect,pglib_opf_case20758_epigrids.m,pglib_opf_case20758_epigrids.m,ExaModels,179236,295676,1195874,1527131,0.014416413,0.011519935,0.003671082,0.019508831,0.013535907,NaN,NaN,NaN,1.632801499,oneAPI-Intel(R) Arc(TM) A770 Graphics,shin-compute-002
OPF-rect,pglib_opf_case24464_goc.m,pglib_opf_case24464_goc.m,ExaModels,203374,338105,1360080,1736650,0.014155272,0.013116703,0.003023859,0.015284526,0.012973497,NaN,NaN,NaN,1.706709174,oneAPI-Intel(R) Arc(TM) A770 Graphics,shin-compute-002
OPF-rect,pglib_opf_case30000_goc.m,pglib_opf_case30000_goc.m,ExaModels,208624,337752,1319630,1670035,0.014532677,0.015132366,0.003377336,0.013454626,0.016329707,NaN,NaN,NaN,1.723583786,oneAPI-Intel(R) Arc(TM) A770 Graphics,shin-compute-002
OPF-rect,pglib_opf_case78484_epigrids.m,pglib_opf_case78484_epigrids.m,ExaModels,674562,1117540,4516896,5770274,0.014800479,0.01596515,0.00355395,0.020428269,0.023781324,NaN,NaN,NaN,3.109368668,oneAPI-Intel(R) Arc(TM) A770 Graphics,shin-compute-002
OPF-polar,pglib_opf_case118_ieee.m,pglib_opf_case118_ieee.m,ExaModels,1088,1539,5925,8474,0.000318125,0.000686542,0.000118375,0.000781625,0.000843708,NaN,NaN,NaN,0.020737792,Metal-Apple M2 Pro,shin-macbook-pro.local
OPF-polar,pglib_opf_case1354_pegase.m,pglib_opf_case1354_pegase.m,ExaModels,11192,16646,62959,90572,0.000322333,0.000658416,0.000127333,0.000755458,0.000864791,NaN,NaN,NaN,0.032723209,Metal-Apple M2 Pro,shin-macbook-pro.local
OPF-polar,pglib_opf_case2869_pegase.m,pglib_opf_case2869_pegase.m,ExaModels,25086,37813,144219,207856,0.000318792,0.000619334,0.000131,0.000731333,0.000851916,NaN,NaN,NaN,0.054183541,Metal-Apple M2 Pro,shin-macbook-pro.local
OPF-polar,pglib_opf_case9241_pegase.m,pglib_opf_case9241_pegase.m,ExaModels,85568,130826,502843,726083,0.000312167,0.000599667,0.000131833,0.000728708,0.000817917,NaN,NaN,NaN,0.129557625,Metal-Apple M2 Pro,shin-macbook-pro.local
OPF-rect,pglib_opf_case118_ieee.m,pglib_opf_case118_ieee.m,ExaModels,1088,1657,6770,8577,0.000335708,0.000793583,0.000133083,0.000806958,0.000950792,NaN,NaN,NaN,0.044463916,Metal-Apple M2 Pro,shin-macbook-pro.local
OPF-rect,pglib_opf_case1354_pegase.m,pglib_opf_case1354_pegase.m,ExaModels,11192,18000,72358,92009,0.000323333,0.000727875,0.000119708,0.000811583,0.000911666,NaN,NaN,NaN,0.050457583,Metal-Apple M2 Pro,shin-macbook-pro.local
OPF-rect,pglib_opf_case2869_pegase.m,pglib_opf_case2869_pegase.m,ExaModels,25086,40682,164860,210171,0.000318041,0.000734709,0.000131708,0.000806083,0.000937333,NaN,NaN,NaN,0.056868917,Metal-Apple M2 Pro,shin-macbook-pro.local
OPF-rect,pglib_opf_case9241_pegase.m,pglib_opf_case9241_pegase.m,ExaModels,85568,140067,571906,730952,0.000286625,0.000718167,0.000124042,0.000801208,0.000917375,NaN,NaN,NaN,0.135985,Metal-Apple M2 Pro,shin-macbook-pro.local
